Workbook
Name _1Excel_BuiltIn_Print_Area_2_1_1_1: #REF!
Name _1Excel_BuiltIn_Print_Area_2_1_1_1: #REF!
Name _1Excel_BuiltIn_Print_Area_2_1_1_1: #REF!
Name _1Excel_BuiltIn_Print_Area_2_1_1_1: #REF!
Name _1Excel_BuiltIn_Print_Area_2_1_1_1: #REF!
Name _1Excel_BuiltIn_Print_Area_2_1_1_1: #REF!
Name _1Excel_BuiltIn_Print_Area_2_1_1_1: #REF!
Name _1Excel_BuiltIn_Print_Area_2_1_1_1: #REF!
Name _1Excel_BuiltIn_Print_Area_2_1_1_1: #REF!
Name _1Excel_BuiltIn_Print_Area_2_1_1_1: #REF!
Name _1Excel_BuiltIn_Print_Area_2_1_1_1: #REF!
Name _2Excel_BuiltIn_Print_Titles_2_1_1_1: "$#REF!.$A$8:$IP$385"
Name add: #REF!
Name add: #REF!
Name add: #REF!
Name add: #REF!
Name add: #REF!
Name Excel_BuiltIn_Print_Area_10_1: #REF!
Name Excel_BuiltIn_Print_Area_10_1: #REF!
Name Excel_BuiltIn_Print_Area_10_1: #REF!
Name Excel_BuiltIn_Print_Area_10_1: #REF!
Name Excel_BuiltIn_Print_Area_10_1: #REF!
Name Excel_BuiltIn_Print_Area_10_1: #REF!
Name Excel_BuiltIn_Print_Area_10_1: #REF!
Name Excel_BuiltIn_Print_Area_10_1: #REF!
Name Excel_BuiltIn_Print_Area_10_1: #REF!
Name Excel_BuiltIn_Print_Area_10_1: #REF!
Name Excel_BuiltIn_Print_Area_10_1: #REF!
Name Excel_BuiltIn_Print_Area_10_1: #REF!
Name Excel_BuiltIn_Print_Area_10_1_1: "$#REF!.$A$8:$M$385"
Name Excel_BuiltIn_Print_Area_11_1: #REF!
Name Excel_BuiltIn_Print_Area_11_1: #REF!
Name Excel_BuiltIn_Print_Area_11_1: #REF!
Name Excel_BuiltIn_Print_Area_11_1: #REF!
Name Excel_BuiltIn_Print_Area_11_1: #REF!
Name Excel_BuiltIn_Print_Area_11_1: #REF!
Name Excel_BuiltIn_Print_Area_11_1: #REF!
Name Excel_BuiltIn_Print_Area_11_1: #REF!
Name Excel_BuiltIn_Print_Area_11_1: #REF!
Name Excel_BuiltIn_Print_Area_11_1: #REF!
Name Excel_BuiltIn_Print_Area_11_1: #REF!
Name Excel_BuiltIn_Print_Area_11_1: #REF!
Name Excel_BuiltIn_Print_Area_11_1_1: "$#REF!.$A$8:$M$385"
Name Excel_BuiltIn_Print_Area_12_1: "$#REF!.$A$8:$M$385"
Name Excel_BuiltIn_Print_Area_13_1: "$#REF!.$A$1:$I$32"
Name Excel_BuiltIn_Print_Area_13_1_1: "$#REF!.$A$8:$M$419"
Name Excel_BuiltIn_Print_Area_14_1: "$#REF!.$A$1:$T$32"
Name Excel_BuiltIn_Print_Area_14_1_1: "$#REF!.$A$8:$M$385"
Name Excel_BuiltIn_Print_Area_15: "$#REF!.$A$1:$U$53"
Name Excel_BuiltIn_Print_Area_15_1: "$#REF!.$A$8:$M$385"
Name Excel_BuiltIn_Print_Area_16: "$#REF!.$A$1:$I$30"
Name Excel_BuiltIn_Print_Area_17: "$#REF!.$A$8:$M$477"
Name Excel_BuiltIn_Print_Area_18: "$#REF!.$A$8:$M$385"
Name Excel_BuiltIn_Print_Area_19: "$#REF!.$A$8:$M$385"
Name Excel_BuiltIn_Print_Area_2_1: #REF!
Name Excel_BuiltIn_Print_Area_2_1: #REF!
Name Excel_BuiltIn_Print_Area_2_1: #REF!
Name Excel_BuiltIn_Print_Area_2_1: #REF!
Name Excel_BuiltIn_Print_Area_2_1: #REF!
Name Excel_BuiltIn_Print_Area_2_1: #REF!

Sheet Summary Of Cost
A1: Three Storeyed RCC Building
A2: 33'-6"x36'-6"x41'-0" Ht;
A3: Total Summary | E3: Date : | F3: =TODAY() -> 46185
A4: No. | B4: Particular | C4: Amount | D4: Remark
A6: 1 | B6: Main Building | C6: ='Summary (Civil)'!D15 -> 477800000 | F6: 459900000 | H6: အုတ်ဖိုးပြောင်း
A7: 2 | B7: Ground Tank | C7: =[1]Summary!$C$13 -> 4900000 | F7: 462500000 | H7: ဘိလပ်မြေဖိုးပြောင်း
A8: 3 | B8: Septic Tank | C8: =[2]Summary!$C$12 -> 3700000 | F8: 478800000 | H8: သစ်ဖိုးပြောင်း
F9: 459000000 | G9: =F9-F10 -> 1600000 | H9: ၉" အုတ်ရိုးထပ်ဖြည့် | J9: =F8-F9 -> 19800000
B10: Total Cost | C10: =SUM(C6:C9) -> 486400000 | F10: 457400000
B11: မြေပြန်ဖြည့်ခ | D11: Backhoe 1 duty
B12: Say (For 1 No.) | C12: =ROUNDDOWN(C10,-4) -> 486400000 | F12: =C12-[3]Summary!$C$14 -> 229100000
B14: Area | D14: Sq-ft
B15: PAE Rate | C15: =C12/C14 -> #DIV/0! | D15: per Sq-ft
B16: Area | C16: ='Summary (Civil)'!D19 -> 5346.844 | D16: Sq-ft | F16: 20000
B17: (33.5*36*4)+16*4+(17.5*4+16*4)*0.4+17.5*4*0.4+(33.5*25+(13.5+16)*3.58)*0.4
B18: PAE Rate | C18: =C12/C16 -> 90969.551 | D18: per Sq-ft | F18: =C16*F16 -> 106936880

Sheet Summary (Civil)
A1: Three Storeyed RCC Building
A2: 33'-6"x36'-6"x41'-0" Ht; | G2: =13+12+11+3 -> 39
A3: Summary | F3: Date : | G3: =TODAY() -> 46185
A4: No. | B4: Particular | D4: Amount | E4: Remark
A6: 1 | B6: Material Cost | D6: =BQ!G61 -> 2.6228171e+08 | G6: =[4]Summary!$C$6+[5]Summary!$C$6 -> 32096652
A7: 2 | B7: Labour Cost | D7: =BQ!G70 -> 1.3939064e+08 | G7: =[4]Summary!$C$7+[5]Summary!$C$7 -> 11754110
B9: Total Cost | D9: =SUM(D6:D7) -> 4.0167235e+08
B10: မြေပြန်ဖြည့်ခ | E10: Backhoe 1 duty
B11: Transportation Charges | C11: 0.03 | D11: =D9*C11 -> 12050171
B12: Preliminary Charges | C12: 0.05 | D12: =(D9+D11)*C12 -> 20686126
B13: Supervision Charges | C13: 0.1 | D13: =(D12+D11+D9)*C13 -> 43440865
B14: Grand Total Cost | D14: =SUM(D9:D13) -> 4.7784951e+08 | G14: =BQ!G74 -> 4.3440865e+08 | H14: =D14-G14 -> 43440865
B15: Say (For 1 No.) | D15: =ROUNDDOWN(D14,-5) -> 477800000 | E15: Main Building | G15: =D15-[3]Summary!$C$14 -> 220500000
B17: Area | E17: Sq-ft
B18: PAE Rate | D18: =D15/D17 -> #DIV/0! | E18: per Sq-ft
B19: Area | D19: =(33.5*36*4)+16*4+(17.5*4+16*4)*0.4+17.5*4*0.4+(33.5*25+(13.5+16)*3.58)*0.4 -> 5346.844 | F19: =45*34 -> 1530
B20: PAE Rate | D20: =D15/D19 -> 89361.126 | E20: Main Builing

Sheet Abstract of Cost
A1: Project : Three Storeyed RCC Residential Building, Magway
A2: Work Item : Main Building ( Civil Work )
A3: Abstract Of Cost
A4: No | B4: Particular | C4: Quantity | D4: Nos | E4: Rate | F4: Per | G4: Amount
A6: 1 | B6: =VLOOKUP(A6,'Builder Estimate'!A:H,2,FALSE) -> Site Clearing Work | C6: =VLOOKUP(A6,'Builder Estimate'!A:H,3,FALSE) -> 3246.75 | D6: =VLOOKUP(A6,'Builder Estimate'!$A:$H,4,FALSE) -> 3246.75 | E6: =G6/C6 -> 217.8 | F6: =VLOOKUP(A6,'Builder Estimate'!$A:$H,5,FALSE) -> Sft | G6: =VLOOKUP(A6,'Builder Estimate'!$A:$H,8,FALSE) -> 707142.15
A8: 2 | B8: =VLOOKUP(A8,'Builder Estimate'!A:H,2,FALSE) -> Surveying & Leveling Work | C8: =VLOOKUP(A8,'Builder Estimate'!A:H,3,FALSE) -> 2206.75 | D8: =VLOOKUP(A8,'Builder Estimate'!$A:$H,4,FALSE) -> 2206.75 | E8: =G8/C8 -> 83.93 | F8: =VLOOKUP(A8,'Builder Estimate'!$A:$H,5,FALSE) -> Sft | G8: =VLOOKUP(A8,'Builder Estimate'!$A:$H,8,FALSE) -> 185212.53
A10: 3 | B10: =VLOOKUP(A10,'Builder Estimate'!A:H,2,FALSE) -> Earth Work Excavating Foundation in Ordinary Soil to a depth of 5Ft. | C10: =VLOOKUP(A10,'Builder Estimate'!A:H,3,FALSE) -> 11624.031 | D10: =VLOOKUP(A10,'Builder Estimate'!$A:$H,4,FALSE) -> 11624.031 | E10: =G10/C10 -> 435.6 | F10: =VLOOKUP(A10,'Builder Estimate'!$A:$H,5,FALSE) -> Cft | G10: =VLOOKUP(A10,'Builder Estimate'!$A:$H,8,FALSE) -> 5063428
A12: 4 | B12: =VLOOKUP(A12,'Builder Estimate'!A:H,2,FALSE) -> Plumb Concrete with (6"x9") Stone and (1:3:6)Lean Concrete | C12: =VLOOKUP(A12,'Builder Estimate'!A:H,3,FALSE) -> 1375.625 | D12: =VLOOKUP(A12,'Builder Estimate'!$A:$H,4,FALSE) -> 1375.625 | E12: =G12/C12 -> 5295.9675 | F12: =VLOOKUP(A12,'Builder Estimate'!$A:$H,5,FALSE) -> Cft | G12: =VLOOKUP(A12,'Builder Estimate'!$A:$H,8,FALSE) -> 7285265.3
B13: HardCore
B14: (1:3:6) Concrete
A16: 5 | B16: =VLOOKUP(A16,'Builder Estimate'!A:H,2,FALSE) -> Hardcore Filling Work | C16: =VLOOKUP(A16,'Builder Estimate'!A:H,3,FALSE) -> 454.10417 | D16: =VLOOKUP(A16,'Builder Estimate'!$A:$H,4,FALSE) -> 454.10417 | E16: =G16/C16 -> 2966.15 | F16: =VLOOKUP(A16,'Builder Estimate'!$A:$H,5,FALSE) -> Cft | G16: =VLOOKUP(A16,'Builder Estimate'!$A:$H,8,FALSE) -> 1346941.1
A18: 6 | B18: =VLOOKUP(A18,'Builder Estimate'!A:H,2,FALSE) -> 1:3:6 Lean Concrete Laying Work | C18: =VLOOKUP(A18,'Builder Estimate'!A:H,3,FALSE) -> 779.45833 | D18: =VLOOKUP(A18,'Builder Estimate'!$A:$H,4,FALSE) -> 779.45833 | E18: =G18/C18 -> 6283.9857 | F18: =VLOOKUP(A18,'Builder Estimate'!$A:$H,5,FALSE) -> Cft | G18: =VLOOKUP(A18,'Builder Estimate'!$A:$H,8,FALSE) -> 4898105
A20: 7 | B20: =VLOOKUP(A20,'Builder Estimate'!A:H,2,FALSE) -> Sand Filling Work | C20: =VLOOKUP(A20,'Builder Estimate'!A:H,3,FALSE) -> 2236.875 | D20: =VLOOKUP(A20,'Builder Estimate'!$A:$H,4,FALSE) -> 2236.875 | E20: =G20/C20 -> 905.3 | F20: =VLOOKUP(A20,'Builder Estimate'!$A:$H,5,FALSE) -> Cft | G20: =VLOOKUP(A20,'Builder Estimate'!$A:$H,8,FALSE) -> 2025042.9
A22: 8 | B22: =VLOOKUP(A22,'Builder Estimate'!A:H,2,FALSE) -> 1:2:4 Reinforced Cement Concrete Work | C22: =VLOOKUP(A22,'Builder Estimate'!A:H,3,FALSE) -> 6206.1623 | D22: =VLOOKUP(A22,'Builder Estimate'!$A:$H,4,FALSE) -> 6206.1623 | E22: =G22/C22 -> 9313.3767 | F22: =VLOOKUP(A22,'Builder Estimate'!$A:$H,5,FALSE) -> Cft | G22: =VLOOKUP(A22,'Builder Estimate'!$A:$H,8,FALSE) -> 57800327
A24: 9 | B24: =VLOOKUP(A24,'Builder Estimate'!A:H,2,FALSE) -> Earth Filling & Watering Work | C24: =VLOOKUP(A24,'Builder Estimate'!A:H,3,FALSE) -> 8322.6019 | D24: =VLOOKUP(A24,'Builder Estimate'!$A:$H,4,FALSE) -> 8322.6019 | E24: =G24/C24 -> 217.8 | F24: =VLOOKUP(A24,'Builder Estimate'!$A:$H,5,FALSE) -> Cft | G24: =VLOOKUP(A24,'Builder Estimate'!$A:$H,8,FALSE) -> 1812662.7
A26: 10 | B26: =VLOOKUP(A26,'Builder Estimate'!A:H,2,FALSE) -> Form Work - 3 Time Used | C26: =VLOOKUP(A26,'Builder Estimate'!A:H,3,FALSE) -> 12491.302 | D26: =VLOOKUP(A26,'Builder Estimate'!$A:$H,4,FALSE) -> 12491.302 | E26: =G26/C26 -> 8023.6292 | F26: =VLOOKUP(A26,'Builder Estimate'!$A:$H,5,FALSE) -> Sft | G26: =VLOOKUP(A26,'Builder Estimate'!$A:$H,8,FALSE) -> 1.0022558e+08
A28: 11(a) | B28: =VLOOKUP(A28,'Builder Estimate'!A:H,2,FALSE) -> Mild Steel Work for Footing | C28: =VLOOKUP(A28,'Builder Estimate'!A:H,3,FALSE) -> 9.1803088 | D28: =VLOOKUP(A28,'Builder Estimate'!$A:$H,4,FALSE) -> 9.1803088 | E28: =G28/C28 -> 4099700 | F28: =VLOOKUP(A28,'Builder Estimate'!$A:$H,5,FALSE) -> Ton | G28: =VLOOKUP(A28,'Builder Estimate'!$A:$H,8,FALSE) -> 37636512
A30: 11(b) | B30: =VLOOKUP(A30,'Builder Estimate'!A:H,2,FALSE) -> Mild Steel Work for Basement Wall | C30: =VLOOKUP(A30,'Builder Estimate'!A:H,3,FALSE) -> 1.3835556 | D30: =VLOOKUP(A30,'Builder Estimate'!$A:$H,4,FALSE) -> 1.3835556 | E30: =G30/C30 -> 3835904.7 | F30: =VLOOKUP(A30,'Builder Estimate'!$A:$H,5,FALSE) -> Ton | G30: =VLOOKUP(A30,'Builder Estimate'!$A:$H,8,FALSE) -> 5307187.3
A32: 11(c) | B32: =VLOOKUP(A32,'Builder Estimate'!A:H,2,FALSE) -> Mild Steel Work for Column | C32: =VLOOKUP(A32,'Builder Estimate'!A:H,3,FALSE) -> 3.9821284 | D32: =VLOOKUP(A32,'Builder Estimate'!$A:$H,4,FALSE) -> 3.9821284 | E32: =G32/C32 -> 4172661.1 | F32: =VLOOKUP(A32,'Builder Estimate'!$A:$H,5,FALSE) -> Ton | G32: =VLOOKUP(A32,'Builder Estimate'!$A:$H,8,FALSE) -> 16616072
A34: 11(d) | B34: =VLOOKUP(A34,'Builder Estimate'!A:H,2,FALSE) -> Mild Steel Work for Beam | C34: =VLOOKUP(A34,'Builder Estimate'!A:H,3,FALSE) -> 7.5441725 | D34: =VLOOKUP(A34,'Builder Estimate'!$A:$H,4,FALSE) -> 7.5441725 | E34: =G34/C34 -> 4105912 | F34: =VLOOKUP(A34,'Builder Estimate'!$A:$H,5,FALSE) -> Ton | G34: =VLOOKUP(A34,'Builder Estimate'!$A:$H,8,FALSE) -> 30975709
A36: 11(e) | B36: =VLOOKUP(A36,'Builder Estimate'!A:H,2,FALSE) -> Mild Steel Work for Slab | C36: =VLOOKUP(A36,'Builder Estimate'!A:H,3,FALSE) -> 8.8262704 | D36: =VLOOKUP(A36,'Builder Estimate'!$A:$H,4,FALSE) -> 8.8262704 | E36: =G36/C36 -> 4087670.6 | F36: =VLOOKUP(A36,'Builder Estimate'!$A:$H,5,FALSE) -> Ton | G36: =VLOOKUP(A36,'Builder Estimate'!$A:$H,8,FALSE) -> 36078886
A38: 11(f) | B38: =VLOOKUP(A38,'Builder Estimate'!A:H,2,FALSE) -> Mild Steel Work for Stiffner | C38: =VLOOKUP(A38,'Builder Estimate'!A:H,3,FALSE) -> 1.8414569 | D38: =VLOOKUP(A38,'Builder Estimate'!$A:$H,4,FALSE) -> 1.8414569 | E38: =G38/C38 -> 4661323 | F38: =VLOOKUP(A38,'Builder Estimate'!$A:$H,5,FALSE) -> Ton | G38: =VLOOKUP(A38,'Builder Estimate'!$A:$H,8,FALSE) -> 8583625.3
A40: 12 | B40: =VLOOKUP(A40,'Builder Estimate'!A:H,2,FALSE) -> 1½" thk; 1:2:4 Cement Concrete | C40: =VLOOKUP(A40,'Builder Estimate'!A:H,3,FALSE) -> 4865.5 | D40: =VLOOKUP(A40,'Builder Estimate'!$A:$H,4,FALSE) -> 4865.5 | E40: =G40/C40 -> 1294.0025 | F40: =VLOOKUP(A40,'Builder Estimate'!$A:$H,5,FALSE) -> Sft | G40: =VLOOKUP(A40,'Builder Estimate'!$A:$H,8,FALSE) -> 6295969.4
A42: 13 | B42: =VLOOKUP(A42,'Builder Estimate'!A:H,2,FALSE) -> 9" & above Thk Brick Retaining Wall | C42: =VLOOKUP(A42,'Builder Estimate'!A:H,3,FALSE) -> 752.53906 | D42: =VLOOKUP(A42,'Builder Estimate'!$A:$H,4,FALSE) -> 752.53906 | E42: =G42/C42 -> 8301.6214 | F42: =VLOOKUP(A42,'Builder Estimate'!$A:$H,5,FALSE) -> Cft | G42: =VLOOKUP(A42,'Builder Estimate'!$A:$H,8,FALSE) -> 6247294.4
A44: 14 | B44: =VLOOKUP(A44,'Builder Estimate'!A:H,2,FALSE) -> 4½" thk; Brick Walling With 1:3 Cement Mortar | C44: =VLOOKUP(A44,'Builder Estimate'!A:H,3,FALSE) -> 6536.9306 | D44: =VLOOKUP(A44,'Builder Estimate'!$A:$H,4,FALSE) -> 6536.9306 | E44: =G44/C44 -> 3906.705 | F44: =VLOOKUP(A44,'Builder Estimate'!$A:$H,5,FALSE) -> Sft | G44: =VLOOKUP(A44,'Builder Estimate'!$A:$H,8,FALSE) -> 25537859
A46: 15 | B46: =VLOOKUP(A46,'Builder Estimate'!A:H,2,FALSE) -> 3/4" thk; 1:3 Cement Mortar Plastering Work | C46: =VLOOKUP(A46,'Builder Estimate'!A:H,3,FALSE) -> 17350.625 | D46: =VLOOKUP(A46,'Builder Estimate'!$A:$H,4,FALSE) -> 17350.625 | E46: =G46/C46 -> 1687.1545 | F46: =VLOOKUP(A46,'Builder Estimate'!$A:$H,5,FALSE) -> Sft | G46: =VLOOKUP(A46,'Builder Estimate'!$A:$H,8,FALSE) -> 29273184
A48: 16 | B48: =VLOOKUP(A48,'Builder Estimate'!A:H,2,FALSE) -> Making Door Chowket | C48: =VLOOKUP(A48,'Builder Estimate'!A:H,3,FALSE) -> 268.16667 | D48: =VLOOKUP(A48,'Builder Estimate'!$A:$H,4,FALSE) -> 268.16667 | E48: =G48/C48 -> 14056.34 | F48: =VLOOKUP(A48,'Builder Estimate'!$A:$H,5,FALSE) -> Rft | G48: =VLOOKUP(A48,'Builder Estimate'!$A:$H,8,FALSE) -> 3769441.8
A50: 17 | B50: =VLOOKUP(A50,'Builder Estimate'!A:H,2,FALSE) -> Scaffolding Works With Bamboo ,Double Layer | C50: =VLOOKUP(A50,'Builder Estimate'!A:H,3,FALSE) -> 7380 | D50: =VLOOKUP(A50,'Builder Estimate'!$A:$H,4,FALSE) -> 7380 | E50: =G50/C50 -> 746.31944 | F50: =VLOOKUP(A50,'Builder Estimate'!$A:$H,5,FALSE) -> Sft | G50: =VLOOKUP(A50,'Builder Estimate'!$A:$H,8,FALSE) -> 5507837.5
A52: 18 | B52: =VLOOKUP(A52,'Builder Estimate'!A:H,2,FALSE) -> False Work | C52: =VLOOKUP(A52,'Builder Estimate'!A:H,3,FALSE) -> 495 | D52: =VLOOKUP(A52,'Builder Estimate'!$A:$H,4,FALSE) -> 450 | E52: =G52/C52 -> 8962.963 | F52: =VLOOKUP(A52,'Builder Estimate'!$A:$H,5,FALSE) -> Nos. | G52: =VLOOKUP(A52,'Builder Estimate'!$A:$H,8,FALSE) -> 4436666.7
A54: 19 | B54: =VLOOKUP(A54,'Builder Estimate'!A:H,2,FALSE) -> Water Stopper (or) Polyswell Installation | C54: =VLOOKUP(A54,'Builder Estimate'!A:H,3,FALSE) -> 127.66667 | D54: =VLOOKUP(A54,'Builder Estimate'!$A:$H,4,FALSE) -> 127.66667 | E54: =G54/C54 -> 6800 | F54: =VLOOKUP(A54,'Builder Estimate'!$A:$H,5,FALSE) -> Rft | G54: =VLOOKUP(A54,'Builder Estimate'!$A:$H,8,FALSE) -> 868133.33
A56: 20 | B56: =VLOOKUP(A56,'Builder Estimate'!A:H,2,FALSE) -> Water Proofing Membrane with Polyfoam | C56: =VLOOKUP(A56,'Builder Estimate'!A:H,3,FALSE) -> 522.66667 | D56: =VLOOKUP(A56,'Builder Estimate'!$A:$H,4,FALSE) -> 522.66667 | E56: =G56/C56 -> 6100 | F56: =VLOOKUP(A56,'Builder Estimate'!$A:$H,5,FALSE) -> Sft | G56: =VLOOKUP(A56,'Builder Estimate'!$A:$H,8,FALSE) -> 3188266.7
B58: Total Cost | G58: =SUM(G6:G57) -> 4.0167235e+08 | H58: ='Builder Estimate'!H648 -> 4.0167235e+08 | I58: =G58-H58 -> 0
B59: Transportation Charges | F59: 0.03 | G59: =G58*F59 -> 12050171
B60: Preliminary Charges | F60: 0.05 | G60: =(G59+G58)*F60 -> 20686126
B61: Supervision Charges | F61: 0.1
B62: Grand Total Cost | G62: =SUM(G58:G61) -> 4.3440865e+08

Sheet BQ
A1: Project : Three Storeyed RCC Residential Building, Magway
A2: Work Item : Main Building ( Civil Work )
A3: Bill Of Quantity
A4: No | B4: Particular | C4: Quantity | D4: Unit | E4: Rate | F4: Per | G4: Amount
B6: Materials
A7: 1 | B7: Cement | C7: =SUMIF('Builder Estimate'!$B$6:$B$645,B7,'Builder Estimate'!$C$6:$C$645) -> 2291.2145 | D7: =VLOOKUP(B7,'Builder Estimate'!$B:$H,4,FALSE) -> Bag | E7: =VLOOKUP(B7,'Price '!B:D,3,FALSE) -> 18400 | F7: =VLOOKUP(B7,'Price '!$B:$D,2,FALSE) -> Bags | G7: =E7*C7 -> 42158346
A8: 2 | B8: Sand | C8: =SUMIF('Builder Estimate'!$B$6:$B$645,B8,'Builder Estimate'!$C$6:$C$645) -> 99.348876 | D8: =VLOOKUP(B8,'Builder Estimate'!$B:$H,4,FALSE) -> Sud | E8: =VLOOKUP(B8,'Price '!B:D,3,FALSE) -> 50000 | F8: =VLOOKUP(B8,'Price '!$B:$D,2,FALSE) -> Suds | G8: =E8*C8 -> 4967443.8
A9: 3 | B9: Aggregate | C9: =SUMIF('Builder Estimate'!$B$6:$B$645,B9,'Builder Estimate'!$C$6:$C$645) -> 86.8723 | D9: =VLOOKUP(B9,'Builder Estimate'!$B:$H,4,FALSE) -> Sud | E9: =VLOOKUP(B9,'Price '!B:D,3,FALSE) -> 130000 | F9: =VLOOKUP(B9,'Price '!$B:$D,2,FALSE) -> Suds | G9: =E9*C9 -> 11293399
A10: 4 | B10: 6" x 9" Stone | C10: =SUMIF('Builder Estimate'!$B$6:$B$645,B10,'Builder Estimate'!$C$6:$C$645) -> 10.541059 | D10: =VLOOKUP(B10,'Builder Estimate'!$B:$H,4,FALSE) -> Sud | E10: =VLOOKUP(B10,'Price '!B:D,3,FALSE) -> 220000 | F10: =VLOOKUP(B10,'Price '!$B:$D,2,FALSE) -> Suds | G10: =E10*C10 -> 2319033.1
A11: 5 | B11: Jungle Wood | C11: =SUMIF('Builder Estimate'!$B$6:$B$645,B11,'Builder Estimate'!$C$6:$C$645) -> 18.356988 | D11: =VLOOKUP(B11,'Builder Estimate'!$B:$H,4,FALSE) -> Ton | E11: =VLOOKUP(B11,'Price '!B:D,3,FALSE) -> 2500000 | F11: =VLOOKUP(B11,'Price '!$B:$D,2,FALSE) -> Ton | G11: =E11*C11 -> 45892471
A12: 6 | B12: 5-plywood | C12: =SUMIF('Builder Estimate'!$B$6:$B$645,B12,'Builder Estimate'!$C$6:$C$645) -> 157.44246 | D12: =VLOOKUP(B12,'Builder Estimate'!$B:$H,4,FALSE) -> Nos | E12: =VLOOKUP(B12,'Price '!B:D,3,FALSE) -> 75000 | F12: =VLOOKUP(B12,'Price '!$B:$D,2,FALSE) -> Sht | G12: =E12*C12 -> 11808184
A13: 7 | B13: Wire Nail | C13: =SUMIF('Builder Estimate'!$B$6:$B$645,B13,'Builder Estimate'!$C$6:$C$645) -> 261.63189 | D13: =VLOOKUP(B13,'Builder Estimate'!$B:$H,4,FALSE) -> Viss | E13: =VLOOKUP(B13,'Price '!B:D,3,FALSE) -> 12000 | F13: =VLOOKUP(B13,'Price '!$B:$D,2,FALSE) -> Viss | G13: =E13*C13 -> 3139582.7
A14: 8 | B14: Fuel | C14: =SUMIF('Builder Estimate'!$B$6:$B$645,B14,'Builder Estimate'!$C$6:$C$645) -> 136.53557 | D14: =VLOOKUP(B14,'Builder Estimate'!$B:$H,4,FALSE) -> Gal | E14: =VLOOKUP(B14,'Price '!B:D,3,FALSE) -> 20000 | F14: =VLOOKUP(B14,'Price '!$B:$D,2,FALSE) -> Gal | G14: =E14*C14 -> 2730711.4
A15: 9 | B15: Impermo | C15: =SUMIF('Builder Estimate'!$B$6:$B$645,B15,'Builder Estimate'!$C$6:$C$645) -> 66 | D15: =VLOOKUP(B15,'Builder Estimate'!$B:$H,4,FALSE) -> Bag | E15: =VLOOKUP(B15,'Price '!B:D,3,FALSE) -> 7500 | F15: =VLOOKUP(B15,'Price '!$B:$D,2,FALSE) -> Bag | G15: =E15*C15 -> 495000
A16: 10 | B16: Sikament-9 | C16: =SUMIF('Builder Estimate'!$B$6:$B$645,B16,'Builder Estimate'!$C$6:$C$645) -> 166.87408 | D16: =VLOOKUP(B16,'Builder Estimate'!$B:$H,4,FALSE) -> Lit | E16: =VLOOKUP(B16,'Price '!B:D,3,FALSE) -> 14700 | F16: =VLOOKUP(B16,'Price '!$B:$D,2,FALSE) -> Lit | G16: =E16*C16 -> 2453048.9
A17: 11 | B17: Bonding Agent | C17: =SUMIF('Builder Estimate'!$B$6:$B$645,B17,'Builder Estimate'!$C$6:$C$645) -> 165.88269 | D17: =VLOOKUP(B17,'Builder Estimate'!$B:$H,4,FALSE) -> Lit | E17: =VLOOKUP(B17,'Price '!B:D,3,FALSE) -> 14950 | F17: =VLOOKUP(B17,'Price '!$B:$D,2,FALSE) -> Lit | G17: =E17*C17 -> 2479946.2
A18: 12 | B18: Sikadur 31CF | C18: =SUMIF('Builder Estimate'!$B$6:$B$645,B18,'Builder Estimate'!$C$6:$C$645) -> 4.4 | D18: =VLOOKUP(B18,'Builder Estimate'!$B:$H,4,FALSE) -> Set | E18: =VLOOKUP(B18,'Price '!B:D,3,FALSE) -> 120000 | F18: =VLOOKUP(B18,'Price '!$B:$D,2,FALSE) -> Set | G18: =E18*C18 -> 528000
A19: 13 | B19: Ø 16mm Deform Bar | C19: ='Bill of Quantity'!C19+'Bill of Quantity'!C22+'Bill of Quantity'!C25+'Bill of Quantity'!C28 -> 19.788707 | D19: Ton | E19: =VLOOKUP(B19,'Price '!B:D,3,FALSE) -> 2420000 | F19: =D19 -> Ton | G19: =E19*C19 -> 47888671 | H19: =SUM(C19:C22) -> 37.835366
A20: 14 | B20: Ø 12mm Deform Bar | C20: ='Bill of Quantity'!C29+'Bill of Quantity'!C26+'Bill of Quantity'!C20 -> 2.1865999 | D20: Ton | E20: =VLOOKUP(B20,'Price '!B:D,3,FALSE) -> 2060000 | F20: =D20 -> Ton | G20: =E20*C20 -> 4504395.9
A21: 15 | B21: Ø 10mm Deform Bar | C21: ='Bill of Quantity'!C21+'Bill of Quantity'!C23+'Bill of Quantity'!C27+'Bill of Quantity'!C30+'Bill of Quantity'!C31 -> 14.623494 | D21: Ton | E21: =VLOOKUP(B21,'Price '!B:D,3,FALSE) -> 2450000 | F21: =D21 -> Ton | G21: =E21*C21 -> 35827561
A22: 16 | B22: Ø 6.5mm Deform Bar | C22: ='Bill of Quantity'!C32+'Bill of Quantity'!C24 -> 1.2365646 | D22: Ton | E22: =VLOOKUP(B22,'Price '!B:D,3,FALSE) -> 3430000 | F22: =D22 -> Ton | G22: =E22*C22 -> 4241416.6
A23: 17 | B23: Binding Wire | C23: =SUMIF('Builder Estimate'!$B$6:$B$645,B23,'Builder Estimate'!$C$6:$C$645) -> 720.67364 | D23: =VLOOKUP(B23,'Builder Estimate'!$B:$H,4,FALSE) -> lbs | E23: =VLOOKUP(B23,'Price '!B:D,3,FALSE) -> 12000 | F23: =VLOOKUP(B23,'Price '!$B:$D,2,FALSE) -> Lbs | G23: =E23*C23 -> 8648083.7
A24: 18 | B24: Plastic Sheet | C24: =SUMIF('Builder Estimate'!$B$6:$B$645,B24,'Builder Estimate'!$C$6:$C$645) -> 247.5 | D24: =VLOOKUP(B24,'Builder Estimate'!$B:$H,4,FALSE) -> Rft | E24: =VLOOKUP(B24,'Price '!B:D,3,FALSE) -> 1500 | F24: =VLOOKUP(B24,'Price '!$B:$D,2,FALSE) -> Rft | G24: =E24*C24 -> 371250
A25: 19 | B25: Brick( 3 Hole Brick ) | C25: =SUMIF('Builder Estimate'!$B$6:$B$645,B25,'Builder Estimate'!$C$6:$C$645) -> 50723.635 | D25: =VLOOKUP(B25,'Builder Estimate'!$B:$H,4,FALSE) -> Nos | E25: =VLOOKUP(B25,'Price '!B:D,3,FALSE) -> 285 | F25: =VLOOKUP(B25,'Price '!$B:$D,2,FALSE) -> Nos | G25: =E25*C25 -> 14456236
A26: 20 | B26: X-met (2-1/2" Wide) | C26: =SUMIF('Builder Estimate'!$B$6:$B$645,B26,'Builder Estimate'!$C$6:$C$645) -> 9096.1389 | D26: =VLOOKUP(B26,'Builder Estimate'!$B:$H,4,FALSE) -> Rft | E26: =VLOOKUP(B26,'Price '!B:D,3,FALSE) -> 170 | F26: =VLOOKUP(B26,'Price '!$B:$D,2,FALSE) -> Rft | G26: =E26*C26 -> 1546343.6
A27: 21 | B27: 5"x3" Chowket | C27: =SUMIF('Builder Estimate'!$B$6:$B$645,B27,'Builder Estimate'!$C$6:$C$645) -> 25.41 | D27: =VLOOKUP(B27,'Builder Estimate'!$B:$H,4,FALSE) -> Rft | E27: =VLOOKUP(B27,'Price '!B:D,3,FALSE) -> 14000 | F27: =VLOOKUP(B27,'Price '!$B:$D,2,FALSE) -> Rft | G27: =E27*C27 -> 355740
A28: 22 | B28: 5"x2" Chowket | C28: =SUMIF('Builder Estimate'!$B$6:$B$645,B28,'Builder Estimate'!$C$6:$C$645) -> 284.3225 | D28: =VLOOKUP(B28,'Builder Estimate'!$B:$H,4,FALSE) -> Rft | E28: =VLOOKUP(B28,'Price '!B:D,3,FALSE) -> 9500 | F28: =VLOOKUP(B28,'Price '!$B:$D,2,FALSE) -> Rft | G28: =E28*C28 -> 2701063.8
A29: 23 | B29: Chowket Bracket | C29: =SUMIF('Builder Estimate'!$B$6:$B$645,B29,'Builder Estimate'!$C$6:$C$645) -> 165 | D29: =VLOOKUP(B29,'Builder Estimate'!$B:$H,4,FALSE) -> Nos. | E29: =VLOOKUP(B29,'Price '!B:D,3,FALSE) -> 450 | F29: =VLOOKUP(B29,'Price '!$B:$D,2,FALSE) -> Nos. | G29: =E29*C29 -> 74250
A30: 24 | B30: Coal Tar | C30: =SUMIF('Builder Estimate'!$B$6:$B$645,B30,'Builder Estimate'!$C$6:$C$645) -> 11 | D30: =VLOOKUP(B30,'Builder Estimate'!$B:$H,4,FALSE) -> Bottle | E30: =VLOOKUP(B30,'Price '!B:D,3,FALSE) -> 12000 | F30: =VLOOKUP(B30,'Price '!$B:$D,2,FALSE) -> Bottle | G30: =E30*C30 -> 132000
A31: 33 | B31: Ready Made Teak Door Leaf | C31: =SUMIF('Builder Estimate'!$B$7:$B$622,$B$6:$B$67,'Builder Estimate'!$D$7:$D$622) -> 374.08333 | D31: =VLOOKUP(B31,'Builder Estimate'!$B:$H,4,FALSE) -> Sqft | E31: =VLOOKUP(B31,'Price '!B:D,3,FALSE) -> 0 | F31: =VLOOKUP(B31,'Price '!$B:$D,2,FALSE) -> Sft | G31: =E31*C31 -> 0
A32: 34 | B32: Door Lock | C32: =SUMIF('Builder Estimate'!$B$7:$B$622,$B$6:$B$67,'Builder Estimate'!$D$7:$D$622) -> 15 | D32: =VLOOKUP(B32,'Builder Estimate'!$B:$H,4,FALSE) -> Nos | E32: =VLOOKUP(B32,'Price '!B:D,3,FALSE) -> 0 | F32: =VLOOKUP(B32,'Price '!$B:$D,2,FALSE) -> Nos | G32: =E32*C32 -> 0
A33: 35 | B33: 4" Butt Hinge | C33: =SUMIF('Builder Estimate'!$B$7:$B$622,$B$6:$B$67,'Builder Estimate'!$D$7:$D$622) -> 45 | D33: =VLOOKUP(B33,'Builder Estimate'!$B:$H,4,FALSE) -> Nos | E33: =VLOOKUP(B33,'Price '!B:D,3,FALSE) -> 0 | F33: =VLOOKUP(B33,'Price '!$B:$D,2,FALSE) -> Nos | G33: =E33*C33 -> 0
A34: 36 | B34: 6" Hand Rail | C34: =SUMIF('Builder Estimate'!$B$7:$B$622,$B$6:$B$67,'Builder Estimate'!$D$7:$D$622) -> 15 | D34: =VLOOKUP(B34,'Builder Estimate'!$B:$H,4,FALSE) -> Nos | E34: =VLOOKUP(B34,'Price '!B:D,3,FALSE) -> 0 | F34: =VLOOKUP(B34,'Price '!$B:$D,2,FALSE) -> Nos | G34: =E34*C34 -> 0
A35: 37 | B35: Hook & Eye | C35: =SUMIF('Builder Estimate'!$B$7:$B$622,$B$6:$B$67,'Builder Estimate'!$D$7:$D$622) -> 15 | D35: =VLOOKUP(B35,'Builder Estimate'!$B:$H,4,FALSE) -> Nos | E35: =VLOOKUP(B35,'Price '!B:D,3,FALSE) -> 0 | F35: =VLOOKUP(B35,'Price '!$B:$D,2,FALSE) -> Nos | G35: =E35*C35 -> 0
A36: 38 | B36: Wood Screw | C36: =SUMIF('Builder Estimate'!$B$7:$B$622,$B$6:$B$67,'Builder Estimate'!$D$7:$D$622) -> 0 | D36: =VLOOKUP(B36,'Builder Estimate'!$B:$H,4,FALSE) -> Lbs | E36: =VLOOKUP(B36,'Price '!B:D,3,FALSE) -> 0 | F36: =VLOOKUP(B36,'Price '!$B:$D,2,FALSE) -> Lbs | G36: =E36*C36 -> 0
A37: 39 | B37: Aluminium & Glass | C37: =SUMIF('Builder Estimate'!$B$7:$B$622,$B$6:$B$67,'Builder Estimate'!$D$7:$D$622) -> 0 | D37: =VLOOKUP(B37,'Builder Estimate'!$B:$H,4,FALSE) -> Sft | E37: =VLOOKUP(B37,'Price '!B:D,3,FALSE) -> 0 | F37: =VLOOKUP(B37,'Price '!$B:$D,2,FALSE) -> 0 | G37: =E37*C37 -> 0
A38: 40 | B38: Emulsion Paint | C38: =SUMIF('Builder Estimate'!$B$7:$B$622,$B$6:$B$67,'Builder Estimate'!$D$7:$D$622) -> 0 | D38: =VLOOKUP(B38,'Builder Estimate'!$B:$H,4,FALSE) -> Gal | E38: =VLOOKUP(B38,'Price '!B:D,3,FALSE) -> 0 | F38: =VLOOKUP(B38,'Price '!$B:$D,2,FALSE) -> Gal | G38: =E38*C38 -> 0
A39: 41 | B39: Roller | C39: =SUMIF('Builder Estimate'!$B$7:$B$622,$B$6:$B$67,'Builder Estimate'!$D$7:$D$622) -> 0 | D39: =VLOOKUP(B39,'Builder Estimate'!$B:$H,4,FALSE) -> Nos | E39: =VLOOKUP(B39,'Price '!B:D,3,FALSE) -> 0 | F39: =VLOOKUP(B39,'Price '!$B:$D,2,FALSE) -> Nos | G39: =E39*C39 -> 0
A40: 42 | B40: Putty (Walling) | C40: =SUMIF('Builder Estimate'!$B$7:$B$622,$B$6:$B$67,'Builder Estimate'!$D$7:$D$622) -> 0 | D40: =VLOOKUP(B40,'Builder Estimate'!$B:$H,4,FALSE) -> Gal | E40: =VLOOKUP(B40,'Price '!B:D,3,FALSE) -> 0 | F40: =VLOOKUP(B40,'Price '!$B:$D,2,FALSE) -> Gal | G40: =E40*C40 -> 0
A41: 43 | B41: Sand Paper | C41: =SUMIF('Builder Estimate'!$B$7:$B$622,$B$6:$B$67,'Builder Estimate'!$D$7:$D$622) -> 0 | D41: =VLOOKUP(B41,'Builder Estimate'!$B:$H,4,FALSE) -> Dz | E41: =VLOOKUP(B41,'Price '!B:D,3,FALSE) -> 0 | F41: =VLOOKUP(B41,'Price '!$B:$D,2,FALSE) -> Doz | G41: =E41*C41 -> 0
A42: 44 | B42: Putty Trowel | C42: =SUMIF('Builder Estimate'!$B$7:$B$622,$B$6:$B$67,'Builder Estimate'!$D$7:$D$622) -> 0 | D42: =VLOOKUP(B42,'Builder Estimate'!$B:$H,4,FALSE) -> Nos | E42: =VLOOKUP(B42,'Price '!B:D,3,FALSE) -> 0 | F42: =VLOOKUP(B42,'Price '!$B:$D,2,FALSE) -> Nos | G42: =E42*C42 -> 0
... A50: 52 | B50: White Cement | C50: =SUMIF('Builder Estimate'!$B$7:$B$622,$B$6:$B$67,'Builder Estimate'!$D$7:$D$622) -> 0 | D50: =VLOOKUP(B50,'Builder Estimate'!$B:$H,4,FALSE) -> Lbs | E50: =VLOOKUP(B50,'Price '!B:D,3,FALSE) -> 0 | F50: =VLOOKUP(B50,'Price '!$B:$D,2,FALSE) -> Lbs | G50: =E50*C50 -> 0
A51: 53 | B51: Stainless Steel & Glass Handrail Work ( M + L ) | C51: =SUMIF('Builder Estimate'!$B$7:$B$622,$B$6:$B$67,'Builder Estimate'!$D$7:$D$622) -> 48 | D51: =VLOOKUP(B51,'Builder Estimate'!$B:$H,4,FALSE) -> Rft | E51: =VLOOKUP(B51,'Price '!B:D,3,FALSE) -> 0 | F51: =D51 -> Rft | G51: =E51*C51 -> 0
A52: 54 | B52: Water Stopper Installation (M+L) | C52: =SUMIF('Builder Estimate'!$B$7:$B$622,$B$6:$B$67,'Builder Estimate'!$D$7:$D$622) -> 0 | D52: =VLOOKUP(B52,'Builder Estimate'!$B:$H,4,FALSE) -> Rft | E52: =VLOOKUP(B52,'Price '!B:D,3,FALSE) -> 6800 | F52: =D52 -> Rft | G52: =E52*C52 -> 0
A53: 55 | B53: Water Proofing Membrane Installation(M+L) | C53: =SUMIF('Builder Estimate'!$B$7:$B$622,$B$6:$B$67,'Builder Estimate'!$D$7:$D$622) -> 0 | D53: =VLOOKUP(B53,'Builder Estimate'!$B:$H,4,FALSE) -> Sft | E53: =VLOOKUP(B53,'Price '!B:D,3,FALSE) -> 6100 | F53: =D53 -> Sft | G53: =E53*C53 -> 0
A54: 25 | B54: Bamboo | C54: =SUMIF('Builder Estimate'!$B$6:$B$645,B54,'Builder Estimate'!$C$6:$C$645) -> 902 | D54: =VLOOKUP(B54,'Builder Estimate'!$B:$H,4,FALSE) -> Nos | E54: =VLOOKUP(B54,'Price '!B:D,3,FALSE) -> 2000 | F54: =VLOOKUP(B54,'Price '!$B:$D,2,FALSE) -> Nos | G54: =E54*C54 -> 1804000
A55: 26 | B55: Coir Yarn | C55: =SUMIF('Builder Estimate'!$B$6:$B$645,B55,'Builder Estimate'!$C$6:$C$645) -> 64.83125 | D55: =VLOOKUP(B55,'Builder Estimate'!$B:$H,4,FALSE) -> Viss | E55: =VLOOKUP(B55,'Price '!B:D,3,FALSE) -> 15000 | F55: =VLOOKUP(B55,'Price '!$B:$D,2,FALSE) -> Viss | G55: =E55*C55 -> 972468.75
A56: 27 | B56: T-Rental Charges | C56: =SUMIF('Builder Estimate'!$B$6:$B$645,B56,'Builder Estimate'!$C$6:$C$645) -> 495 | D56: =VLOOKUP(B56,'Builder Estimate'!$B:$H,4,FALSE) -> Nos. | E56: =VLOOKUP(B56,'Price '!B:D,3,FALSE) -> 8100 | F56: =VLOOKUP(B56,'Price '!$B:$D,2,FALSE) -> Nos. | G56: =E56*C56 -> 4009500
A57: 28 | B57: Concrete Nail | C57: =SUMIF('Builder Estimate'!$B$6:$B$645,B57,'Builder Estimate'!$C$6:$C$645) -> 42.716667 | D57: =VLOOKUP(B57,'Builder Estimate'!$B:$H,4,FALSE) -> Box | E57: =VLOOKUP(B57,'Price '!B:D,3,FALSE) -> 10000 | F57: =VLOOKUP(B57,'Price '!$B:$D,2,FALSE) -> Box | G57: =E57*C57 -> 427166.67
A58: 29 | B58: Water Stopper Installation (M+L) | C58: =SUMIF('Builder Estimate'!$B$6:$B$645,B58,'Builder Estimate'!$C$6:$C$645) -> 127.66667 | D58: =VLOOKUP(B58,'Builder Estimate'!$B:$H,4,FALSE) -> Rft | E58: =VLOOKUP(B58,'Price '!B:D,3,FALSE) -> 6800 | F58: =VLOOKUP(B58,'Price '!$B:$D,2,FALSE) -> Rft | G58: =E58*C58 -> 868133.33
A59: 30 | B59: Water Proofing Membrane Installation(M+L) | C59: =SUMIF('Builder Estimate'!$B$6:$B$645,B59,'Builder Estimate'!$C$6:$C$645) -> 522.66667 | D59: =VLOOKUP(B59,'Builder Estimate'!$B:$H,4,FALSE) -> Sft | E59: =VLOOKUP(B59,'Price '!B:D,3,FALSE) -> 6100 | F59: =VLOOKUP(B59,'Price '!$B:$D,2,FALSE) -> Sft | G59: =E59*C59 -> 3188266.7
B61: Total Material Cost | G61: =SUM(G7:G60) -> 2.6228171e+08 | H61: ='Builder Estimate'!H647 -> 2.6228171e+08
B62: Labours
A63: 1 | B63: Mason | C63: =SUMIF('Builder Estimate'!$B$6:$B$645,B63,'Builder Estimate'!$C$6:$C$645) -> 668.61092 | D63: =VLOOKUP(B63,'Builder Estimate'!$B:$H,4,FALSE) -> Nos | E63: =VLOOKUP(B63,'Price '!B:D,3,FALSE) -> 27500 | F63: =VLOOKUP(B63,'Price '!$B:$D,2,FALSE) -> Nos | G63: =E63*C63 -> 18386800
A64: 2 | B64: Worker | C64: =SUMIF('Builder Estimate'!$B$6:$B$645,B64,'Builder Estimate'!$C$6:$C$645) -> 3414.2219 | D64: =VLOOKUP(B64,'Builder Estimate'!$B:$H,4,FALSE) -> Nos | E64: =VLOOKUP(B64,'Price '!B:D,3,FALSE) -> 19800 | F64: =VLOOKUP(B64,'Price '!$B:$D,2,FALSE) -> Nos | G64: =E64*C64 -> 67601593
A65: 3 | B65: Carpenter | C65: =SUMIF('Builder Estimate'!$B$6:$B$645,B65,'Builder Estimate'!$C$6:$C$645) -> 1186.8495 | D65: =VLOOKUP(B65,'Builder Estimate'!$B:$H,4,FALSE) -> Nos | E65: =VLOOKUP(B65,'Price '!B:D,3,FALSE) -> 27500 | F65: =VLOOKUP(B65,'Price '!$B:$D,2,FALSE) -> Nos | G65: =E65*C65 -> 32638361
A66: 4 | B66: Surveyor | C66: =SUMIF('Builder Estimate'!$B$6:$B$645,B66,'Builder Estimate'!$C$6:$C$645) -> 0.2427425 | D66: =VLOOKUP(B66,'Builder Estimate'!$B:$H,4,FALSE) -> Nos | E66: =VLOOKUP(B66,'Price '!B:D,3,FALSE) -> 27500 | F66: =VLOOKUP(B66,'Price '!$B:$D,2,FALSE) -> Nos | G66: =E66*C66 -> 6675.4188
A67: 5 | B67: Smith | C67: =SUMIF('Builder Estimate'!$B$6:$B$645,B67,'Builder Estimate'!$C$6:$C$645) -> 720.67364 | D67: =VLOOKUP(B67,'Builder Estimate'!$B:$H,4,FALSE) -> Nos | E67: =VLOOKUP(B67,'Price '!B:D,3,FALSE) -> 27500 | F67: =VLOOKUP(B67,'Price '!$B:$D,2,FALSE) -> Nos | G67: =E67*C67 -> 19818525
A68: 6 | B68: Machine Driver | C68: =SUMIF('Builder Estimate'!$B$6:$B$645,B68,'Builder Estimate'!$C$6:$C$645) -> 34.133893 | D68: =VLOOKUP(B68,'Builder Estimate'!$B:$H,4,FALSE) -> Nos | E68: =VLOOKUP(B68,'Price '!B:D,3,FALSE) -> 27500 | F68: =VLOOKUP(B68,'Price '!$B:$D,2,FALSE) -> Nos | G68: =E68*C68 -> 938682.04
B70: Total Labour Cost | G70: =SUM(G63:G69) -> 1.3939064e+08 | H70: ='Builder Estimate'!H646 -> 1.3939064e+08 | I70: =H70-G70 -> 0
B71: Total Materials & Labours Cost | G71: =G70+G61 -> 4.0167235e+08 | H71: ='Builder Estimate'!H648 -> 4.0167235e+08
B72: Transportation Charges | F72: 0.03 | G72: =G71*F72 -> 12050171 | H72: =H71-G71 -> 0
B73: Preliminary Charges | F73: 0.05 | G73: =(G72+G71)*F73 -> 20686126
B74: Grand Total Cost | G74: =SUM(G71:G73) -> 4.3440865e+08 | H74: ='Bill of Quantity'!G85 -> 4.3440865e+08

Sheet Bill of Quantity
A1: Project : Three Storeyed RCC Residential Building, Magway
A2: Work Item : Main Building ( Civil Work )
A3: Bill Of Quantity
A4: No | B4: Particular | C4: Quantity | D4: Unit | E4: Rate | F4: Per | G4: Amount
B6: Materials
A7: 1 | B7: Cement | C7: =SUMIF('Builder Estimate'!$B$6:$B$645,'Bill of Quantity'!B7,'Builder Estimate'!$C$6:$C$645) -> 2291.2145 | D7: =VLOOKUP(B7,'Builder Estimate'!$B:$H,4,FALSE) -> Bag | E7: =VLOOKUP(B7,'Price '!B:D,3,FALSE) -> 18400 | F7: =VLOOKUP(B7,'Price '!$B:$D,2,FALSE) -> Bags | G7: =E7*C7 -> 42158346
A8: 2 | B8: Sand | C8: =SUMIF('Builder Estimate'!$B$6:$B$645,'Bill of Quantity'!B8,'Builder Estimate'!$C$6:$C$645) -> 99.348876 | D8: =VLOOKUP(B8,'Builder Estimate'!$B:$H,4,FALSE) -> Sud | E8: =VLOOKUP(B8,'Price '!B:D,3,FALSE) -> 50000 | F8: =VLOOKUP(B8,'Price '!$B:$D,2,FALSE) -> Suds | G8: =E8*C8 -> 4967443.8
A9: 3 | B9: Aggregate | C9: =SUMIF('Builder Estimate'!$B$6:$B$645,'Bill of Quantity'!B9,'Builder Estimate'!$C$6:$C$645) -> 86.8723 | D9: =VLOOKUP(B9,'Builder Estimate'!$B:$H,4,FALSE) -> Sud | E9: =VLOOKUP(B9,'Price '!B:D,3,FALSE) -> 130000 | F9: =VLOOKUP(B9,'Price '!$B:$D,2,FALSE) -> Suds | G9: =E9*C9 -> 11293399
A10: 4 | B10: 6" x 9" Stone | C10: =SUMIF('Builder Estimate'!$B$6:$B$645,'Bill of Quantity'!B10,'Builder Estimate'!$C$6:$C$645) -> 10.541059 | D10: =VLOOKUP(B10,'Builder Estimate'!$B:$H,4,FALSE) -> Sud | E10: =VLOOKUP(B10,'Price '!B:D,3,FALSE) -> 220000 | F10: =VLOOKUP(B10,'Price '!$B:$D,2,FALSE) -> Suds | G10: =E10*C10 -> 2319033.1
A11: 5 | B11: Jungle Wood | C11: =SUMIF('Builder Estimate'!$B$6:$B$645,'Bill of Quantity'!B11,'Builder Estimate'!$C$6:$C$645) -> 18.356988 | D11: =VLOOKUP(B11,'Builder Estimate'!$B:$H,4,FALSE) -> Ton | E11: =VLOOKUP(B11,'Price '!B:D,3,FALSE) -> 2500000 | F11: =VLOOKUP(B11,'Price '!$B:$D,2,FALSE) -> Ton | G11: =E11*C11 -> 45892471
A12: 6 | B12: 5-plywood | C12: =SUMIF('Builder Estimate'!$B$6:$B$645,'Bill of Quantity'!B12,'Builder Estimate'!$C$6:$C$645) -> 157.44246 | D12: =VLOOKUP(B12,'Builder Estimate'!$B:$H,4,FALSE) -> Nos | E12: =VLOOKUP(B12,'Price '!B:D,3,FALSE) -> 75000 | F12: =VLOOKUP(B12,'Price '!$B:$D,2,FALSE) -> Sht | G12: =E12*C12 -> 11808184
A13: 7 | B13: Wire Nail | C13: =SUMIF('Builder Estimate'!$B$6:$B$645,'Bill of Quantity'!B13,'Builder Estimate'!$C$6:$C$645) -> 261.63189 | D13: =VLOOKUP(B13,'Builder Estimate'!$B:$H,4,FALSE) -> Viss | E13: =VLOOKUP(B13,'Price '!B:D,3,FALSE) -> 12000 | F13: =VLOOKUP(B13,'Price '!$B:$D,2,FALSE) -> Viss | G13: =E13*C13 -> 3139582.7
A14: 8 | B14: Fuel | C14: =SUMIF('Builder Estimate'!$B$6:$B$645,'Bill of Quantity'!B14,'Builder Estimate'!$C$6:$C$645) -> 136.53557 | D14: =VLOOKUP(B14,'Builder Estimate'!$B:$H,4,FALSE) -> Gal | E14: =VLOOKUP(B14,'Price '!B:D,3,FALSE) -> 20000 | F14: =VLOOKUP(B14,'Price '!$B:$D,2,FALSE) -> Gal | G14: =E14*C14 -> 2730711.4
A15: 9 | B15: Impermo | C15: =SUMIF('Builder Estimate'!$B$6:$B$645,'Bill of Quantity'!B15,'Builder Estimate'!$C$6:$C$645) -> 66 | D15: =VLOOKUP(B15,'Builder Estimate'!$B:$H,4,FALSE) -> Bag | E15: =VLOOKUP(B15,'Price '!B:D,3,FALSE) -> 7500 | F15: =VLOOKUP(B15,'Price '!$B:$D,2,FALSE) -> Bag | G15: =E15*C15 -> 495000
A16: 10 | B16: Sikament-9 | C16: =SUMIF('Builder Estimate'!$B$6:$B$645,'Bill of Quantity'!B16,'Builder Estimate'!$C$6:$C$645) -> 166.87408 | D16: =VLOOKUP(B16,'Builder Estimate'!$B:$H,4,FALSE) -> Lit | E16: =VLOOKUP(B16,'Price '!B:D,3,FALSE) -> 14700 | F16: =VLOOKUP(B16,'Price '!$B:$D,2,FALSE) -> Lit | G16: =E16*C16 -> 2453048.9
A17: 11 | B17: Bonding Agent | C17: =SUMIF('Builder Estimate'!$B$6:$B$645,'Bill of Quantity'!B17,'Builder Estimate'!$C$6:$C$645) -> 165.88269 | D17: =VLOOKUP(B17,'Builder Estimate'!$B:$H,4,FALSE) -> Lit | E17: =VLOOKUP(B17,'Price '!B:D,3,FALSE) -> 14950 | F17: =VLOOKUP(B17,'Price '!$B:$D,2,FALSE) -> Lit | G17: =E17*C17 -> 2479946.2
A18: 12 | B18: Sikadur 31CF | C18: =SUMIF('Builder Estimate'!$B$6:$B$645,'Bill of Quantity'!B18,'Builder Estimate'!$C$6:$C$645) -> 4.4 | D18: =VLOOKUP(B18,'Builder Estimate'!$B:$H,4,FALSE) -> Set | E18: =VLOOKUP(B18,'Price '!B:D,3,FALSE) -> 120000 | F18: =VLOOKUP(B18,'Price '!$B:$D,2,FALSE) -> Set | G18: =E18*C18 -> 528000
A19: 13 | B19: Ø 16mm Deform Bar (Footing) | C19: =SUMIF('Builder Estimate'!$B$6:$B$645,'Bill of Quantity'!B19,'Builder Estimate'!$C$6:$C$645) -> 10.603257 | D19: =VLOOKUP(B19,'Builder Estimate'!$B:$H,4,FALSE) -> Ton | E19: =VLOOKUP(B19,'Price '!B:D,3,FALSE) -> 2420000 | F19: =D19 -> Ton | G19: =E19*C19 -> 25659881 | H19: =SUM(C19:C32) -> 37.835366
A20: 14 | B20: Ø 12mm Deform Bar (BW) | C20: =SUMIF('Builder Estimate'!$B$6:$B$645,'Bill of Quantity'!B20,'Builder Estimate'!$C$6:$C$645) -> 1.0587582 | D20: =VLOOKUP(B20,'Builder Estimate'!$B:$H,4,FALSE) -> Ton | E20: =VLOOKUP(B20,'Price '!B:D,3,FALSE) -> 2060000 | F20: =D20 -> Ton | G20: =E20*C20 -> 2181041.9
A21: 15 | B21: Ø 10mm Deform Bar (BW) | C21: =SUMIF('Builder Estimate'!$B$6:$B$645,'Bill of Quantity'!B21,'Builder Estimate'!$C$6:$C$645) -> 0.53924847 | D21: =VLOOKUP(B21,'Builder Estimate'!$B:$H,4,FALSE) -> Ton | E21: =VLOOKUP(B21,'Price '!B:D,3,FALSE) -> 2450000 | F21: =D21 -> Ton | G21: =E21*C21 -> 1321158.8
A22: 16 | B22: Ø 16mm Deform Bar (Column) | C22: =SUMIF('Builder Estimate'!$B$6:$B$645,'Bill of Quantity'!B22,'Builder Estimate'!$C$6:$C$645) -> 2.9625193 | D22: =VLOOKUP(B22,'Builder Estimate'!$B:$H,4,FALSE) -> Ton | E22: =VLOOKUP(B22,'Price '!B:D,3,FALSE) -> 2420000 | F22: =D22 -> Ton | G22: =E22*C22 -> 7169296.6
A23: 17 | B23: Ø 10mm Deform Bar (Column) | C23: =SUMIF('Builder Estimate'!$B$6:$B$645,'Bill of Quantity'!B23,'Builder Estimate'!$C$6:$C$645) -> 1.3904766 | D23: =VLOOKUP(B23,'Builder Estimate'!$B:$H,4,FALSE) -> Ton | E23: =VLOOKUP(B23,'Price '!B:D,3,FALSE) -> 2450000 | F23: =D23 -> Ton | G23: =E23*C23 -> 3406667.7
A24: 18 | B24: Ø 6.5mm Deform Bar (Column) | C24: =SUMIF('Builder Estimate'!$B$6:$B$645,'Bill of Quantity'!B24,'Builder Estimate'!$C$6:$C$645) -> 0.24636245 | D24: =VLOOKUP(B24,'Builder Estimate'!$B:$H,4,FALSE) -> Ton | E24: =VLOOKUP(B24,'Price '!B:D,3,FALSE) -> 3430000 | F24: =D24 -> Ton | G24: =E24*C24 -> 845023.21
A25: 19 | B25: Ø 16mm DF(Beam) | C25: =SUMIF('Builder Estimate'!$B$6:$B$645,'Bill of Quantity'!B25,'Builder Estimate'!$C$6:$C$645) -> 6.1093733 | D25: =VLOOKUP(B25,'Builder Estimate'!$B:$H,4,FALSE) -> Ton | E25: =VLOOKUP(B25,'Price '!B:D,3,FALSE) -> 2420000 | F25: =D25 -> Ton | G25: =E25*C25 -> 14784683
A26: 20 | B26: Ø 12mm DF(Beam) | C26: =SUMIF('Builder Estimate'!$B$6:$B$645,'Bill of Quantity'!B26,'Builder Estimate'!$C$6:$C$645) -> 0.080153574 | D26: =VLOOKUP(B26,'Builder Estimate'!$B:$H,4,FALSE) -> Ton | E26: =VLOOKUP(B26,'Price '!B:D,3,FALSE) -> 2060000 | F26: =D26 -> Ton | G26: =E26*C26 -> 165116.36
A27: 21 | B27: Ø 10mm DF(Beam) | C27: =SUMIF('Builder Estimate'!$B$6:$B$645,'Bill of Quantity'!B27,'Builder Estimate'!$C$6:$C$645) -> 2.5239924 | D27: =VLOOKUP(B27,'Builder Estimate'!$B:$H,4,FALSE) -> Ton | E27: =VLOOKUP(B27,'Price '!B:D,3,FALSE) -> 2450000 | F27: =D27 -> Ton | G27: =E27*C27 -> 6183781.4
A28: 22 | B28: Ø 16mm DF(Slab) | C28: =SUMIF('Builder Estimate'!$B$6:$B$645,'Bill of Quantity'!B28,'Builder Estimate'!$C$6:$C$645) -> 0.11355799 | D28: =VLOOKUP(B28,'Builder Estimate'!$B:$H,4,FALSE) -> Ton | E28: =VLOOKUP(B28,'Price '!B:D,3,FALSE) -> 2420000 | F28: =D28 -> Ton | G28: =E28*C28 -> 274810.32
A29: 23 | B29: Ø 12mm DF(Slab) | C29: =SUMIF('Builder Estimate'!$B$6:$B$645,'Bill of Quantity'!B29,'Builder Estimate'!$C$6:$C$645) -> 1.0476881 | D29: =VLOOKUP(B29,'Builder Estimate'!$B:$H,4,FALSE) -> Ton | E29: =VLOOKUP(B29,'Price '!B:D,3,FALSE) -> 2060000 | F29: =D29 -> Ton | G29: =E29*C29 -> 2158237.6
A30: 24 | B30: Ø 10mm DF(Slab) | C30: =SUMIF('Builder Estimate'!$B$6:$B$645,'Bill of Quantity'!B30,'Builder Estimate'!$C$6:$C$645) -> 9.0330962 | D30: =VLOOKUP(B30,'Builder Estimate'!$B:$H,4,FALSE) -> Ton | E30: =VLOOKUP(B30,'Price '!B:D,3,FALSE) -> 2450000 | F30: =D30 -> Ton | G30: =E30*C30 -> 22131086
A31: 25 | B31: Ø 10mm DF(Stiffner) | C31: =SUMIF('Builder Estimate'!$B$6:$B$645,'Bill of Quantity'!B31,'Builder Estimate'!$C$6:$C$645) -> 1.1366805 | D31: =VLOOKUP(B31,'Builder Estimate'!$B:$H,4,FALSE) -> Ton | E31: =VLOOKUP(B31,'Price '!B:D,3,FALSE) -> 2450000 | F31: =D31 -> Ton | G31: =E31*C31 -> 2784867.3
A32: 26 | B32: Ø 6.5mm DF(Stiffner) | C32: =SUMIF('Builder Estimate'!$B$6:$B$645,'Bill of Quantity'!B32,'Builder Estimate'!$C$6:$C$645) -> 0.99020216 | D32: =VLOOKUP(B32,'Builder Estimate'!$B:$H,4,FALSE) -> Ton | E32: =VLOOKUP(B32,'Price '!B:D,3,FALSE) -> 3430000 | F32: =D32 -> Ton | G32: =E32*C32 -> 3396393.4
A33: 27 | B33: Binding Wire | C33: =SUMIF('Builder Estimate'!$B$6:$B$645,'Bill of Quantity'!B33,'Builder Estimate'!$C$6:$C$645) -> 720.67364 | D33: =VLOOKUP(B33,'Builder Estimate'!$B:$H,4,FALSE) -> lbs | E33: =VLOOKUP(B33,'Price '!B:D,3,FALSE) -> 12000 | F33: =VLOOKUP(B33,'Price '!$B:$D,2,FALSE) -> Lbs | G33: =E33*C33 -> 8648083.7
A34: 28 | B34: Plastic Sheet | C34: =SUMIF('Builder Estimate'!$B$6:$B$645,'Bill of Quantity'!B34,'Builder Estimate'!$C$6:$C$645) -> 247.5 | D34: =VLOOKUP(B34,'Builder Estimate'!$B:$H,4,FALSE) -> Rft | E34: =VLOOKUP(B34,'Price '!B:D,3,FALSE) -> 1500 | F34: =VLOOKUP(B34,'Price '!$B:$D,2,FALSE) -> Rft | G34: =E34*C34 -> 371250
A35: 29 | B35: Brick( 3 Hole Brick ) | C35: =SUMIF('Builder Estimate'!$B$6:$B$645,'Bill of Quantity'!B35,'Builder Estimate'!$C$6:$C$645) -> 50723.635 | D35: =VLOOKUP(B35,'Builder Estimate'!$B:$H,4,FALSE) -> Nos | E35: =VLOOKUP(B35,'Price '!B:D,3,FALSE) -> 285 | F35: =VLOOKUP(B35,'Price '!$B:$D,2,FALSE) -> Nos | G35: =E35*C35 -> 14456236
A36: 30 | B36: X-met (2-1/2" Wide) | C36: =SUMIF('Builder Estimate'!$B$6:$B$645,'Bill of Quantity'!B36,'Builder Estimate'!$C$6:$C$645) -> 9096.1389 | D36: =VLOOKUP(B36,'Builder Estimate'!$B:$H,4,FALSE) -> Rft | E36: =VLOOKUP(B36,'Price '!B:D,3,FALSE) -> 170 | F36: =VLOOKUP(B36,'Price '!$B:$D,2,FALSE) -> Rft | G36: =E36*C36 -> 1546343.6
A37: 31 | B37: 5"x3" Chowket | C37: =SUMIF('Builder Estimate'!$B$6:$B$645,'Bill of Quantity'!B37,'Builder Estimate'!$C$6:$C$645) -> 25.41 | D37: =VLOOKUP(B37,'Builder Estimate'!$B:$H,4,FALSE) -> Rft | E37: =VLOOKUP(B37,'Price '!B:D,3,FALSE) -> 14000 | F37: =VLOOKUP(B37,'Price '!$B:$D,2,FALSE) -> Rft | G37: =E37*C37 -> 355740
A38: 32 | B38: 5"x2" Chowket | C38: =SUMIF('Builder Estimate'!$B$6:$B$645,'Bill of Quantity'!B38,'Builder Estimate'!$C$6:$C$645) -> 284.3225 | D38: =VLOOKUP(B38,'Builder Estimate'!$B:$H,4,FALSE) -> Rft | E38: =VLOOKUP(B38,'Price '!B:D,3,FALSE) -> 9500 | F38: =VLOOKUP(B38,'Price '!$B:$D,2,FALSE) -> Rft | G38: =E38*C38 -> 2701063.8
A39: 33 | B39: Chowket Bracket | C39: =SUMIF('Builder Estimate'!$B$6:$B$645,'Bill of Quantity'!B39,'Builder Estimate'!$C$6:$C$645) -> 165 | D39: =VLOOKUP(B39,'Builder Estimate'!$B:$H,4,FALSE) -> Nos. | E39: =VLOOKUP(B39,'Price '!B:D,3,FALSE) -> 450 | F39: =VLOOKUP(B39,'Price '!$B:$D,2,FALSE) -> Nos. | G39: =E39*C39 -> 74250
A40: 34 | B40: Coal Tar | C40: =SUMIF('Builder Estimate'!$B$6:$B$645,'Bill of Quantity'!B40,'Builder Estimate'!$C$6:$C$645) -> 11 | D40: =VLOOKUP(B40,'Builder Estimate'!$B:$H,4,FALSE) -> Bottle | E40: =VLOOKUP(B40,'Price '!B:D,3,FALSE) -> 12000 | F40: =VLOOKUP(B40,'Price '!$B:$D,2,FALSE) -> Bottle | G40: =E40*C40 -> 132000
A41: 33 | B41: Ready Made Teak Door Leaf | D41: =VLOOKUP(B41,'Builder Estimate'!$B:$H,4,FALSE) -> Sqft | E41: =VLOOKUP(B41,'Price '!B:D,3,FALSE) -> 0 | F41: =VLOOKUP(B41,'Price '!$B:$D,2,FALSE) -> Sft | G41: =E41*C41 -> 0
A42: 34 | B42: Door Lock | D42: =VLOOKUP(B42,'Builder Estimate'!$B:$H,4,FALSE) -> Nos | E42: =VLOOKUP(B42,'Price '!B:D,3,FALSE) -> 0 | F42: =VLOOKUP(B42,'Price '!$B:$D,2,FALSE) -> Nos | G42: =E42*C42 -> 0
A43: 35 | B43: 4" Butt Hinge | D43: =VLOOKUP(B43,'Builder Estimate'!$B:$H,4,FALSE) -> Nos | E43: =VLOOKUP(B43,'Price '!B:D,3,FALSE) -> 0 | F43: =VLOOKUP(B43,'Price '!$B:$D,2,FALSE) -> Nos | G43: =E43*C43 -> 0
A44: 36 | B44: 6" Hand Rail | D44: =VLOOKUP(B44,'Builder Estimate'!$B:$H,4,FALSE) -> Nos | E44: =VLOOKUP(B44,'Price '!B:D,3,FALSE) -> 0 | F44: =VLOOKUP(B44,'Price '!$B:$D,2,FALSE) -> Nos | G44: =E44*C44 -> 0
A45: 37 | B45: Hook & Eye | D45: =VLOOKUP(B45,'Builder Estimate'!$B:$H,4,FALSE) -> Nos | E45: =VLOOKUP(B45,'Price '!B:D,3,FALSE) -> 0 | F45: =VLOOKUP(B45,'Price '!$B:$D,2,FALSE) -> Nos | G45: =E45*C45 -> 0
A46: 38 | B46: Wood Screw | D46: =VLOOKUP(B46,'Builder Estimate'!$B:$H,4,FALSE) -> Lbs | E46: =VLOOKUP(B46,'Price '!B:D,3,FALSE) -> 0 | F46: =VLOOKUP(B46,'Price '!$B:$D,2,FALSE) -> Lbs | G46: =E46*C46 -> 0
A47: 39 | B47: Aluminium & Glass | D47: =VLOOKUP(B47,'Builder Estimate'!$B:$H,4,FALSE) -> Sft | E47: =VLOOKUP(B47,'Price '!B:D,3,FALSE) -> 0 | F47: =VLOOKUP(B47,'Price '!$B:$D,2,FALSE) -> 0 | G47: =E47*C47 -> 0
A48: 40 | B48: Emulsion Paint | D48: =VLOOKUP(B48,'Builder Estimate'!$B:$H,4,FALSE) -> Gal | E48: =VLOOKUP(B48,'Price '!B:D,3,FALSE) -> 0 | F48: =VLOOKUP(B48,'Price '!$B:$D,2,FALSE) -> Gal | G48: =E48*C48 -> 0
A49: 41 | B49: Roller | D49: =VLOOKUP(B49,'Builder Estimate'!$B:$H,4,FALSE) -> Nos | E49: =VLOOKUP(B49,'Price '!B:D,3,FALSE) -> 0 | F49: =VLOOKUP(B49,'Price '!$B:$D,2,FALSE) -> Nos | G49: =E49*C49 -> 0
A50: 42 | B50: Putty (Walling) | D50: =VLOOKUP(B50,'Builder Estimate'!$B:$H,4,FALSE) -> Gal | E50: =VLOOKUP(B50,'Price '!B:D,3,FALSE) -> 0 | F50: =VLOOKUP(B50,'Price '!$B:$D,2,FALSE) -> Gal | G50: =E50*C50 -> 0
A51: 43 | B51: Sand Paper | D51: =VLOOKUP(B51,'Builder Estimate'!$B:$H,4,FALSE) -> Dz | E51: =VLOOKUP(B51,'Price '!B:D,3,FALSE) -> 0 | F51: =VLOOKUP(B51,'Price '!$B:$D,2,FALSE) -> Doz | G51: =E51*C51 -> 0
A52: 44 | B52: Putty Trowel | D52: =VLOOKUP(B52,'Builder Estimate'!$B:$H,4,FALSE) -> Nos | E52: =VLOOKUP(B52,'Price '!B:D,3,FALSE) -> 0 | F52: =VLOOKUP(B52,'Price '!$B:$D,2,FALSE) -> Nos | G52: =E52*C52 -> 0
... A60: 52 | B60: White Cement | D60: =VLOOKUP(B60,'Builder Estimate'!$B:$H,4,FALSE) -> Lbs | E60: =VLOOKUP(B60,'Price '!B:D,3,FALSE) -> 0 | F60: =VLOOKUP(B60,'Price '!$B:$D,2,FALSE) -> Lbs | G60: =E60*C60 -> 0
A61: 53 | B61: Stainless Steel & Glass Handrail Work ( M + L ) | D61: =VLOOKUP(B61,'Builder Estimate'!$B:$H,4,FALSE) -> Rft | E61: =VLOOKUP(B61,'Price '!B:D,3,FALSE) -> 0 | F61: =D61 -> Rft | G61: =E61*C61 -> 0
A62: 54 | B62: Water Stopper Installation (M+L) | D62: =VLOOKUP(B62,'Builder Estimate'!$B:$H,4,FALSE) -> Rft | E62: =VLOOKUP(B62,'Price '!B:D,3,FALSE) -> 6800 | F62: =D62 -> Rft | G62: =E62*C62 -> 0
A63: 55 | B63: Water Proofing Membrane Installation(M+L) | D63: =VLOOKUP(B63,'Builder Estimate'!$B:$H,4,FALSE) -> Sft | E63: =VLOOKUP(B63,'Price '!B:D,3,FALSE) -> 6100 | F63: =D63 -> Sft | G63: =E63*C63 -> 0
A64: 35 | B64: Bamboo | C64: =SUMIF('Builder Estimate'!$B$6:$B$645,'Bill of Quantity'!B64,'Builder Estimate'!$C$6:$C$645) -> 902 | D64: =VLOOKUP(B64,'Builder Estimate'!$B:$H,4,FALSE) -> Nos | E64: =VLOOKUP(B64,'Price '!B:D,3,FALSE) -> 2000 | F64: =VLOOKUP(B64,'Price '!$B:$D,2,FALSE) -> Nos | G64: =E64*C64 -> 1804000
A65: 36 | B65: Coir Yarn | C65: =SUMIF('Builder Estimate'!$B$6:$B$645,'Bill of Quantity'!B65,'Builder Estimate'!$C$6:$C$645) -> 64.83125 | D65: =VLOOKUP(B65,'Builder Estimate'!$B:$H,4,FALSE) -> Viss | E65: =VLOOKUP(B65,'Price '!B:D,3,FALSE) -> 15000 | F65: =VLOOKUP(B65,'Price '!$B:$D,2,FALSE) -> Viss | G65: =E65*C65 -> 972468.75
A66: 37 | B66: T-Rental Charges | C66: =SUMIF('Builder Estimate'!$B$6:$B$645,'Bill of Quantity'!B66,'Builder Estimate'!$C$6:$C$645) -> 495 | D66: =VLOOKUP(B66,'Builder Estimate'!$B:$H,4,FALSE) -> Nos. | E66: =VLOOKUP(B66,'Price '!B:D,3,FALSE) -> 8100 | F66: =VLOOKUP(B66,'Price '!$B:$D,2,FALSE) -> Nos. | G66: =E66*C66 -> 4009500
A67: 38 | B67: Concrete Nail | C67: =SUMIF('Builder Estimate'!$B$6:$B$645,'Bill of Quantity'!B67,'Builder Estimate'!$C$6:$C$645) -> 42.716667 | D67: =VLOOKUP(B67,'Builder Estimate'!$B:$H,4,FALSE) -> Box | E67: =VLOOKUP(B67,'Price '!B:D,3,FALSE) -> 10000 | F67: =VLOOKUP(B67,'Price '!$B:$D,2,FALSE) -> Box | G67: =E67*C67 -> 427166.67
A68: 39 | B68: Water Stopper Installation (M+L) | C68: =SUMIF('Builder Estimate'!$B$6:$B$645,'Bill of Quantity'!B68,'Builder Estimate'!$C$6:$C$645) -> 127.66667 | D68: =VLOOKUP(B68,'Builder Estimate'!$B:$H,4,FALSE) -> Rft | E68: =VLOOKUP(B68,'Price '!B:D,3,FALSE) -> 6800 | F68: =VLOOKUP(B68,'Price '!$B:$D,2,FALSE) -> Rft | G68: =E68*C68 -> 868133.33
A69: 40 | B69: Water Proofing Membrane Installation(M+L) | C69: =SUMIF('Builder Estimate'!$B$6:$B$645,'Bill of Quantity'!B69,'Builder Estimate'!$C$6:$C$645) -> 522.66667 | D69: =VLOOKUP(B69,'Builder Estimate'!$B:$H,4,FALSE) -> Sft | E69: =VLOOKUP(B69,'Price '!B:D,3,FALSE) -> 6100 | F69: =VLOOKUP(B69,'Price '!$B:$D,2,FALSE) -> Sft | G69: =E69*C69 -> 3188266.7
B71: Total Material Cost | G71: =SUM(G7:G70) -> 2.6228171e+08 | H71: ='Builder Estimate'!H647 -> 2.6228171e+08 | I71: =G71-H71 -> 0
B72: Labours
A73: 1 | B73: Mason | C73: =SUMIF('Builder Estimate'!$B$6:$B$645,'Bill of Quantity'!B73,'Builder Estimate'!$C$6:$C$645) -> 668.61092 | D73: =VLOOKUP(B73,'Builder Estimate'!$B:$H,4,FALSE) -> Nos | E73: =VLOOKUP(B73,'Price '!B:D,3,FALSE) -> 27500 | F73: =VLOOKUP(B73,'Price '!$B:$D,2,FALSE) -> Nos | G73: =E73*C73 -> 18386800
A74: 2 | B74: Worker | C74: =SUMIF('Builder Estimate'!$B$6:$B$645,'Bill of Quantity'!B74,'Builder Estimate'!$C$6:$C$645) -> 3414.2219 | D74: =VLOOKUP(B74,'Builder Estimate'!$B:$H,4,FALSE) -> Nos | E74: =VLOOKUP(B74,'Price '!B:D,3,FALSE) -> 19800 | F74: =VLOOKUP(B74,'Price '!$B:$D,2,FALSE) -> Nos | G74: =E74*C74 -> 67601593
A75: 3 | B75: Carpenter | C75: =SUMIF('Builder Estimate'!$B$6:$B$645,'Bill of Quantity'!B75,'Builder Estimate'!$C$6:$C$645) -> 1186.8495 | D75: =VLOOKUP(B75,'Builder Estimate'!$B:$H,4,FALSE) -> Nos | E75: =VLOOKUP(B75,'Price '!B:D,3,FALSE) -> 27500 | F75: =VLOOKUP(B75,'Price '!$B:$D,2,FALSE) -> Nos | G75: =E75*C75 -> 32638361
A76: 4 | B76: Surveyor | C76: =SUMIF('Builder Estimate'!$B$6:$B$645,'Bill of Quantity'!B76,'Builder Estimate'!$C$6:$C$645) -> 0.2427425 | D76: =VLOOKUP(B76,'Builder Estimate'!$B:$H,4,FALSE) -> Nos | E76: =VLOOKUP(B76,'Price '!B:D,3,FALSE) -> 27500 | F76: =VLOOKUP(B76,'Price '!$B:$D,2,FALSE) -> Nos | G76: =E76*C76 -> 6675.4188
A77: 5 | B77: Smith | C77: =SUMIF('Builder Estimate'!$B$6:$B$645,'Bill of Quantity'!B77,'Builder Estimate'!$C$6:$C$645) -> 720.67364 | D77: =VLOOKUP(B77,'Builder Estimate'!$B:$H,4,FALSE) -> Nos | E77: =VLOOKUP(B77,'Price '!B:D,3,FALSE) -> 27500 | F77: =VLOOKUP(B77,'Price '!$B:$D,2,FALSE) -> Nos | G77: =E77*C77 -> 19818525
A78: 6 | B78: Machine Driver | C78: =SUMIF('Builder Estimate'!$B$6:$B$645,'Bill of Quantity'!B78,'Builder Estimate'!$C$6:$C$645) -> 34.133893 | D78: =VLOOKUP(B78,'Builder Estimate'!$B:$H,4,FALSE) -> Nos | E78: =VLOOKUP(B78,'Price '!B:D,3,FALSE) -> 27500 | F78: =VLOOKUP(B78,'Price '!$B:$D,2,FALSE) -> Nos | G78: =E78*C78 -> 938682.04
B80: Total Labour Cost | G80: =SUM(G73:G79) -> 1.3939064e+08 | H80: ='Builder Estimate'!H646 -> 1.3939064e+08 | I80: =G80-H80 -> 0
B81: Total Materials & Labours Cost | G81: =G80+G71 -> 4.0167235e+08 | H81: ='Builder Estimate'!H648 -> 4.0167235e+08
B82: Transportation Charges | F82: 0.03 | G82: =G81*F82 -> 12050171 | H82: =H81-G81 -> 0
B83: Preliminary Charges | F83: 0.05 | G83: =(G82+G81)*F83 -> 20686126
B84: Supervision Charges | F84: 0.1
B85: Grand Total Cost | G85: =SUM(G81:G84) -> 4.3440865e+08

Sheet Builder Estimate
A1: Project : Three Storeyed RCC Residential Building, Magway
A2: Work Item : Main Building ( Civil Work )
A3: Builder's Estimate
A4: No | B4: Particular | C4: Quantity | D4: Quantity | E4: Unit | F4: Rate | G4: Per | H4: Amount
A6: 1 | B6: =VLOOKUP(A6,'Details of Measurement'!$A:$O,2,FALSE) -> Site Clearing Work | C6: =D6 -> 3246.75 | D6: =VLOOKUP(B6,'Details of Measurement'!B:N,13,FALSE) -> 3246.75 | E6: =VLOOKUP(B6,'Details of Measurement'!$B$6:$O$2333,14,FALSE) -> Sft | H6: =H10 -> 707142.15
B7: Labours
B8: Worker | C8: =D8*1.1 -> 35.71425 | D8: =D6*1/100 -> 32.4675 | E8: Nos | F8: =VLOOKUP(B8,'Price '!B:D,3,FALSE) -> 19800 | G8: =E8 -> Nos | H8: =C8*F8 -> 707142.15
G9: L | H9: =SUM(H8) -> 707142.15
G10: M+L | H10: =H9 -> 707142.15
A12: 2 | B12: =VLOOKUP(A12,'Details of Measurement'!$A:$O,2,FALSE) -> Surveying & Leveling Work | C12: =D12 -> 2206.75 | D12: =VLOOKUP(B12,'Details of Measurement'!B:N,13,FALSE) -> 2206.75 | E12: =VLOOKUP(B12,'Details of Measurement'!$B$6:$O$2333,14,FALSE) -> Sft | H12: =H23 -> 185212.53
B13: Materials
B14: Jungle Wood | C14: =D14*1.1 -> 0.036411375 | D14: =(D12/10000)*(30/(50*4)) -> 0.03310125 | E14: Ton | F14: =VLOOKUP(B14,'Price '!B:D,3,FALSE) -> 2500000 | G14: =E14 -> Ton | H14: =C14*F14 -> 91028.438
B15: Wire Nail | C15: =D15*1.1 -> 0.50571354 | D15: =(D12/10000)*7.5/3.6 -> 0.45973958 | E15: Viss | F15: =VLOOKUP(B15,'Price '!B:D,3,FALSE) -> 12000 | G15: =E15 -> Viss | H15: =C15*F15 -> 6068.5625
G17: M | H17: =SUM(H14:H15) -> 97097
B18: Labours
B19: Surveyor | C19: =D19*1.1 -> 0.2427425 | D19: =D12*1/10000 -> 0.220675 | E19: Nos | F19: =VLOOKUP(B19,'Price '!B:D,3,FALSE) -> 27500 | G19: =E19 -> Nos | H19: =C19*F19 -> 6675.4188
B20: Carpenter | C20: =D20*1.1 -> 1.2137125 | D20: =D12*5/10000 -> 1.103375 | E20: Nos | F20: =VLOOKUP(B20,'Price '!B:D,3,FALSE) -> 27500 | G20: =E20 -> Nos | H20: =C20*F20 -> 33377.094
B21: Worker | C21: =D21*1.1 -> 2.427425 | D21: =D12*10/10000 -> 2.20675 | E21: Nos | F21: =VLOOKUP(B21,'Price '!B:D,3,FALSE) -> 19800 | G21: =E21 -> Nos | H21: =C21*F21 -> 48063.015
G22: L | H22: =SUM(H19:H21) -> 88115.528
G23: M+L | H23: =H17+H22 -> 185212.53
A24: 3 | B24: =VLOOKUP(A24,'Details of Measurement'!$A:$O,2,FALSE) -> Earth Work Excavating Foundation in Ordinary Soil to a depth of 5Ft. | C24: =D24 -> 11624.031 | D24: =VLOOKUP(B24,'Details of Measurement'!B:N,13,FALSE) -> 11624.031 | E24: =VLOOKUP(B24,'Details of Measurement'!$B$6:$O$2333,14,FALSE) -> Cft | H24: =H27 -> 5063428
B25: Labours
B26: Worker | C26: =D26*1.1 -> 255.72869 | D26: =D24*2/100 -> 232.48063 | E26: Nos | F26: =VLOOKUP(B26,'Price '!B:D,3,FALSE) -> 19800 | G26: =E26 -> Nos | H26: =C26*F26 -> 5063428
G27: L | H27: =SUM(H26) -> 5063428
G28: M+L | H28: =H27 -> 5063428
A30: 4 | B30: =VLOOKUP(A30,'Details of Measurement'!$A:$O,2,FALSE) -> Plumb Concrete with (6"x9") Stone and (1:3:6)Lean Concrete | C30: =D30 -> 1375.625 | D30: =VLOOKUP(B30,'Details of Measurement'!B:N,13,FALSE) -> 1375.625 | E30: =VLOOKUP(B30,'Details of Measurement'!$B$6:$O$2333,14,FALSE) -> Cft | H30: =H39+H51 -> 7285265.3
B31: Hardcore | C31: =C30*1/3 -> 458.54167 | D31: =D30*1/3 -> 458.54167 | E31: Cft
B32: Materials
B33: 6" x 9" Stone | C33: =D33*1.1 -> 5.2961563 | D33: =D31*100/100/100*1.05 -> 4.8146875 | E33: Sud | F33: =VLOOKUP(B33,'Price '!B:D,3,FALSE) -> 220000 | G33: =E33 -> Sud | H33: =C33*F33 -> 1165154.4
G34: M | H34: =SUM(H33:H33) -> 1165154.4
B35: Labours
B36: Mason | C36: =D36*1.1 -> 7.5659375 | D36: =D30*0.5/100 -> 6.878125 | E36: Nos | F36: =VLOOKUP(B36,'Price '!B:D,3,FALSE) -> 27500 | G36: =E36 -> Nos | H36: =C36*F36 -> 208063.28
B37: Worker | C37: =D37*1.1 -> 7.5659375 | D37: =D30*0.5/100 -> 6.878125 | E37: Nos | F37: =VLOOKUP(B37,'Price '!B:D,3,FALSE) -> 19800 | G37: =E37 -> Nos | H37: =C37*F37 -> 149805.56
G38: L | H38: =SUM(H36:H37) -> 357868.84
G39: M+L | H39: =H34+H38 -> 1523023.2
B41: (1:3:6) Concrete | C41: =C30*2/3 -> 917.08333 | D41: =D30*2/3 -> 917.08333 | E41: Cft | H41: =H51 -> 5762242.1 | K41: 275.125 | L41: =D30*2/3 -> 917.08333
B42: Materials
B43: Cement | C43: =D43*1.1 -> 129.701 | D43: =ROUND(D41*1440/112/100,2) -> 117.91 | E43: Bag | F43: =VLOOKUP(B43,'Price '!B:D,3,FALSE) -> 18400 | G43: =E43 -> Bag | H43: =C43*F43 -> 2386498.4
B44: Sand | C44: =D44*1.1 -> 4.84 | D44: =ROUND(D41*48/100/100,2) -> 4.4 | E44: Sud | F44: =VLOOKUP(B44,'Price '!B:D,3,FALSE) -> 50000 | G44: =E44 -> Sud | H44: =C44*F44 -> 242000 | K44: =ROUND(K41*1440/112/100,2) -> 35.37 | L44: =ROUND(L41*1440/112/100,2) -> 117.91
B45: Aggregate | C45: =D45*1.1 -> 9.68 | D45: =ROUND(D41*96/100/100,2) -> 8.8 | E45: Sud | F45: =VLOOKUP(B45,'Price '!B:D,3,FALSE) -> 130000 | G45: =E45 -> Sud | H45: =C45*F45 -> 1258400 | K45: =ROUND(K41*48/100/100,2) -> 1.32 | L45: =ROUND(L41*48/100/100,2) -> 4.4
G46: M | H46: =SUM(H43:H45) -> 3886898.4 | K46: =ROUND(K41*96/100/100,2) -> 2.64 | L46: =ROUND(L41*96/100/100,2) -> 8.8
B47: Labours
B48: Mason | C48: =D48*1.1 -> 10.087917 | D48: =D41*1/100 -> 9.1708333 | E48: Nos | F48: =VLOOKUP(B48,'Price '!B:D,3,FALSE) -> 27500 | G48: =E48 -> Nos | H48: =C48*F48 -> 277417.71
B49: Worker | C49: =D49*1.1 -> 80.703333 | D49: =D41*8/100 -> 73.366667 | E49: Nos | F49: =VLOOKUP(B49,'Price '!B:D,3,FALSE) -> 19800 | G49: =E49 -> Nos | H49: =C49*F49 -> 1597926
G50: L | H50: =SUM(H48:H49) -> 1875343.7 | K50: =K41*1/100 -> 2.75125 | L50: =L41*1/100 -> 9.1708333
G51: M+L | H51: =H46+H50 -> 5762242.1 | K51: =K41*8/100 -> 22.01 | L51: =L41*8/100 -> 73.366667
A53: 5 | B53: =VLOOKUP(A53,'Details of Measurement'!$A:$O,2,FALSE) -> Hardcore Filling Work | C53: =D53 -> 454.10417 | D53: =VLOOKUP(B53,'Details of Measurement'!B:N,13,FALSE) -> 454.10417 | E53: =VLOOKUP(B53,'Details of Measurement'!$B$6:$O$2333,14,FALSE) -> Cft | H53: =H62 -> 1346941.1
B54: Materials
B55: Sand | C55: =D55*1.1 -> 1.4985437 | D55: =D53*30/100/100 -> 1.3623125 | E55: Sud | F55: =VLOOKUP(B55,'Price '!B:D,3,FALSE) -> 50000 | G55: =E55 -> Sud | H55: =C55*F55 -> 74927.187
B56: 6" x 9" Stone | C56: =D56*1.1 -> 5.2449031 | D56: =D53*100/100/100*1.05 -> 4.7680938 | E56: Sud | F56: =VLOOKUP(B56,'Price '!B:D,3,FALSE) -> 220000 | G56: =E56 -> Sud | H56: =C56*F56 -> 1153878.7
G57: M | H57: =SUM(H55:H56) -> 1228805.9
B58: Labours
B59: Mason | C59: =D59*1.1 -> 2.4975729 | D59: =D53*0.5/100 -> 2.2705208 | E59: Nos | F59: =VLOOKUP(B59,'Price '!B:D,3,FALSE) -> 27500 | G59: =E59 -> Nos | H59: =C59*F59 -> 68683.255
B60: Worker | C60: =D60*1.1 -> 2.4975729 | D60: =D53*0.5/100 -> 2.2705208 | E60: Nos | F60: =VLOOKUP(B60,'Price '!B:D,3,FALSE) -> 19800 | G60: =E60 -> Nos | H60: =C60*F60 -> 49451.944
G61: L | H61: =SUM(H59:H60) -> 118135.2
G62: M+L | H62: =H57+H61 -> 1346941.1
A64: 6 | B64: =VLOOKUP(A64,'Details of Measurement'!$A:$O,2,FALSE) -> 1:3:6 Lean Concrete Laying Work | C64: =D64 -> 779.45833 | D64: =VLOOKUP(B64,'Details of Measurement'!B:N,13,FALSE) -> 779.45833 | E64: =VLOOKUP(B64,'Details of Measurement'!$B$6:$O$2333,14,FALSE) -> Cft | H64: =H74 -> 4898105
B65: Materials
B66: Cement | C66: =D66*1.1 -> 110.23768 | D66: =D64*1440/112/100 -> 100.21607 | E66: Bag | F66: =VLOOKUP(B66,'Price '!B:D,3,FALSE) -> 18400 | G66: =E66 -> Bag | H66: =C66*F66 -> 2028373.3
B67: Sand | C67: =D67*1.1 -> 4.11554 | D67: =D64*48/100/100 -> 3.7414 | E67: Sud | F67: =VLOOKUP(B67,'Price '!B:D,3,FALSE) -> 50000 | G67: =E67 -> Sud | H67: =C67*F67 -> 205777
B68: Aggregate | C68: =D68*1.1 -> 8.23108 | D68: =D64*96/100/100 -> 7.4828 | E68: Sud | F68: =VLOOKUP(B68,'Price '!B:D,3,FALSE) -> 130000 | G68: =E68 -> Sud | H68: =C68*F68 -> 1070040.4
G69: M | H69: =SUM(H66:H68) -> 3304190.7
B70: Labours
B71: Mason | C71: =D71*1.1 -> 8.5740417 | D71: =D64*1/100 -> 7.7945833 | E71: Nos | F71: =VLOOKUP(B71,'Price '!B:D,3,FALSE) -> 27500 | G71: =E71 -> Nos | H71: =C71*F71 -> 235786.15
B72: Worker | C72: =D72*1.1 -> 68.592333 | D72: =D64*8/100 -> 62.356667 | E72: Nos | F72: =VLOOKUP(B72,'Price '!B:D,3,FALSE) -> 19800 | G72: =E72 -> Nos | H72: =C72*F72 -> 1358128.2
G73: L | H73: =SUM(H71:H72) -> 1593914.3
G74: M+L | H74: =H69+H73 -> 4898105
A76: 7 | B76: =VLOOKUP(A76,'Details of Measurement'!$A:$O,2,FALSE) -> Sand Filling Work | C76: =D76 -> 2236.875 | D76: =VLOOKUP(B76,'Details of Measurement'!B:N,13,FALSE) -> 2236.875 | E76: =VLOOKUP(B76,'Details of Measurement'!$B$6:$O$2333,14,FALSE) -> Cft | H76: =H84 -> 2025042.9
B77: Foundation
B78: Materials
B79: Sand | C79: =D79*1.1 -> 30.757031 | D79: =D76*125/100/100 -> 27.960938 | E79: Sud | F79: =VLOOKUP(B79,'Price '!B:D,3,FALSE) -> 50000 | G79: =E79 -> Sud | H79: =C79*F79 -> 1537851.6
G80: M | H80: =SUM(H79) -> 1537851.6
B81: Labours
B82: Worker | C82: =D82*1.1 -> 24.605625 | D82: =D76*1/100 -> 22.36875 | E82: Nos | F82: =VLOOKUP(B82,'Price '!B:D,3,FALSE) -> 19800 | G82: =E82 -> Nos | H82: =C82*F82 -> 487191.38
G83: L | H83: =SUM(H82) -> 487191.38
G84: M+L | H84: =H80+H83 -> 2025042.9
C85: =SUMIF($E$87:$E$353,D87,$D$87:$D$353) -> 0 | D85: =SUMIF($E$87:$E$353,E87,$D$87:$D$353) -> 6206.1623 | E85: =E86 -> Cft
A86: 8 | B86: =VLOOKUP(A86,'Details of Measurement'!$A:$O,2,FALSE) -> 1:2:4 Reinforced Cement Concrete Work | C86: =D86 -> 6206.1623 | D86: =VLOOKUP(B86,'Details of Measurement'!B:N,13,FALSE) -> 6206.1623 | E86: =VLOOKUP(B86,'Details of Measurement'!$B$6:$O$2333,14,FALSE) -> Cft | H86: =SUMIF($G$88:$G$353,G99,$H$88:$H$353) -> 57800327 | I86: 8 | J86: =VLOOKUP(I86,'Details of Measurement'!$A:$O,2,FALSE) -> 1:2:4 Reinforced Cement Concrete Work | K86: =D86 -> 6206.1623 | L86: =VLOOKUP(J86,'Details of Measurement'!$B$6:$O$2333,14,FALSE) -> Cft | O86: =O99 -> 47763955
B87: Mat Footing Concrete | C87: =D87 -> 2277.9167 | D87: ='Details of Measurement'!N82 -> 2277.9167 | E87: Cft
B88: Materials | J88: Materials
B89: Cement | C89: =D89*1.1 -> 463.10859 | D89: =D87*2070/112/100 -> 421.00781 | E89: Bag | F89: =VLOOKUP(B89,'Price '!B:D,3,FALSE) -> 18400 | G89: =E89 -> Bag | H89: =C89*F89 -> 8521198.1 | J89: Cement | K89: =K86*2070/112/100 -> 1147.0318 | L89: Bag | M89: =F89 -> 18400 | N89: =L89 -> Bag | O89: =K89*M89 -> 21105385
B90: Sand | C90: =D90*1.1 -> 11.526258 | D90: =D87*46/100/100 -> 10.478417 | E90: Sud | F90: =VLOOKUP(B90,'Price '!B:D,3,FALSE) -> 50000 | G90: =E90 -> Sud | H90: =C90*F90 -> 576312.92 | J90: Sand | K90: =K86*46/100/100 -> 28.548346 | L90: Sud | M90: =F90 -> 50000 | N90: =L90 -> Sud | O90: =K90*M90 -> 1427417.3
B91: Aggregate | C91: =D91*1.1 -> 23.052517 | D91: =D87*92/100/100 -> 20.956833 | E91: Sud | F91: =VLOOKUP(B91,'Price '!B:D,3,FALSE) -> 130000 | G91: =E91 -> Sud | H91: =C91*F91 -> 2996827.2 | J91: Aggregate | K91: =K86*92/100/100 -> 57.096693 | L91: Sud | M91: =F91 -> 130000 | N91: =L91 -> Sud | O91: =K91*M91 -> 7422570.1
B92: Fuel | C92: =D92*1.1 -> 50.114167 | D92: =D87*2/100 -> 45.558333 | E92: Gal | F92: =VLOOKUP(B92,'Price '!B:D,3,FALSE) -> 20000 | G92: =E92 -> Gal | H92: =C92*F92 -> 1002283.3 | J92: Fuel | K92: =K86*2/100 -> 124.12325 | L92: Gal | M92: =F92 -> 20000 | N92: =L92 -> Gal | O92: =K92*M92 -> 2482464.9
G93: M | H93: =SUM(H89:H92) -> 13096622 | N93: M | O93: =SUM(O89:O92) -> 32437837
B94: Labours | J94: Labours
B95: Mason | C95: =D95*1.1 -> 50.114167 | D95: =D87*2/100 -> 45.558333 | E95: Nos | F95: =VLOOKUP(B95,'Price '!B:D,3,FALSE) -> 27500 | G95: Nos | H95: =C95*F95 -> 1378139.6 | J95: Mason | K95: =K86*2/100 -> 124.12325 | L95: Nos | M95: =F95 -> 27500 | N95: Nos | O95: =K95*M95 -> 3413389.3
B96: Worker | C96: =D96*1.1 -> 225.51375 | D96: =D87*9/100 -> 205.0125 | E96: Nos | F96: =VLOOKUP(B96,'Price '!B:D,3,FALSE) -> 19800 | G96: Nos | H96: =C96*F96 -> 4465172.2 | J96: Worker | K96: =K86*9/100 -> 558.5546 | L96: Nos | M96: =F96 -> 19800 | N96: Nos | O96: =K96*M96 -> 11059381
B97: Machine Driver | C97: =D97*1.1 -> 12.528542 | D97: =D87*0.5/100 -> 11.389583 | E97: Nos | F97: =VLOOKUP(B97,'Price '!B:D,3,FALSE) -> 27500 | G97: Nos | H97: =C97*F97 -> 344534.9 | J97: Machine Driver | K97: =K86*0.5/100 -> 31.030811 | L97: Nos | M97: =F97 -> 27500 | N97: Nos | O97: =K97*M97 -> 853347.31
G98: L | H98: =SUM(H95:H97) -> 6187846.7 | N98: L | O98: =SUM(O95:O97) -> 15326118
G99: M+L | H99: =H93+H98 -> 19284468 | N99: M+L | O99: =O93+O98 -> 47763955
B101: Short Column Concrete | C101: =D101 -> 125.48148 | D101: ='Details of Measurement'!N86 -> 125.48148 | E101: Cft
B102: Materials
B103: Cement | C103: =D103*1.1 -> 25.510833 | D103: =D101*2070/112/100 -> 23.191667 | E103: Bag | F103: =VLOOKUP(B103,'Price '!B:D,3,FALSE) -> 18400 | G103: =E103 -> Bag | H103: =C103*F103 -> 469399.33
B104: Sand | C104: =D104*1.1 -> 0.6349363 | D104: =D101*46/100/100 -> 0.57721481 | E104: Sud | F104: =VLOOKUP(B104,'Price '!B:D,3,FALSE) -> 50000 | G104: =E104 -> Sud | H104: =C104*F104 -> 31746.815
B105: Aggregate | C105: =D105*1.1 -> 1.2698726 | D105: =D101*92/100/100 -> 1.1544296 | E105: Sud | F105: =VLOOKUP(B105,'Price '!B:D,3,FALSE) -> 130000 | G105: =E105 -> Sud | H105: =C105*F105 -> 165083.44
B106: Sikadur 31CF | C106: =D106*1.1 -> 1.1 | D106: 1 | E106: Set | F106: =VLOOKUP(B106,'Price '!B:D,3,FALSE) -> 120000 | G106: =E106 -> Set | H106: =C106*F106 -> 132000
B107: Fuel | C107: =D107*1.1 -> 2.7605926 | D107: =D101*2/100 -> 2.5096296 | E107: Gal | F107: =VLOOKUP(B107,'Price '!B:D,3,FALSE) -> 20000 | G107: =E107 -> Gal | H107: =C107*F107 -> 55211.852
G108: M | H108: =SUM(H103:H107) -> 853441.44
B109: Labours
...

Sheet Details of Measurement
A1: Project : Three Storeyed RCC Residential Building, Magway
A2: Work Item : Main Building ( Civil Work )
A3: Detail Of Measurement
A4: No | B4: Particular | C4: Nos | F4: Measurement | L4: Deduc- | M4: Content | N4: Total | O4: Unit
F5: L(Ft-in) | H5: B(Ft) | J5: H(Ft) | L5: tion | N5: Of Each
A6: 1 | B6: Site Clearing Work | N6: =SUM(M7) -> 3246.75 | O6: Sft
B7: (a)Site Clearing | C7: 1 | D7: x | E7: 1 | F7: =35+2*10 -> 55 | G7: 6 | H7: =38+2*10 -> 58 | I7: 6 | M7: =IF(C7=0,1,C7)*IF(E7=0,1,E7)*IF((F7+G7/12)=0,1,(F7+G7/12))*IF((H7+I7/12)=0,1,(H7+I7/12))*IF((J7+K7/12)=0,1,(J7+K7/12)) -> 3246.75
A9: 2 | B9: Surveying & Leveling Work | N9: =SUM(M10) -> 2206.75 | O9: Sft
B10: (a)Surveying & Leveling | C10: 1 | D10: x | E10: 1 | F10: =35+2*5 -> 45 | G10: 6 | H10: =38+2*5 -> 48 | I10: 6 | M10: =IF(C10=0,1,C10)*IF(E10=0,1,E10)*IF((F10+G10/12)=0,1,(F10+G10/12))*IF((H10+I10/12)=0,1,(H10+I10/12))*IF((J10+K10/12)=0,1,(J10+K10/12)) -> 2206.75
A12: 3 | B12: Earth Work Excavating Foundation in Ordinary Soil to a depth of 5Ft. | N12: =SUM(N13:N22) -> 11624.031 | O12: Cft
B13: Mat Footing
B14: MF (35'-6" x 38'-6") GL 1~3 | C14: 1 | D14: x | E14: 1 | F14: 35 | G14: =6 -> 6 | H14: 25 | I14: 7 | J14: 7 | K14: 9 | M14: =IF(C14=0,1,C14)*IF(E14=0,1,E14)*IF((F14+G14/12)=0,1,(F14+G14/12))*IF((H14+I14/12)=0,1,(H14+I14/12))*IF((J14+K14/12)=0,1,(J14+K14/12)) -> 7038.6146
B15: MF (35'-6" x 38'-6") GL 3~4 | C15: 1 | D15: x | E15: 1 | F15: =F14 -> 35 | G15: =G14 -> 6 | H15: 12 | I15: 11 | J15: 10 | K15: 0 | M15: =IF(C15=0,1,C15)*IF(E15=0,1,E15)*IF((F15+G15/12)=0,1,(F15+G15/12))*IF((H15+I15/12)=0,1,(H15+I15/12))*IF((J15+K15/12)=0,1,(J15+K15/12)) -> 4585.4167
N16: =SUM(M14:M15) -> 11624.031 | O16: Cft
B17: (b) Retaining Wall
B18: X-Direction
B19: 17'-6" Span at GL- 1 | C19: 1 | D19: x | E19: 1 | F19: =17-1 -> 16 | G19: 6 | H19: 1 | I19: 8 | J19: 3 | K19: 0
B20: 16'-0" Span at GL- 1 | C20: 1 | D20: x | E20: 1 | F20: =8 -> 8 | G20: 6 | H20: =H19 -> 1 | I20: =I19 -> 8 | J20: =J19 -> 3 | K20: =K19 -> 0
N21: =SUM(M18:M20) -> 0 | O21: Cft
A23: 4 | B23: Plumb Concrete with (6"x9") Stone and (1:3:6)Lean Concrete | N23: =SUM(N24:N27) -> 1375.625 | O23: Cft
B24: Mat Footing
B25: MF (35'-6" x 38'-6") GL 3~4 | C25: =C15 -> 1 | D25: x | E25: =E15 -> 1 | F25: =F15 -> 35 | G25: =G15 -> 6 | H25: =H15 -> 12 | I25: =I15 -> 11 | J25: 3 | K25: 0 | M25: =IF(C25=0,1,C25)*IF(E25=0,1,E25)*IF((F25+G25/12)=0,1,(F25+G25/12))*IF((H25+I25/12)=0,1,(H25+I25/12))*IF((J25+K25/12)=0,1,(J25+K25/12)) -> 1375.625
E26: =SUM(E25:E25) -> 1 | N26: =SUM(M25:M25) -> 1375.625 | O26: Cft
A28: 5 | B28: Hardcore Filling Work | N28: =SUM(N29:N32) -> 454.10417 | O28: Cft
B29: Mat Footing
B30: MF (35'-6" x 38'-6") GL 1~3 | C30: =C14 -> 1 | D30: x | E30: =E14 -> 1 | F30: =F14 -> 35 | G30: =G14 -> 6 | H30: =H14 -> 25 | I30: =I14 -> 7 | J30: 0 | K30: 6 | M30: =IF(C30=0,1,C30)*IF(E30=0,1,E30)*IF((F30+G30/12)=0,1,(F30+G30/12))*IF((H30+I30/12)=0,1,(H30+I30/12))*IF((J30+K30/12)=0,1,(J30+K30/12)) -> 454.10417
E31: =SUM(E30:E30) -> 1 | N31: =SUM(M30:M30) -> 454.10417 | O31: Cft
A33: 6 | B33: 1:3:6 Lean Concrete Laying Work | N33: =SUM(N34:N64) -> 779.45833 | O33: Cft
B34: (a)Footing (3" Thk Lean)
B35: MF (35'-6" x 38'-6") GL 1~3 | C35: =C14 -> 1 | D35: x | E35: =E14 -> 1 | F35: =F14 -> 35 | G35: =G14 -> 6 | H35: =H14 -> 25 | I35: =I14 -> 7 | J35: 0 | K35: 3 | M35: =IF(C35=0,1,C35)*IF(E35=0,1,E35)*IF((F35+G35/12)=0,1,(F35+G35/12))*IF((H35+I35/12)=0,1,(H35+I35/12))*IF((J35+K35/12)=0,1,(J35+K35/12)) -> 227.05208
N36: =SUM(M35:M35) -> 227.05208 | O36: Cft
B37: (b) Retaining Wall (6" Thk Lean)
B38: X-Direction
B39: 17'-6" Span at GL- 1&4 | C39: 1 | D39: x | E39: 2 | F39: =17-1 -> 16 | G39: 0 | H39: =H19 -> 1 | I39: =I19 -> 8 | J39: =0 -> 0 | K39: 6 | M39: =IF(C39=0,1,C39)*IF(E39=0,1,E39)*IF((F39+G39/12)=0,1,(F39+G39/12))*IF((H39+I39/12)=0,1,(H39+I39/12))*IF((J39+K39/12)=0,1,(J39+K39/12)) -> 26.666667 | P39: =17.5-1.5*1 -> 16
B40: 16'-0" Span at GL- 1&4 | C40: 1 | D40: x | E40: 2 | F40: 14 | G40: 6 | H40: =H39 -> 1 | I40: =I39 -> 8 | J40: =J39 -> 0 | K40: =K39 -> 6 | M40: =IF(C40=0,1,C40)*IF(E40=0,1,E40)*IF((F40+G40/12)=0,1,(F40+G40/12))*IF((H40+I40/12)=0,1,(H40+I40/12))*IF((J40+K40/12)=0,1,(J40+K40/12)) -> 24.166667 | P40: =16-1.5 -> 14.5
B41: 11'-0" Span betw; GL- 1&2 | C41: =1 -> 1 | D41: x | E41: 1 | F41: 11 | G41: 0 | H41: =H40 -> 1 | I41: =I40 -> 8 | J41: =J40 -> 0 | K41: =K40 -> 6 | M41: =IF(C41=0,1,C41)*IF(E41=0,1,E41)*IF((F41+G41/12)=0,1,(F41+G41/12))*IF((H41+I41/12)=0,1,(H41+I41/12))*IF((J41+K41/12)=0,1,(J41+K41/12)) -> 9.1666667
B42: 17'-6" Span at GL- 2&3 | C42: 1 | D42: x | E42: 2 | F42: 15 | G42: 9 | H42: =H41 -> 1 | I42: =I41 -> 8 | J42: =J41 -> 0 | K42: =K41 -> 6 | M42: =IF(C42=0,1,C42)*IF(E42=0,1,E42)*IF((F42+G42/12)=0,1,(F42+G42/12))*IF((H42+I42/12)=0,1,(H42+I42/12))*IF((J42+K42/12)=0,1,(J42+K42/12)) -> 26.25 | P42: =17.5-1*1.17-0.5*1.17 -> 15.745
B43: 16'-0" Span at GL- 2&3 | C43: 1 | D43: x | E43: 2 | F43: 14 | G43: 5 | H43: =H42 -> 1 | I43: =I42 -> 8 | J43: =J42 -> 0 | K43: =K42 -> 6 | M43: =IF(C43=0,1,C43)*IF(E43=0,1,E43)*IF((F43+G43/12)=0,1,(F43+G43/12))*IF((H43+I43/12)=0,1,(H43+I43/12))*IF((J43+K43/12)=0,1,(J43+K43/12)) -> 24.027778 | P43: =16-1*1-0.5*1.17 -> 14.415
B44: 7'-11" Span betw; GL- 2&3 | C44: 1 | D44: x | E44: 1 | F44: 7 | G44: 11 | H44: =H43 -> 1 | I44: =I43 -> 8 | J44: =J43 -> 0 | K44: =K43 -> 6 | M44: =IF(C44=0,1,C44)*IF(E44=0,1,E44)*IF((F44+G44/12)=0,1,(F44+G44/12))*IF((H44+I44/12)=0,1,(H44+I44/12))*IF((J44+K44/12)=0,1,(J44+K44/12)) -> 6.5972222
E45: =C39*E39+C41*E41+C42*E42+C43*E43+C44*E44+C40*E40 -> 10
B46: Y-Direction
B47: 15'-7" Span at GL- A&B | C47: 1 | D47: x | E47: 2 | F47: 14 | G47: =0 -> 0 | H47: =H44 -> 1 | I47: =I44 -> 8 | J47: =J44 -> 0 | K47: =K44 -> 6 | M47: =IF(C47=0,1,C47)*IF(E47=0,1,E47)*IF((F47+G47/12)=0,1,(F47+G47/12))*IF((H47+I47/12)=0,1,(H47+I47/12))*IF((J47+K47/12)=0,1,(J47+K47/12)) -> 23.333333 | P47: =15.58-1*1-0.5*1.17 -> 13.995
B48: 15'-7" Span at GL- C | C48: 1 | D48: x | E48: 1 | F48: 14 | G48: 1 | H48: =H47 -> 1 | I48: =I47 -> 8 | J48: =J47 -> 0 | K48: =K47 -> 6 | M48: =IF(C48=0,1,C48)*IF(E48=0,1,E48)*IF((F48+G48/12)=0,1,(F48+G48/12))*IF((H48+I48/12)=0,1,(H48+I48/12))*IF((J48+K48/12)=0,1,(J48+K48/12)) -> 11.736111 | P48: =15.58-1.5*1 -> 14.08
B49: 14'-6" Span betw; GL- A&B | C49: 1 | D49: x | E49: 1 | F49: 14 | G49: 6 | H49: =H48 -> 1 | I49: =I48 -> 8 | J49: =J48 -> 0 | K49: =K48 -> 6 | M49: =IF(C49=0,1,C49)*IF(E49=0,1,E49)*IF((F49+G49/12)=0,1,(F49+G49/12))*IF((H49+I49/12)=0,1,(H49+I49/12))*IF((J49+K49/12)=0,1,(J49+K49/12)) -> 12.083333
B50: 9'-0" Span at GL- A&B | C50: 1 | D50: x | E50: 2 | F50: 7 | G50: 10 | H50: =H49 -> 1 | I50: =I49 -> 8 | J50: =J49 -> 0 | K50: =K49 -> 6 | M50: =IF(C50=0,1,C50)*IF(E50=0,1,E50)*IF((F50+G50/12)=0,1,(F50+G50/12))*IF((H50+I50/12)=0,1,(H50+I50/12))*IF((J50+K50/12)=0,1,(J50+K50/12)) -> 13.055556 | P50: =9-1*1.17 -> 7.83
B51: 9'-0" Span at GL- C | C51: 1 | D51: x | E51: 1 | F51: 8 | G51: 0 | H51: =H50 -> 1 | I51: =I50 -> 8 | J51: =J50 -> 0 | K51: =K50 -> 6 | M51: =IF(C51=0,1,C51)*IF(E51=0,1,E51)*IF((F51+G51/12)=0,1,(F51+G51/12))*IF((H51+I51/12)=0,1,(H51+I51/12))*IF((J51+K51/12)=0,1,(J51+K51/12)) -> 6.6666667 | P51: =9-1*1 -> 8
B52: 9'-0" Span betw; GL-B&C | C52: 1 | D52: x | E52: 1 | F52: 8 | G52: 8 | H52: =H51 -> 1 | I52: =I51 -> 8 | J52: =J51 -> 0 | K52: =K51 -> 6 | M52: =IF(C52=0,1,C52)*IF(E52=0,1,E52)*IF((F52+G52/12)=0,1,(F52+G52/12))*IF((H52+I52/12)=0,1,(H52+I52/12))*IF((J52+K52/12)=0,1,(J52+K52/12)) -> 7.2222222 | P52: Autocad
B53: 11'-11" Span at GL- A&B | C53: 1 | D53: x | E53: 2 | F53: 10 | G53: 4 | H53: =H52 -> 1 | I53: =I52 -> 8 | J53: =J52 -> 0 | K53: =K52 -> 6 | M53: =IF(C53=0,1,C53)*IF(E53=0,1,E53)*IF((F53+G53/12)=0,1,(F53+G53/12))*IF((H53+I53/12)=0,1,(H53+I53/12))*IF((J53+K53/12)=0,1,(J53+K53/12)) -> 17.222222 | P53: =11.92-1*1-0.5*1.17 -> 10.335
B54: 11'-11" Span at GL- C | C54: 1 | D54: x | E54: 1 | F54: 10 | G54: 5 | H54: =H53 -> 1 | I54: =I53 -> 8 | J54: =J53 -> 0 | K54: =K53 -> 6 | M54: =IF(C54=0,1,C54)*IF(E54=0,1,E54)*IF((F54+G54/12)=0,1,(F54+G54/12))*IF((H54+I54/12)=0,1,(H54+I54/12))*IF((J54+K54/12)=0,1,(J54+K54/12)) -> 8.6805556 | P54: =11.92-1.5*1 -> 10.42
E55: =C48*E48+C49*E49+C50*E50+C51*E51+C53*E53+C54*E54+C52*E52+C47*E47 -> 11 | N55: =SUM(M37:M54) -> 216.875 | O55: Cft
B56: (c) Flooring (4½" Thk Lean)
B57: Ground Floor Area
B58: (17'-6"x11'-11") Span betw; GL A&B and 3&4 | C58: 1 | D58: x | E58: 1 | F58: 16 | G58: 4.5 | H58: 10 | I58: 9.5 | J58: =0 -> 0 | K58: =4.5 -> 4.5 | M58: =IF(C58=0,1,C58)*IF(E58=0,1,E58)*IF((F58+G58/12)=0,1,(F58+G58/12))*IF((H58+I58/12)=0,1,(H58+I58/12))*IF((J58+K58/12)=0,1,(J58+K58/12)) -> 66.267578 | P58: =17.5-1.5*0.75 -> 16.375 | Q58: =11.92-1.5*0.75 -> 10.795
B59: (16'-0"x11'-11") Span betw; GL B&C and 3&4 | C59: 1 | D59: x | E59: 1 | F59: 14 | G59: 10.5 | H59: =H58 -> 10 | I59: =I58 -> 9.5 | J59: =J58 -> 0 | K59: =K58 -> 4.5 | M59: =IF(C59=0,1,C59)*IF(E59=0,1,E59)*IF((F59+G59/12)=0,1,(F59+G59/12))*IF((H59+I59/12)=0,1,(H59+I59/12))*IF((J59+K59/12)=0,1,(J59+K59/12)) -> 60.197266 | P59: =16-0.75*1.5 -> 14.875 | Q59: =11.92-1.5*0.75 -> 10.795
B60: (17'-6"x9'-0") Span betw; GL A&B and 2&3 | C60: 1 | D60: x | E60: 1 | F60: =F58 -> 16 | G60: =G58 -> 4.5 | H60: 8 | I60: =3 -> 3 | J60: =0 -> 0 | K60: =4.5 -> 4.5 | N60: Basement | P60: =17.5-1.5*0.75 -> 16.375 | Q60: =9-0.75 -> 8.25
B61: (16'-0"x9'-0") Span betw; GL B&C and 2&3 | C61: =1 -> 1 | D61: x | E61: 1 | F61: =14 -> 14 | G61: 1.5 | H61: 8 | I61: 3 | J61: =0 -> 0 | K61: =4.5 -> 4.5 | M61: =IF(C61=0,1,C61)*IF(E61=0,1,E61)*IF((F61+G61/12)=0,1,(F61+G61/12))*IF((H61+I61/12)=0,1,(H61+I61/12))*IF((J61+K61/12)=0,1,(J61+K61/12)) -> 43.699219 | P61: =16-2.5*0.75 -> 14.125 | Q61: =9-2*0.75*0.5 -> 8.25
B62: (17'-6"x15'-7") Span betw; GL A&B and 1&2 | C62: =1 -> 1 | D62: x | E62: 1 | F62: 15 | G62: 7.5 | H62: 14 | I62: 5.5 | J62: =0 -> 0 | K62: =4.5 -> 4.5 | M62: =IF(C62=0,1,C62)*IF(E62=0,1,E62)*IF((F62+G62/12)=0,1,(F62+G62/12))*IF((H62+I62/12)=0,1,(H62+I62/12))*IF((J62+K62/12)=0,1,(J62+K62/12)) -> 84.716797 | P62: =17.5-2.5*0.75 -> 15.625 | Q62: =15.58-1.5*0.75 -> 14.455
B63: (16'-0"x15'-7") Span betw; GL B&C and 1&2 | C63: =1 -> 1 | D63: x | E63: =1 -> 1 | F63: 14 | G63: 10.5 | H63: 14 | I63: 5.5 | J63: =0 -> 0 | K63: =4.5 -> 4.5 | M63: =IF(C63=0,1,C63)*IF(E63=0,1,E63)*IF((F63+G63/12)=0,1,(F63+G63/12))*IF((H63+I63/12)=0,1,(H63+I63/12))*IF((J63+K63/12)=0,1,(J63+K63/12)) -> 80.650391 | P63: =16-1.5*0.75 -> 14.875 | Q63: =15.58-1.5*0.75 -> 14.455
E64: =C58*E58+C59*E59+C60*E60+C62*E62+C63*E63+C61*E61 -> 6 | N64: =SUM(M58:M63) -> 335.53125 | O64: Cft
B67: Flooring Work
A68: 7 | B68: Sand Filling Work | N68: =SUM(M69:M77) -> 2236.875 | O68: Cft
B69: Ground Floor Area
B70: (17'-6"x11'-11") Span betw; GL A&B and 3&4 | C70: =C58 -> 1 | D70: x | E70: =E58 -> 1 | F70: =F58 -> 16 | G70: =G58 -> 4.5 | H70: =H58 -> 10 | I70: =I58 -> 9.5 | J70: 2 | K70: =6 -> 6 | M70: =IF(C70=0,1,C70)*IF(E70=0,1,E70)*IF((F70+G70/12)=0,1,(F70+G70/12))*IF((H70+I70/12)=0,1,(H70+I70/12))*IF((J70+K70/12)=0,1,(J70+K70/12)) -> 441.78385
B71: (16'-0"x11'-11") Span betw; GL B&C and 3&4 | C71: =C59 -> 1 | D71: x | E71: =E59 -> 1 | F71: =F59 -> 14 | G71: =G59 -> 10.5 | H71: =H59 -> 10 | I71: =I59 -> 9.5 | J71: 2 | K71: =6 -> 6 | M71: =IF(C71=0,1,C71)*IF(E71=0,1,E71)*IF((F71+G71/12)=0,1,(F71+G71/12))*IF((H71+I71/12)=0,1,(H71+I71/12))*IF((J71+K71/12)=0,1,(J71+K71/12)) -> 401.3151
B72: (17'-6"x9'-0") Span betw; GL A&B and 2&3 | C72: =C60 -> 1 | D72: x | E72: =E60 -> 1 | F72: =F60 -> 16 | G72: =G60 -> 4.5 | H72: =H60 -> 8 | I72: =I60 -> 3 | J72: 2 | K72: =6 -> 6 | N72: Basement
B73: (16'-0"x9'-0") Span betw; GL B&C and 2&3 | C73: =C61 -> 1 | D73: x | E73: =E61 -> 1 | F73: =F61 -> 14 | G73: =G61 -> 1.5 | H73: =H61 -> 8 | I73: =I61 -> 3 | J73: 2 | K73: =6 -> 6 | M73: =IF(C73=0,1,C73)*IF(E73=0,1,E73)*IF((F73+G73/12)=0,1,(F73+G73/12))*IF((H73+I73/12)=0,1,(H73+I73/12))*IF((J73+K73/12)=0,1,(J73+K73/12)) -> 291.32812
B74: (17'-6"x15'-7") Span betw; GL A&B and 1&2 | C74: =C62 -> 1 | D74: x | E74: =E62 -> 1 | F74: =F62 -> 15 | G74: =G62 -> 7.5 | H74: =H62 -> 14 | I74: =I62 -> 5.5 | J74: 2 | K74: =6 -> 6 | M74: =IF(C74=0,1,C74)*IF(E74=0,1,E74)*IF((F74+G74/12)=0,1,(F74+G74/12))*IF((H74+I74/12)=0,1,(H74+I74/12))*IF((J74+K74/12)=0,1,(J74+K74/12)) -> 564.77865
B75: (16'-0"x15'-7") Span betw; GL B&C and 1&2 | C75: =C63 -> 1 | D75: x | E75: =E63 -> 1 | F75: =F63 -> 14 | G75: =G63 -> 10.5 | H75: =H63 -> 14 | I75: =I63 -> 5.5 | J75: 2 | K75: =6 -> 6 | M75: =IF(C75=0,1,C75)*IF(E75=0,1,E75)*IF((F75+G75/12)=0,1,(F75+G75/12))*IF((H75+I75/12)=0,1,(H75+I75/12))*IF((J75+K75/12)=0,1,(J75+K75/12)) -> 537.66927
N77: =SUM(M70:M75) -> 2236.875 | O77: Cft
A79: 8 | B79: 1:2:4 Reinforced Cement Concrete Work | N79: =SUM(N81:N404) -> 6206.1623 | O79: Cft
B80: (a)Mat Footing
B81: =B35 -> MF (35'-6" x 38'-6") GL 1~3 | C81: =C35 -> 1 | D81: x | E81: =E35 -> 1 | F81: =F35 -> 35 | G81: =G35 -> 6 | H81: 38 | I81: 6 | J81: =1 -> 1 | K81: 8 | M81: =IF(C81=0,1,C81)*IF(E81=0,1,E81)*IF((F81+G81/12)=0,1,(F81+G81/12))*IF((H81+I81/12)=0,1,(H81+I81/12))*IF((J81+K81/12)=0,1,(J81+K81/12)) -> 2277.9167
E82: =SUM(E81:E81) -> 1 | L82: =B80 -> (a)Mat Footing | N82: =SUM(M81:M81) -> 2277.9167 | O82: Cft
B83: (b) Column Stump(BF to GF)
B84: C1,C2,C3,C6,C9,C10,C11,C12 (12"x12") | C84: =C81 -> 1 | D84: x | E84: 8 | F84: =1 -> 1 | G84: 0 | H84: =1 -> 1 | I84: 0 | J84: 9 | K84: 4 | M84: =IF(C84=0,1,C84)*IF(E84=0,1,E84)*IF((F84+G84/12)=0,1,(F84+G84/12))*IF((H84+I84/12)=0,1,(H84+I84/12))*IF((J84+K84/12)=0,1,(J84+K84/12)) -> 74.666667 | P84: =11-1.67 -> 9.33
B85: C4,C5,C7,C8 (14"x14") | C85: 1 | D85: x | E85: 4 | F85: =1 -> 1 | G85: 2 | H85: =1 -> 1 | I85: 2 | J85: =J84 -> 9 | K85: =K84 -> 4 | M85: =IF(C85=0,1,C85)*IF(E85=0,1,E85)*IF((F85+G85/12)=0,1,(F85+G85/12))*IF((H85+I85/12)=0,1,(H85+I85/12))*IF((J85+K85/12)=0,1,(J85+K85/12)) -> 50.814815 | P85: =11-1.67 -> 9.33
E86: =SUM(E84:E85) -> 12 | J86: =B83 -> (b) Column Stump(BF to GF) | N86: =SUM(M84:M85) -> 125.48148 | O86: Cft
B87: (b1) Basement Wall(BF to GF)
B88: BW, 17'-6" Span | C88: 1 | D88: x | E88: 2 | F88: 15 | G88: 11 | H88: 0 | I88: 10 | J88: =J84 -> 9 | K88: =K84 -> 4 | M88: =C88*E88*(F88+G88/12)*(H88+I88/12)*(J88+K88/12) -> 247.59259 | P88: =17.5-1.5*1.17 -> 15.745
B89: BW, 9'-0" Span | C89: 1 | D89: x | E89: 2 | F89: 7 | G89: 10 | H89: 0 | I89: 10 | J89: =J88 -> 9 | K89: =K88 -> 4 | M89: =C89*E89*(F89+G89/12)*(H89+I89/12)*(J89+K89/12) -> 121.85185 | P89: =9-1*1.17 -> 7.83
J90: =B87 -> (b1) Basement Wall(BF to GF) | N90: =SUM(M88:M89) -> 369.44444 | O90: Cft
B92: (c) Long Column(GF to 1st Floor)
B93: C1,C2,C3,C6,C9,C10,C11,C12 (12"x12") | C93: =C84 -> 1 | D93: x | E93: =E84 -> 8 | F93: =F84 -> 1 | G93: =G84 -> 0 | H93: =H84 -> 1 | I93: =I84 -> 0 | J93: 13 | K93: 0 | M93: =IF(C93=0,1,C93)*IF(E93=0,1,E93)*IF((F93+G93/12)=0,1,(F93+G93/12))*IF((H93+I93/12)=0,1,(H93+I93/12))*IF((J93+K93/12)=0,1,(J93+K93/12)) -> 104
B94: C4,C5,C7,C8 (14"x14") | C94: =C85 -> 1 | D94: x | E94: =E85 -> 4 | F94: =F85 -> 1 | G94: =G85 -> 2 | H94: =H85 -> 1 | I94: =I85 -> 2 | J94: =J93 -> 13 | K94: 0 | M94: =IF(C94=0,1,C94)*IF(E94=0,1,E94)*IF((F94+G94/12)=0,1,(F94+G94/12))*IF((H94+I94/12)=0,1,(H94+I94/12))*IF((J94+K94/12)=0,1,(J94+K94/12)) -> 70.777778
E95: =SUM(E93:E94) -> 12 | J95: =B92 -> (c) Long Column(GF to 1st Floor) | N95: =SUM(M92:M94) -> 174.77778 | O95: Cft
B97: (d) Long Column(1st Floor to 2nd Floor)
B98: C1,C2,C3,C5,C6,C7,C8,C9,C10,C11,C12 (12"x12") | C98: =C94 -> 1 | D98: x | E98: 11 | F98: =F93 -> 1 | G98: =G93 -> 0 | H98: =H93 -> 1 | I98: =I93 -> 0 | J98: 12 | K98: 0 | M98: =IF(C98=0,1,C98)*IF(E98=0,1,E98)*IF((F98+G98/12)=0,1,(F98+G98/12))*IF((H98+I98/12)=0,1,(H98+I98/12))*IF((J98+K98/12)=0,1,(J98+K98/12)) -> 132
B99: C4(14"x14") | C99: 1 | D99: x | E99: 1 | F99: =F94 -> 1 | G99: =G94 -> 2 | H99: =H94 -> 1 | I99: =I94 -> 2 | J99: =J98 -> 12 | K99: 0 | M99: =IF(C99=0,1,C99)*IF(E99=0,1,E99)*IF((F99+G99/12)=0,1,(F99+G99/12))*IF((H99+I99/12)=0,1,(H99+I99/12))*IF((J99+K99/12)=0,1,(J99+K99/12)) -> 16.333333
E100: =SUM(E98:E99) -> 12 | H100: =B97 -> (d) Long Column(1st Floor to 2nd Floor) | N100: =SUM(M97:M99) -> 148.33333 | O100: Cft
B102: (e) Long Column(2nd Floor to Roof Floor)
B103: C1 to C12 (12"x12") | C103: =C99 -> 1 | D103: x | E103: 12 | F103: =F98 -> 1 | G103: =G98 -> 0 | H103: =H98 -> 1 | I103: =I98 -> 0 | J103: 11 | K103: 0 | M103: =IF(C103=0,1,C103)*IF(E103=0,1,E103)*IF((F103+G103/12)=0,1,(F103+G103/12))*IF((H103+I103/12)=0,1,(H103+I103/12))*IF((J103+K103/12)=0,1,(J103+K103/12)) -> 132
E104: =SUM(E103:E103) -> 12 | H104: =B102 -> (e) Long Column(2nd Floor to Roof Floor) | N104: =SUM(M102:M103) -> 132 | O104: Cft
B106: (f) Basement Beam
B107: BB1 (10"x10")
B108: 9'-0" Span at GL- A&B | C108: =1 -> 1 | D108: x | E108: =2 -> 2 | F108: 7 | G108: 10 | H108: 0 | I108: 10 | J108: 0 | K108: 10 | M108: =IF(C108=0,1,C108)*IF(E108=0,1,E108)*IF((F108+G108/12)=0,1,(F108+G108/12))*IF((H108+I108/12)=0,1,(H108+I108/12))*IF((J108+K108/12)=0,1,(J108+K108/12)) -> 10.87963 | P108: =9-1*1.17 -> 7.83
B109: BB2 (10"x14")
B110: 17'-6" Span at GL- 2&3 | C110: 1 | D110: x | E110: 2 | F110: 15 | G110: 9 | H110: =H108 -> 0 | I110: =I108 -> 10 | J110: =J108 -> 0 | K110: 14 | M110: =IF(C110=0,1,C110)*IF(E110=0,1,E110)*IF((F110+G110/12)=0,1,(F110+G110/12))*IF((H110+I110/12)=0,1,(H110+I110/12))*IF((J110+K110/12)=0,1,(J110+K110/12)) -> 30.625 | P110: =17.5-1.5*1.17 -> 15.745
L111: =B106 -> (f) Basement Beam | N111: =SUM(M108:M110) -> 41.50463 | O111: Cft
B112: (g) Ground Beam
B113: GB1 (10"x10")
...

Sheet Price 
A2: 1 | B2: Cement | C2: Bags | D2: 18400
A3: 2 | B3: Sand | C3: Suds | D3: 50000 | H3: 12000
A4: 3 | B4: Aggregate | C4: Suds | D4: 130000 | H4: 70000
A5: 4 | B5: 6" x 9" Stone | C5: Suds | D5: 220000
A6: 5 | B6: Fuel | C6: Gal | D6: 20000
A7: 6 | B7: Impermo | C7: Bag | D7: 7500
A8: 7 | B8: Sikament-9 | C8: Lit | D8: 14700
A9: 8 | B9: Bonding Agent | C9: Lit | D9: 14950
A10: 9 | B10: Sikadur 31CF | C10: Set | D10: 120000
A11: 10 | B11: Jungle Wood | C11: Ton | D11: 2500000 | H11: 650000
B12: T-Post (3"x 2") Jungle Wood | C12: Ton | D12: 1500000
A13: 11 | B13: 5-plywood | C13: Sht | D13: 75000
A14: 12 | B14: Wire Nail | C14: Viss | D14: 12000
A15: 13 | B15: Ø 16mm Deform Bar | C15: Ton | D15: 2420000 | H15: =460000*1.05 -> 483000
A16: 14 | B16: Ø 12mm Deform Bar | C16: Ton | D16: 2060000 | H16: =480000*1.05 -> 504000
A17: 15 | B17: Ø 10mm Deform Bar | C17: Ton | D17: 2450000
A18: 16 | B18: Ø 6.5mm Deform Bar | C18: Ton | D18: 3430000
A19: 17 | B19: Binding Wire | C19: Lbs | D19: 12000
A20: 18 | B20: Brick( 3 Hole Brick ) | C20: Nos | D20: 285
A21: 19 | B21: X-met (2-1/2" Wide) | C21: Rft | D21: 170
A22: 20 | B22: Pyingadoo Wood | C22: Ton | D22: =D12 -> 1500000
A23: 21 | B23: 5"x3" Chowket | C23: Rft | D23: 14000
A24: 22 | B24: 5"x2" Chowket | C24: Rft | D24: 9500
A25: 23 | B25: Chowket Bracket | C25: Nos. | D25: 450
A26: 24 | B26: Coal Tar | C26: Bottle | D26: 12000 | I26: Labour
A27: 25 | B27: Ready Made Teak Door Leaf (1½" Thk) | C27: Sft | I27: 1976
A28: 26 | B28: Ready Made Teak Door Leaf | C28: Sft | I28: 1271
A29: 27 | B29: Door Lock | C29: Nos
A30: 28 | B30: 4" Butt Hinge | C30: Nos | K30: =5000/6.24 -> 801.28205 | M30: =12*12*8 -> 1152
A31: 29 | B31: 6" Hand Rail | C31: Nos | M31: =12*12*6 -> 864
A32: 30 | B32: 6" Towel Bolt | C32: Nos
A33: 31 | B33: Hook & Eye | C33: Nos
A34: 32 | B34: Wood Screw | C34: Lbs
A35: 33 | B35: Fully Glass Panel | C35: Sft
A36: 34 | B36: PVC Window (Thailand) | C36: Sft
A37: 35 | B37: Emulsion Paint | C37: Gal | I37: =25700/5 -> 5140
A38: 36 | B38: Roller | C38: Nos
A39: 37 | B39: Putty (Walling) | C39: Gal
A40: 37 | B40: Sand Paper | C40: Doz
A41: 38 | B41: Putty Trowel | C41: Nos
A42: 39 | B42: Enamel Paint | C42: Gal
A43: 40 | B43: Turpentine | C43: Gal
A44: 41 | B44: Red Oxide | C44: Gal
A45: 42 | B45: 4" Paint Brush | C45: Nos
A46: 43 | B46: 2" Paint Brush | C46: Nos
A47: 44 | B47: 8" x 10" Tiles | C47: Nos | H47: 500
A48: 45 | B48: 8" x 8" Tiles | C48: Nos | H48: 400
A49: 46 | B49: White Cement | C49: Lbs
A50: 47 | B50: Iron Grill Work ( M + L ) | C50: Sft
A51: 48 | B51: Stainless Steel Handrail Work ( M + L ) | C51: Sft
A52: 49 | B52: Plastic Sheet | C52: Rft | D52: 1500
A53: 50 | B53: Bamboo | C53: Nos | D53: 2000
A54: 51 | B54: Coir Yarn | C54: Viss | D54: 15000
A55: 52 | B55: T-Rental Charges | C55: Nos. | D55: =G55*H55*I55 -> 8100 | G55: 30 | H55: 90 | I55: 3
A56: 53 | B56: Concrete Nail | C56: Box | D56: 10000
A57: 54 | B57: Iron Grill Installation Work (M+L) | C57: Sft
A58: 55 | B58: Aluminium & Glass
B59: Ø 16mm Deform Bar (Footing) | D59: =D15 -> 2420000
B60: Ø 12mm Deform Bar (BW) | D60: =D16 -> 2060000
B61: Ø 10mm Deform Bar (BW) | D61: =D17 -> 2450000
B62: Ø 12mm Deform Bar (Column) | D62: =D60 -> 2060000
B63: Ø 10mm Deform Bar (Column) | D63: =D61 -> 2450000
B64: Ø 6.5mm Deform Bar (Column) | D64: =D18 -> 3430000
B65: Ø 16mm DF(Beam) | D65: =D59 -> 2420000
B66: Ø 12mm DF(Beam) | D66: =D60 -> 2060000
B67: Ø 10mm DF(Beam) | D67: =D61 -> 2450000
B68: Ø 16mm DF(Slab) | D68: =D59 -> 2420000
B69: Ø 12mm DF(Slab) | D69: =D60 -> 2060000
B70: Ø 10mm DF(Slab) | D70: =D63 -> 2450000
B71: Ø 10mm DF(Stiffner) | D71: =D70 -> 2450000
B72: Ø 6.5mm DF(Stiffner) | D72: =D18 -> 3430000
B73: Ø 16mm Deform Bar (Column) | D73: =D59 -> 2420000
B74: Water Stopper Installation (M+L) | C74: Rft | D74: =ROUNDUP(((F74/10)/3.281)*1.1,-2) -> 6800 | E74: 10M | F74: =150000+50000 -> 200000
B75: Water Proofing Membrane Installation(M+L) | C75: Sft | D75: =ROUNDUP((F75/100)/2,-2) -> 6100 | E75: 20kg | F75: =525000+525000*1.3 -> 1207500 | G75: =525000 -> 525000 | H75: =G75*0.3 -> 157500 | I75: =H75/2 -> 78750 | J75: =1500*100 -> 150000
B76: Ø 10mm Deform Bar (Footing) | D76: =D70 -> 2450000
B77: Stainless Steel & Glass Handrail Work ( M + L )
A78: 1 | B78: Mason | C78: Nos | D78: 27500
A79: 2 | B79: Worker | C79: Nos | D79: 19800
A80: 3 | B80: Carpenter | C80: Nos | D80: =D78 -> 27500
A81: 4 | B81: Steel Fixer | C81: Nos | D81: =D80 -> 27500
A82: 5 | B82: Painter | C82: Nos | D82: =D81 -> 27500
A83: 6 | B83: Smith | C83: Nos | D83: =D82 -> 27500
A84: 7 | B84: Surveyor | C84: Nos | D84: =D82 -> 27500
A85: 8 | B85: Machine Driver | C85: Nos | D85: =D83 -> 27500
A86: 9 | B86: Labour (Structure Of Roof) | C86: Sft

Sheet Summary(Apron)
A1: Project : ရန္ကုန္တိုင္းေဒသႀကီးအစိုးရအဖြဲ႔၊ ရန္ကုန္ၿမိဳ႕ေတာ္စည္ပင္သာယာေရးေကာ္မတီ။
A2: Subject : ဒလၿမိဳ႕နယ္တြင္ (၁၅၀'-၀" x ၇၄'-၀") ၂ထပ္ RCC ၿမိဳ႕နယ္ခန္းမ (၁) ေဆာင္ တည္ေဆာက္ျခင္းလုပ္ငန္း။
A3: Tender No. : Lot (1)
A4: Work Item : Apron & Drain
A5: Summary of Cost
A6: Item | B6: Particular | C6: Material Cost (Kyats) | D6: Labour Cost (Kyats) | E6: Total (Kyats)
A8: 1 | B8: Apron & Drain Work | C8: ='BQ-Apron & Drain'!$G$16 -> #N/A | D8: ='BQ-Apron & Drain'!$G$25 -> 8927135 | E8: =C8+D8 -> #N/A
B11: Grand Total (M+L) | E11: =SUM(E8:E10) -> #N/A
B14: Scope Of Work
B15: Earthwork Excavation
B16: 3" Thk; Sand Filling Work
B17: 3" Thk; (1:3:6) Lean Concrete Work
B18: Brick Work with (1:3) Cement Mortar
B19: Plastering Work with (1:3) Cement Mortar

Sheet AC-Apron & Drain
A1: Project : ရန္ကုန္တိုင္းေဒသႀကီးအစိုးရအဖြဲ႔၊ ရန္ကုန္ၿမိဳ႕ေတာ္စည္ပင္သာယာေရးေကာ္မတီ။
A2: Subject : ဒလၿမိဳ႕နယ္တြင္ (၁၅၀'-၀" x ၇၄'-၀") ၂ထပ္ RCC ၿမိဳ႕နယ္ခန္းမ (၁) ေဆာင္ တည္ေဆာက္ျခင္းလုပ္ငန္း။
A3: Tender No. : Lot (1)
A4: Work Item : Apron & Drain
A5: Abstract of Cost
A6: Sr No | B6: Particular | C6: Quantity | D6: Unit | E6: Rate | F6: Per | G6: Amount
C7: Total | G7: Kyats
A8: 1 | B8: =VLOOKUP(A8,'BE-Apron & Drain'!A:G,2,FALSE) -> Earth Work in Excavation for foundation in Ordinary soil to a depth of (5)ft . | C8: =VLOOKUP(A8,'BE-Apron & Drain'!A:G,3,FALSE) -> 1713.75 | D8: =VLOOKUP(A8,'BE-Apron & Drain'!A:G,4,FALSE) -> Cft | E8: =G8/C8 -> 297 | F8: =D8 -> Cft | G8: =VLOOKUP(A8,'BE-Apron & Drain'!A:G,7,FALSE) -> 508983.75
A10: 2 | B10: =VLOOKUP(A10,'BE-Apron & Drain'!A:G,2,FALSE) -> Sand Filling Work | C10: =VLOOKUP(A10,'BE-Apron & Drain'!A:G,3,FALSE) -> 214.21875 | D10: =VLOOKUP(A10,'BE-Apron & Drain'!A:G,4,FALSE) -> Cft | E10: =G10/C10 -> 823 | F10: =D10 -> Cft | G10: =VLOOKUP(A10,'BE-Apron & Drain'!A:G,7,FALSE) -> 176302.03
A12: 3 | B12: =VLOOKUP(A12,'BE-Apron & Drain'!A:G,2,FALSE) -> 1:3:6 Lean Concrete Work | C12: =VLOOKUP(A12,'BE-Apron & Drain'!A:G,3,FALSE) -> 620.91146 | D12: =VLOOKUP(A12,'BE-Apron & Drain'!A:G,4,FALSE) -> Cft | E12: =G12/C12 -> 5712.7143 | F12: =D12 -> Cft | G12: =VLOOKUP(A12,'BE-Apron & Drain'!A:G,7,FALSE) -> 3547089.8
A14: 4 | B14: =VLOOKUP(A14,'BE-Apron & Drain'!A:G,2,FALSE) -> 4-1/2" Thk; Brick Walling In Cement Mortar (1:3) Reinforced At Every 4th Course . | C14: =VLOOKUP(A14,'BE-Apron & Drain'!A:G,3,FALSE) -> 2285 | D14: =VLOOKUP(A14,'BE-Apron & Drain'!A:G,4,FALSE) -> Sft | E14: =G14/C14 -> #N/A | F14: =D14 -> Sft | G14: =VLOOKUP(A14,'BE-Apron & Drain'!A:G,7,FALSE) -> #N/A
A16: 5 | B16: =VLOOKUP(A16,'BE-Apron & Drain'!A:G,2,FALSE) -> 1/2" tk: Plastering Work with (1:3) Cement Mortar . | C16: =VLOOKUP(A16,'BE-Apron & Drain'!A:G,3,FALSE) -> 6866.5 | D16: =VLOOKUP(A16,'BE-Apron & Drain'!A:G,4,FALSE) -> Sft | E16: =G16/C16 -> 942.42857 | F16: =D16 -> Sft | G16: =VLOOKUP(A16,'BE-Apron & Drain'!A:G,7,FALSE) -> 6471185.8
B19: Total Material + Labour Cost | G19: =SUM(G8:G18) -> #N/A

Sheet BQ-Apron & Drain
A1: Project : ရန္ကုန္တိုင္းေဒသႀကီးအစိုးရအဖြဲ႔၊ ရန္ကုန္ၿမိဳ႕ေတာ္စည္ပင္သာယာေရးေကာ္မတီ။
A2: Subject : ဒလၿမိဳ႕နယ္တြင္ (၁၅၀'-၀" x ၇၄'-၀") ၂ထပ္ RCC ၿမိဳ႕နယ္ခန္းမ (၁) ေဆာင္ တည္ေဆာက္ျခင္းလုပ္ငန္း။
A3: Tender No. : Lot (1)
A4: Work Item : Apron & Drain
A5: Bill of Quantity
A6: Sr No | B6: Particular | C6: Quantity | D6: Unit | E6: Rate | F6: Per | G6: Amount
G7: Kyats
B8: Material Cost
A9: 1 | B9: Cement | C9: =SUMIFS('BE-Apron & Drain'!C:C,'BE-Apron & Drain'!B:B,'BQ-Apron & Drain'!B9) -> 243.19978 | D9: =VLOOKUP(B9,'BE-Apron & Drain'!B:G,3,FALSE) -> Bag | E9: =VLOOKUP(B9,'Price '!$B:$E,3,FALSE) -> 18400 | F9: =D9 -> Bag | G9: =C9*E9 -> 4474875.9
A10: 2 | B10: Sand | C10: =SUMIFS('BE-Apron & Drain'!C:C,'BE-Apron & Drain'!B:B,'BQ-Apron & Drain'!B10) -> 11.376359 | D10: =VLOOKUP(B10,'BE-Apron & Drain'!B:G,3,FALSE) -> Sud | E10: =VLOOKUP(B10,'Price '!$B:$E,3,FALSE) -> 50000 | F10: =D10 -> Sud | G10: =C10*E10 -> 568817.97
A11: 3 | B11: Aggregate | C11: =SUMIFS('BE-Apron & Drain'!C:C,'BE-Apron & Drain'!B:B,'BQ-Apron & Drain'!B11) -> 5.96075 | D11: =VLOOKUP(B11,'BE-Apron & Drain'!B:G,3,FALSE) -> Sud | E11: =VLOOKUP(B11,'Price '!$B:$E,3,FALSE) -> 130000 | F11: =D11 -> Sud | G11: =C11*E11 -> 774897.5
A12: 4 | B12: Brick( 10 Hole Brick ) | C12: =SUMIFS('BE-Apron & Drain'!C:C,'BE-Apron & Drain'!B:B,'BQ-Apron & Drain'!B12) -> 12567.5 | D12: =VLOOKUP(B12,'BE-Apron & Drain'!B:G,3,FALSE) -> Nos | E12: =VLOOKUP(B12,'Price '!$B:$E,3,FALSE) -> #N/A | F12: =D12 -> Nos | G12: =C12*E12 -> #N/A
A13: 5 | B13: X-met (2-1/2" Wide) | C13: =SUMIFS('BE-Apron & Drain'!C:C,'BE-Apron & Drain'!B:B,'BQ-Apron & Drain'!B13) -> 2627.75 | D13: =VLOOKUP(B13,'BE-Apron & Drain'!B:G,3,FALSE) -> Rft | E13: =VLOOKUP(B13,'Price '!$B:$E,3,FALSE) -> 170 | F13: =D13 -> Rft | G13: =C13*E13 -> 446717.5
C16: Total Material Cost | G16: =SUM(G9:G15) -> #N/A
H18: =G16+G25 -> #N/A
H19: ='BE-Apron & Drain'!G47 -> #N/A
B20: Labour Cost
A21: 1 | B21: Mason | C21: =SUMIFS('BE-Apron & Drain'!C:C,'BE-Apron & Drain'!B:B,'BQ-Apron & Drain'!B21) -> 120.57411 | D21: =VLOOKUP(B21,'BE-Apron & Drain'!B:G,3,FALSE) -> Nos | E21: =VLOOKUP(B21,'Price '!$B:$E,3,FALSE) -> 27500 | F21: =D21 -> Nos | G21: =C21*E21 -> 3315788.2
A22: 2 | B22: Worker | C22: =SUMIFS('BE-Apron & Drain'!C:C,'BE-Apron & Drain'!B:B,'BQ-Apron & Drain'!B22) -> 283.40135 | D22: =VLOOKUP(B22,'BE-Apron & Drain'!B:G,3,FALSE) -> Nos | E22: =VLOOKUP(B22,'Price '!$B:$E,3,FALSE) -> 19800 | F22: =D22 -> Nos | G22: =C22*E22 -> 5611346.8
C25: Total Labour Cost | G25: =SUM(G20:G24) -> 8927135

Sheet BE-Apron & Drain
A1: Project : ရန္ကုန္တိုင္းေဒသႀကီးအစိုးရအဖြဲ႔၊ ရန္ကုန္ၿမိဳ႕ေတာ္စည္ပင္သာယာေရးေကာ္မတီ။
A2: Subject : ဒလၿမိဳ႕နယ္တြင္ (၁၅၀'-၀" x ၇၄'-၀") ၂ထပ္ RCC ၿမိဳ႕နယ္ခန္းမ (၁) ေဆာင္ တည္ေဆာက္ျခင္းလုပ္ငန္း။
A3: Tender No. : Lot (1)
A4: Work Item : Apron & Drain
A5: Builder's Estimate
A6: Sr No | B6: Particular | C6: Quantity | D6: Unit | E6: Rate | F6: Per | G6: Amount
G7: ( Kyats )
A8: 1 | B8: =VLOOKUP(A8,'Measurement-Apron & Drain'!A:O,2,FALSE) -> Earth Work in Excavation for foundation in Ordinary soil to a depth of (5)ft . | C8: =VLOOKUP(A8,'Measurement-Apron & Drain'!A:O,14,FALSE) -> 1713.75 | D8: =VLOOKUP(B8,'Measurement-Apron & Drain'!B:P,14,FALSE) -> Cft | G8: =SUM(G10) -> 508983.75 | I8: =G8 -> 508983.75
B9: Labour
B10: Worker | C10: =C8*1.5/100 -> 25.70625 | D10: Nos | E10: =VLOOKUP(B10,'Price '!$B:$F,3,FALSE) -> 19800 | F10: =D10 -> Nos | G10: =C10*E10 -> 508983.75
A12: 2 | B12: =VLOOKUP(A12,'Measurement-Apron & Drain'!A:O,2,FALSE) -> Sand Filling Work | C12: =VLOOKUP(A12,'Measurement-Apron & Drain'!A:O,14,FALSE) -> 214.21875 | D12: =VLOOKUP(B12,'Measurement-Apron & Drain'!B:P,14,FALSE) -> Cft | G12: =SUM(G14:G16) -> 176302.03 | H12: =SUM(G14:G14) -> 133886.72 | I12: =SUM(G16:G16) -> 42415.312
B13: Material
B14: Sand | C14: =C12*125/100/100 -> 2.6777344 | D14: Sud | E14: =VLOOKUP(B14,'Price '!$B:$F,3,FALSE) -> 50000 | F14: =D14 -> Sud | G14: =C14*E14 -> 133886.72
B15: Labour
B16: Worker | C16: =C12*1/100 -> 2.1421875 | D16: Nos | E16: =VLOOKUP(B16,'Price '!$B:$F,3,FALSE) -> 19800 | F16: =D16 -> Nos | G16: =C16*E16 -> 42415.312
A19: 3 | B19: =VLOOKUP(A19,'Measurement-Apron & Drain'!A:O,2,FALSE) -> 1:3:6 Lean Concrete Work | C19: =VLOOKUP(A19,'Measurement-Apron & Drain'!A:O,14,FALSE) -> 620.91146 | D19: =VLOOKUP(B19,'Measurement-Apron & Drain'!B:P,14,FALSE) -> Cft | G19: =SUM(G21:G26) -> 3547089.8 | H19: =SUM(G21:G23) -> 2392815.4 | I19: =SUM(G25:G26) -> 1154274.4
B20: Material
B21: Cement | C21: =1440*C19/100/112 -> 79.831473 | D21: Bag | E21: =VLOOKUP(B21,'Price '!$B:$F,3,FALSE) -> 18400 | F21: =D21 -> Bag | G21: =C21*E21 -> 1468899.1
B22: Sand | C22: =48*C19/100/100 -> 2.980375 | D22: Sud | E22: =VLOOKUP(B22,'Price '!$B:$F,3,FALSE) -> 50000 | F22: =D22 -> Sud | G22: =C22*E22 -> 149018.75
B23: Aggregate | C23: =96*C19/100/100 -> 5.96075 | D23: Sud | E23: =VLOOKUP(B23,'Price '!$B:$F,3,FALSE) -> 130000 | F23: =D23 -> Sud | G23: =C23*E23 -> 774897.5
B24: Labour
B25: Mason | C25: =1*C19/100 -> 6.2091146 | D25: Nos | E25: =VLOOKUP(B25,'Price '!$B:$F,3,FALSE) -> 27500 | F25: =D25 -> Nos | G25: =C25*E25 -> 170750.65
B26: Worker | C26: =8*C19/100 -> 49.672917 | D26: Nos | E26: =VLOOKUP(B26,'Price '!$B:$F,3,FALSE) -> 19800 | F26: =D26 -> Nos | G26: =C26*E26 -> 983523.75
A29: 4 | B29: =VLOOKUP(A29,'Measurement-Apron & Drain'!A:O,2,FALSE) -> 4-1/2" Thk; Brick Walling In Cement Mortar (1:3) Reinforced At Every 4th Course . | C29: =VLOOKUP(A29,'Measurement-Apron & Drain'!A:O,14,FALSE) -> 2285 | D29: =VLOOKUP(B29,'Measurement-Apron & Drain'!B:P,14,FALSE) -> Sft | G29: =SUM(G31:G37) -> #N/A | H29: =SUM(G31:G34) -> #N/A | I29: =SUM(G36:G37) -> 2614040
B30: Material
B31: Cement | C31: =350*C29/100/112 -> 71.40625 | D31: Bag | E31: =VLOOKUP(B31,'Price '!$B:$F,3,FALSE) -> 18400 | F31: =D31 -> Bag | G31: =C31*E31 -> 1313875
B32: Sand | C32: =10*C29/100/100 -> 2.285 | D32: Sud | E32: =VLOOKUP(B32,'Price '!$B:$F,3,FALSE) -> 50000 | F32: =D32 -> Sud | G32: =C32*E32 -> 114250
B33: Brick( 10 Hole Brick ) | C33: =550*C29/100 -> 12567.5 | D33: Nos | E33: =VLOOKUP(B33,'Price '!$B:$F,3,FALSE) -> #N/A | F33: =D33 -> Nos | G33: =C33*E33 -> #N/A
B34: X-met (2-1/2" Wide) | C34: =115*C29/100 -> 2627.75 | D34: Rft | E34: =VLOOKUP(B34,'Price '!$B:$F,3,FALSE) -> 170 | F34: =D34 -> Rft | G34: =C34*E34 -> 446717.5
B35: Labour
B36: Mason | C36: =2*C29/100 -> 45.7 | D36: Nos | E36: =VLOOKUP(B36,'Price '!$B:$F,3,FALSE) -> 27500 | F36: =D36 -> Nos | G36: =C36*E36 -> 1256750
B37: Worker | C37: =3*C29/100 -> 68.55 | D37: Nos | E37: =VLOOKUP(B37,'Price '!$B:$F,3,FALSE) -> 19800 | F37: =D37 -> Nos | G37: =C37*E37 -> 1357290
A39: 5 | B39: =VLOOKUP(A39,'Measurement-Apron & Drain'!A:O,2,FALSE) -> 1/2" tk: Plastering Work with (1:3) Cement Mortar . | C39: =VLOOKUP(A39,'Measurement-Apron & Drain'!A:O,14,FALSE) -> 6866.5 | D39: =VLOOKUP(B39,'Measurement-Apron & Drain'!B:P,14,FALSE) -> Sft | G39: =SUM(G41:G45) -> 6471185.8 | H39: =SUM(G41:G42) -> 1863764.3 | I39: =SUM(G44:G45) -> 4607421.5
B40: Material
B41: Cement | C41: =C39*150/100/112 -> 91.962054 | D41: Bag | E41: =VLOOKUP(B41,'Price '!$B:$F,3,FALSE) -> 18400 | F41: =D41 -> Bag | G41: =C41*E41 -> 1692101.8
B42: Sand | C42: =5*C39/100/100 -> 3.43325 | D42: Sud | E42: =VLOOKUP(B42,'Price '!$B:$F,3,FALSE) -> 50000 | F42: =D42 -> Sud | G42: =C42*E42 -> 171662.5
B43: Labour
B44: Mason | C44: =1*C39/100 -> 68.665 | D44: Nos | E44: =VLOOKUP(B44,'Price '!$B:$F,3,FALSE) -> 27500 | F44: =D44 -> Nos | G44: =C44*E44 -> 1888287.5
B45: Worker | C45: =2*C39/100 -> 137.33 | D45: Nos | E45: =VLOOKUP(B45,'Price '!$B:$F,3,FALSE) -> 19800 | F45: =D45 -> Nos | G45: =C45*E45 -> 2719134
C47: Total Amount | G47: =G39+G29++G19+G12+G8 -> #N/A | H47: =H39+H29+H19+H12+H8 -> #N/A | I47: =I39+I29+I19+I12+I8 -> 8927135
H50: =H47+I47 -> #N/A
G54: =18000/25 -> 720

Sheet Measurement-Apron & Drain
A1: Project : ရန္ကုန္တိုင္းေဒသႀကီးအစိုးရအဖြဲ႔၊ ရန္ကုန္ၿမိဳ႕ေတာ္စည္ပင္သာယာေရးေကာ္မတီ။
A2: Subject : ဒလၿမိဳ႕နယ္တြင္ (၁၅၀'-၀" x ၇၄'-၀") ၂ထပ္ RCC ၿမိဳ႕နယ္ခန္းမ (၁) ေဆာင္ တည္ေဆာက္ျခင္းလုပ္ငန္း။
A3: Tender No. : Lot (1)
A4: Work Item : Apron & Drain
A5: Details of Measurement
A6: Sr No | B6: Particular | C6: No | F6: Measurement | L6: Deduct | M6: Content | N6: Total of Each
F7: L(ft-in) | H7: B(ft-in) | J7: H(ft-in)
A8: 1 | B8: Earth Work in Excavation for foundation in Ordinary soil to a depth of (5)ft . | N8: =SUM(M9:M10) -> 1713.75 | O8: Cft
B9: Drain | C9: 1 | D9: x | E9: 2 | F9: =154 -> 154 | G9: 4 | H9: 2 | I9: 3 | J9: 2 | K9: 0 | M9: =C9*E9*(F9+G9/12)*(H9+I9/12)*(J9+K9/12) -> 1389 | R9: =151.33+3 -> 154.33
C10: =1 -> 1 | D10: x | E10: 1 | F10: 72 | G10: 2 | H10: =H9 -> 2 | I10: =I9 -> 3 | J10: =J9 -> 2 | K10: =K9 -> 0 | M10: =C10*E10*(F10+G10/12)*(H10+I10/12)*(J10+K10/12) -> 324.75
A12: 2 | B12: Sand Filling Work | N12: =SUM(M13:M14) -> 214.21875 | O12: Cft
B13: Drain | C13: 1 | D13: x | E13: =E9 -> 2 | F13: =F9 -> 154 | G13: =G9 -> 4 | H13: =H9 -> 2 | I13: =I9 -> 3 | J13: 0 | K13: 3 | M13: =C13*E13*(F13+G13/12)*(H13+I13/12)*(J13+K13/12) -> 173.625
C14: =C10 -> 1 | D14: x | E14: =E10 -> 1 | F14: =F10 -> 72 | G14: =G10 -> 2 | H14: =H10 -> 2 | I14: =I10 -> 3 | J14: 0 | K14: 3 | M14: =C14*E14*(F14+G14/12)*(H14+I14/12)*(J14+K14/12) -> 40.59375
S15: =1.5+0.75+0.5 -> 2.75
A16: 3 | B16: 1:3:6 Lean Concrete Work | N16: =SUM(M17:M20) -> 620.91146 | O16: Cft | Q16: =2*101+2*26 -> 254 | R16: =Q16+30 -> 284
B17: Drain | C17: 1 | D17: x | E17: =E13 -> 2 | F17: =F9 -> 154 | G17: =G13 -> 4 | H17: =H9 -> 2 | I17: =I13 -> 3 | J17: 0 | K17: 3 | M17: =C17*E17*(F17+G17/12)*(H17+I17/12)*(J17+K17/12) -> 173.625
C18: 1 | D18: x | E18: =E14 -> 1 | F18: =F10 -> 72 | G18: =G14 -> 2 | H18: =H10 -> 2 | I18: =I14 -> 3 | J18: 0 | K18: 3 | M18: =C18*E18*(F18+G18/12)*(H18+I18/12)*(J18+K18/12) -> 40.59375
B19: Apron | C19: 1 | D19: x | E19: 2 | F19: =F17 -> 154 | G19: 4 | H19: =2 -> 2 | I19: =7.5 -> 7.5 | J19: 0 | K19: 5 | M19: =C19*E19*(F19+G19/12)*(H19+I19/12)*(J19+K19/12) -> 337.60417 | R19: =3-4.5/12 -> 2.625
C20: =1 -> 1 | D20: x | E20: =1 -> 1 | F20: 63 | G20: 2 | H20: =H19 -> 2 | I20: =I19 -> 7.5 | J20: =J19 -> 0 | K20: =K19 -> 5 | M20: =C20*E20*(F20+G20/12)*(H20+I20/12)*(J20+K20/12) -> 69.088542
A22: 4 | B22: 4-1/2" Thk; Brick Walling In Cement Mortar (1:3) Reinforced At Every 4th Course . | N22: =SUM(M23:M24) -> 2285 | O22: Sft
B23: Drain | C23: =C17*2 -> 2 | D23: x | E23: =E17 -> 2 | F23: =F17 -> 154 | G23: =G17 -> 4 | J23: 3 | K23: 0 | M23: =C23*E23*(F23+G23/12)*(J23+K23/12) -> 1852
C24: =C18*2 -> 2 | D24: x | E24: =E18 -> 1 | F24: =F18 -> 72 | G24: =G18 -> 2 | J24: 3 | K24: 0 | M24: =C24*E24*(F24+G24/12)*(J24+K24/12) -> 433
A26: 5 | B26: 1/2" tk: Plastering Work with (1:3) Cement Mortar . | N26: =SUM(M27:M28) -> 6866.5 | O26: Sft
B27: Drain | C27: 1 | D27: x | E27: 1 | F27: =F23 -> 154 | G27: =G23 -> 4 | J27: 7 | K27: 9 | M27: =C27*E27*(F27+G27/12)*2*(J27+K27/12) -> 2392.1667
C28: 2 | D28: x | E28: 2 | F28: =F24 -> 72 | G28: =G24 -> 2 | J28: 7 | K28: 9 | M28: =C28*E28*(F28+G28/12)*2*(J28+K28/12) -> 4474.3333

Sheet Summary(Septic Tank)
A1: Project : ပညာေရး၀န္ၾကီးဌာန၊ အဆင့္ျမင့္ပညာဦးစီးဌာန၊ ကေလးတကၠသိုလ္ ။
A2: Subject : (၄)ခန္းတြဲ (၂)ထပ္ ၀န္ထမ္းအိမ္ရာ (၁) လံုး တည္ေဆာက္ျခင္းလုပ္ငန္း။
A3: Work Item : Main Building ( Civil Work ) Septic Tank
A5: Summary of Cost
A6: Item | B6: Particular | C6: Material Cost (Kyats) | D6: Labour Cost (Kyats) | E6: Total (Kyats)
A8: 1 | B8: Septic Tank | C8: ='Bill of Quantity (Tank)'!G21 -> #N/A | D8: ='Bill of Quantity (Tank)'!G30 -> 3630166.4 | E8: =C8+D8 -> #N/A
B11: Grand Total (M+L) | E11: =SUM(E8:E10) -> #N/A
B14: Scope Of Work
B15: Site Clearing & Levelling
B16: Earthwork Excavation for Foundation
B17: Hard Core Filling Work
B18: (1:3:6) Lean Concrete laying Work
B19: Formwork & Shuttering Work
B20: Mild Steel Work
B21: (1:2:4) Cement Concrete Work
B22: Brick Work with 1:3 Cement motor
B23: 1/2" Thk Plastering work in 1:3 Cement Motor

Sheet AC-Septic Tank
A1: Project : ပညာေရး၀န္ၾကီးဌာန၊ အဆင့္ျမင့္ပညာဦးစီးဌာန၊ ကေလးတကၠသိုလ္ ။
A2: Subject : (၄)ခန္းတြဲ (၂)ထပ္ ၀န္ထမ္းအိမ္ရာ (၁) လံုး တည္ေဆာက္ျခင္းလုပ္ငန္း။
A3: Work Item : Main Building ( Civil Work ) Septic Tank
A4: Abstract of Cost
A5: Sr No | B5: Quantity | D5: Particular | E5: Rate | F5: Per | G5: Amount
B6: Total | C6: Unit | G6: Kyats
A7: 1 | B7: =VLOOKUP(A7,'BE-Septic Tank'!A:G,3,FALSE) -> 612 | C7: =VLOOKUP(A7,'BE-Apron & Drain'!A:G,4,FALSE) -> Cft | D7: =VLOOKUP(A7,'BE-Septic Tank'!A:G,2,FALSE) -> Site Clearing & Levelling | E7: =G7/B7 -> 297 | F7: =C7 -> Cft | G7: =VLOOKUP(A7,'BE-Septic Tank'!A:G,7,FALSE) -> 181764
A9: 2 | B9: =VLOOKUP(A9,'BE-Septic Tank'!A:G,3,FALSE) -> 1512 | C9: =VLOOKUP(A9,'BE-Apron & Drain'!A:G,4,FALSE) -> Cft | D9: =VLOOKUP(A9,'BE-Septic Tank'!A:G,2,FALSE) -> Earth Work in Excavation for foundation in medium soil to a depth of (5)ft . | E9: =G9/B9 -> 396 | F9: =C9 -> Cft | G9: =VLOOKUP(A9,'BE-Septic Tank'!A:G,7,FALSE) -> 598752
A11: 3 | B11: =VLOOKUP(A11,'BE-Septic Tank'!A:G,3,FALSE) -> 126 | C11: =VLOOKUP(A11,'BE-Apron & Drain'!A:G,4,FALSE) -> Cft | D11: =VLOOKUP(A11,'BE-Septic Tank'!A:G,2,FALSE) -> 6" Thk; Hard Core & Sand Filling Work | E11: =G11/B11 -> 2586.5 | F11: =C11 -> Cft | G11: =VLOOKUP(A11,'BE-Septic Tank'!A:G,7,FALSE) -> 325899
A13: 4 | B13: =VLOOKUP(A13,'BE-Septic Tank'!A:G,3,FALSE) -> 54 | C13: =VLOOKUP(A13,'BE-Apron & Drain'!A:G,4,FALSE) -> Sft | D13: =VLOOKUP(A13,'BE-Septic Tank'!A:G,2,FALSE) -> 1:3:6 Lean Concrete Laying Work | E13: =G13/B13 -> 5854.2143 | F13: =C13 -> Sft | G13: =VLOOKUP(A13,'BE-Septic Tank'!A:G,7,FALSE) -> 316127.57
A15: 5 | B15: =VLOOKUP(A15,'BE-Septic Tank'!A:G,3,FALSE) -> 276.66667 | C15: =VLOOKUP(A15,'BE-Apron & Drain'!A:G,4,FALSE) -> Sft | D15: =VLOOKUP(A15,'BE-Septic Tank'!A:G,2,FALSE) -> Formwork & Shuttering Work | E15: =G15/B15 -> #N/A | F15: =C15 -> Sft | G15: =VLOOKUP(A15,'BE-Septic Tank'!A:G,7,FALSE) -> #N/A
A17: 6 | B17: =VLOOKUP(A17,'BE-Septic Tank'!A:G,3,FALSE) -> 0.4951129 | D17: =VLOOKUP(A17,'BE-Septic Tank'!A:G,2,FALSE) -> Mild Steel Work | G17: =VLOOKUP(A17,'BE-Septic Tank'!A:G,7,FALSE) -> 1845285.8
A19: 7 | B19: =VLOOKUP(A19,'BE-Septic Tank'!A:G,3,FALSE) -> 84 | D19: =VLOOKUP(A19,'BE-Septic Tank'!A:G,2,FALSE) -> (1:2:4) Cement Concrete Work | G19: =VLOOKUP(A19,'BE-Septic Tank'!A:G,7,FALSE) -> 606750
A21: 8a | B21: =VLOOKUP(A21,'BE-Septic Tank'!A:G,3,FALSE) -> 407.21875 | D21: =VLOOKUP(A21,'BE-Septic Tank'!A:G,2,FALSE) -> 9" thk; Brick Work With 1:3 Cement Mortar | G21: =VLOOKUP(A21,'BE-Septic Tank'!A:G,7,FALSE) -> #N/A
A23: 8b | B23: =VLOOKUP(A23,'BE-Septic Tank'!A:G,3,FALSE) -> 78.75 | D23: =VLOOKUP(A23,'BE-Septic Tank'!A:G,2,FALSE) -> 4-1/2" thk; Brick Work With 1:3 Cement Mortar | G23: =VLOOKUP(A23,'BE-Septic Tank'!A:G,7,FALSE) -> #N/A
A25: 9 | B25: =VLOOKUP(A25,'BE-Septic Tank'!A:G,3,FALSE) -> 752.33333 | D25: =VLOOKUP(A25,'BE-Septic Tank'!A:G,2,FALSE) -> 1/2" Thk Plastering work with 1:3 Cement motor | G25: =VLOOKUP(A25,'BE-Septic Tank'!A:G,7,FALSE) -> 832833
D28: Total Material + Labour Cost | G28: =SUM(G7:G27) -> #N/A

Sheet Bill of Quantity (Tank)
A1: Project : ပညာေရး၀န္ၾကီးဌာန၊ အဆင့္ျမင့္ပညာဦးစီးဌာန၊ ကေလးတကၠသိုလ္ ။
A2: Subject : (၄)ခန္းတြဲ (၂)ထပ္ ၀န္ထမ္းအိမ္ရာ (၁) လံုး တည္ေဆာက္ျခင္းလုပ္ငန္း။
A3: Work Item : Main Building ( Civil Work ) Septic Tank
A4: Bill Of Quantity
A5: No | B5: Particular | C5: Quantity | D5: Unit | E5: Rate | F5: Per | G5: Amount
B7: Materials
A8: 1 | B8: Cement | C8: =SUMIF('BE-Septic Tank'!$B$7:$B$101,$B$8:$B$29,'BE-Septic Tank'!$C$7:$C$101) -> 70.68638 | D8: =VLOOKUP(B8,'Builder Estimate'!$B:$H,3,FALSE) -> 117.91 | E8: =VLOOKUP(B8,'Price '!$B:$E,3,FALSE) -> 18400 | F8: =VLOOKUP(B8,'Price '!$B:$D,2,FALSE) -> Bags | G8: =E8*C8 -> 1300629.4
A9: 2 | B9: Brick( 8 Hole Brick ) | C9: =SUMIF('BE-Septic Tank'!$B$7:$B$101,$B$8:$B$29,'BE-Septic Tank'!$C$7:$C$101) -> 5930.5781 | D9: =VLOOKUP(B9,'Builder Estimate'!$B:$H,3,FALSE) -> #N/A | E9: =VLOOKUP(B9,'Price '!$B:$E,3,FALSE) -> #N/A | F9: =VLOOKUP(B9,'Price '!$B:$D,2,FALSE) -> #N/A | G9: =E9*C9 -> #N/A
A10: 3 | B10: Sand | C10: =SUMIF('BE-Septic Tank'!$B$7:$B$101,$B$8:$B$29,'BE-Septic Tank'!$C$7:$C$101) -> 2.5937104 | D10: =VLOOKUP(B10,'Builder Estimate'!$B:$H,3,FALSE) -> 4.4 | E10: =VLOOKUP(B10,'Price '!$B:$E,3,FALSE) -> 50000 | F10: =VLOOKUP(B10,'Price '!$B:$D,2,FALSE) -> Suds | G10: =E10*C10 -> 129685.52
A11: 4 | B11: Aggregate | C11: =SUMIF('BE-Septic Tank'!$B$7:$B$101,$B$8:$B$29,'BE-Septic Tank'!$C$7:$C$101) -> 2.1563833 | D11: =VLOOKUP(B11,'Builder Estimate'!$B:$H,3,FALSE) -> 8.8 | E11: =VLOOKUP(B11,'Price '!$B:$E,3,FALSE) -> 130000 | F11: =VLOOKUP(B11,'Price '!$B:$D,2,FALSE) -> Suds | G11: =E11*C11 -> 280329.83
A12: 5 | B12: 6" x 9" Stone | C12: =SUMIF('BE-Septic Tank'!$B$7:$B$101,$B$8:$B$29,'BE-Septic Tank'!$C$7:$C$101) -> 1.26 | D12: =VLOOKUP(B12,'Builder Estimate'!$B:$H,3,FALSE) -> 4.8146875 | E12: =VLOOKUP(B12,'Price '!$B:$E,3,FALSE) -> 220000 | F12: =VLOOKUP(B12,'Price '!$B:$D,2,FALSE) -> Suds | G12: =E12*C12 -> 277200
A13: 6 | B13: Fuel | C13: =SUMIF('BE-Septic Tank'!$B$7:$B$101,$B$8:$B$29,'BE-Septic Tank'!$C$7:$C$101) -> 2.76 | D13: =VLOOKUP(B13,'Builder Estimate'!$B:$H,3,FALSE) -> 45.558333 | E13: =VLOOKUP(B13,'Price '!$B:$E,3,FALSE) -> 20000 | F13: =VLOOKUP(B13,'Price '!$B:$D,2,FALSE) -> Gal | G13: =E13*C13 -> 55200
A14: 7 | B14: Ø 16mm Deform Bar | C14: =SUMIF('BE-Septic Tank'!$B$7:$B$101,$B$8:$B$29,'BE-Septic Tank'!$C$7:$C$101) -> 0.51986854 | D14: =VLOOKUP(B14,'Builder Estimate'!$B:$H,3,FALSE) -> #N/A | E14: =VLOOKUP(B14,'Price '!$B:$E,3,FALSE) -> 2420000 | F14: =VLOOKUP(B14,'Price '!$B:$D,2,FALSE) -> Ton | G14: =E14*C14 -> 1258081.9
A15: 8 | B15: Binding Wire | C15: =SUMIF('BE-Septic Tank'!$B$7:$B$101,$B$8:$B$29,'BE-Septic Tank'!$C$7:$C$101) -> 9.9022579 | D15: =VLOOKUP(B15,'Builder Estimate'!$B:$H,3,FALSE) -> 183.60618 | E15: =VLOOKUP(B15,'Price '!$B:$E,3,FALSE) -> 12000 | F15: =VLOOKUP(B15,'Price '!$B:$D,2,FALSE) -> Lbs | G15: =E15*C15 -> 118827.09
A16: 9 | B16: Jungle Wood | C16: =SUMIF('BE-Septic Tank'!$B$7:$B$101,$B$8:$B$29,'BE-Septic Tank'!$C$7:$C$101) -> 0.415 | D16: =VLOOKUP(B16,'Builder Estimate'!$B:$H,3,FALSE) -> 0.03310125 | E16: =VLOOKUP(B16,'Price '!$B:$E,3,FALSE) -> 2500000 | F16: =VLOOKUP(B16,'Price '!$B:$D,2,FALSE) -> Ton | G16: =E16*C16 -> 1037500
A17: 10 | B17: 5-plywood ( 5 mm ) | C17: =SUMIF('BE-Septic Tank'!$B$7:$B$101,$B$8:$B$29,'BE-Septic Tank'!$C$7:$C$101) -> 4.9713542 | D17: =VLOOKUP(B17,'Builder Estimate'!$B:$H,3,FALSE) -> #N/A | E17: =VLOOKUP(B17,'Price '!$B:$E,3,FALSE) -> #N/A | F17: =VLOOKUP(B17,'Price '!$B:$D,2,FALSE) -> #N/A | G17: =E17*C17 -> #N/A
A18: 11 | B18: Wire Nail | C18: =SUMIF('BE-Septic Tank'!$B$7:$B$101,$B$8:$B$29,'BE-Septic Tank'!$C$7:$C$101) -> 2.3055556 | D18: =VLOOKUP(B18,'Builder Estimate'!$B:$H,3,FALSE) -> 0.45973958 | E18: =VLOOKUP(B18,'Price '!$B:$E,3,FALSE) -> 12000 | F18: =VLOOKUP(B18,'Price '!$B:$D,2,FALSE) -> Viss | G18: =E18*C18 -> 27666.667
A19: 12 | B19: X-met (2-1/2" Wide) | C19: =SUMIF('BE-Septic Tank'!$B$7:$B$101,$B$8:$B$29,'BE-Septic Tank'!$C$7:$C$101) -> 99.61875 | D19: =VLOOKUP(B19,'Builder Estimate'!$B:$H,3,FALSE) -> 8269.2172 | E19: =VLOOKUP(B19,'Price '!$B:$E,3,FALSE) -> 170 | F19: =VLOOKUP(B19,'Price '!$B:$D,2,FALSE) -> Rft | G19: =E19*C19 -> 16935.188
G21: =SUM(G8:G20) -> #N/A
B22: Labours
A23: 1 | B23: Mason | C23: =SUMIF('BE-Septic Tank'!$B$7:$B$101,$B$8:$B$29,'BE-Septic Tank'!$C$7:$C$101) -> 25.51625 | D23: =VLOOKUP(B23,'Builder Estimate'!$B:$H,3,FALSE) -> 6.878125 | E23: =VLOOKUP(B23,'Price '!$B:$E,3,FALSE) -> 27500 | F23: =VLOOKUP(B23,'Price '!$B:$D,2,FALSE) -> Nos | G23: =E23*C23 -> 701696.88
A24: 2 | B24: Carpenter | C24: =SUMIF('BE-Septic Tank'!$B$7:$B$101,$B$8:$B$29,'BE-Septic Tank'!$C$7:$C$101) -> 19.366667 | D24: =VLOOKUP(B24,'Builder Estimate'!$B:$H,3,FALSE) -> 1.103375 | E24: =VLOOKUP(B24,'Price '!$B:$E,3,FALSE) -> 27500 | F24: =VLOOKUP(B24,'Price '!$B:$D,2,FALSE) -> Nos | G24: =E24*C24 -> 532583.33
A25: 3 | B25: Steel Fixer | C25: =SUMIF('BE-Septic Tank'!$B$7:$B$101,$B$8:$B$29,'BE-Septic Tank'!$C$7:$C$101) -> 0 | D25: =VLOOKUP(B25,'Builder Estimate'!$B:$H,3,FALSE) -> #N/A | E25: =VLOOKUP(B25,'Price '!$B:$E,3,FALSE) -> 27500 | F25: =VLOOKUP(B25,'Price '!$B:$D,2,FALSE) -> Nos | G25: =E25*C25 -> 0
A26: 4 | B26: Smith | C26: =SUMIF('BE-Septic Tank'!$B$7:$B$101,$B$8:$B$29,'BE-Septic Tank'!$C$7:$C$101) -> 9.9022579 | D26: =VLOOKUP(B26,'Builder Estimate'!$B:$H,3,FALSE) -> 183.60618 | E26: =VLOOKUP(B26,'Price '!$B:$E,3,FALSE) -> 27500 | F26: =VLOOKUP(B26,'Price '!$B:$D,2,FALSE) -> Nos | G26: =E26*C26 -> 272312.09
A27: 5 | B27: Worker | C27: =SUMIF('BE-Septic Tank'!$B$7:$B$101,$B$8:$B$29,'BE-Septic Tank'!$C$7:$C$101) -> 106.29288 | D27: =VLOOKUP(B27,'Builder Estimate'!$B:$H,3,FALSE) -> 32.4675 | E27: =VLOOKUP(B27,'Price '!$B:$E,3,FALSE) -> 19800 | F27: =VLOOKUP(B27,'Price '!$B:$D,2,FALSE) -> Nos | G27: =E27*C27 -> 2104599.1
A28: 6 | B28: Painter | C28: =SUMIF('BE-Septic Tank'!$B$7:$B$101,$B$8:$B$29,'BE-Septic Tank'!$C$7:$C$101) -> 0 | D28: =VLOOKUP(B28,'Builder Estimate'!$B:$H,3,FALSE) -> 0 | E28: =VLOOKUP(B28,'Price '!$B:$E,3,FALSE) -> 27500 | F28: =VLOOKUP(B28,'Price '!$B:$D,2,FALSE) -> Nos | G28: =E28*C28 -> 0
A29: 7 | B29: Machine Driver | C29: =SUMIF('BE-Septic Tank'!$B$7:$B$101,$B$8:$B$29,'BE-Septic Tank'!$C$7:$C$101) -> 0.69 | D29: =VLOOKUP(B29,'Builder Estimate'!$B:$H,3,FALSE) -> 11.389583 | E29: =VLOOKUP(B29,'Price '!$B:$E,3,FALSE) -> 27500 | F29: =VLOOKUP(B29,'Price '!$B:$D,2,FALSE) -> Nos | G29: =E29*C29 -> 18975
G30: =SUM(G23:G29) -> 3630166.4
B31: Total Materials & Labours Cost | G31: =G30+G21 -> #N/A

Sheet BE-Septic Tank
A1: Project : ပညာေရး၀န္ၾကီးဌာန၊ အဆင့္ျမင့္ပညာဦးစီးဌာန၊ ကေလးတကၠသိုလ္ ။
A2: Subject : (၄)ခန္းတြဲ (၂)ထပ္ ၀န္ထမ္းအိမ္ရာ (၁) လံုး တည္ေဆာက္ျခင္းလုပ္ငန္း။
A3: Work Item : Main Building ( Civil Work ) Septic Tank
A4: Builder's Estimate
A5: Sr No | B5: Particular | C5: Quantity | D5: Unit | E5: Rate | F5: Per | G5: Amount
G6: ( Kyats )
A7: 1 | B7: =VLOOKUP(A7,'Measurement-Septic Tank'!A:O,2,FALSE) -> Site Clearing & Levelling | C7: =VLOOKUP(A7,'Measurement-Septic Tank'!A:O,14,FALSE) -> 612 | D7: =VLOOKUP(A7,'Measurement-Septic Tank'!A:O,15,FALSE) -> Sft | G7: =SUM(G9) -> 181764 | I7: =G7 -> 181764
B8: Labour
B9: Worker | C9: =C7*1.5/100 -> 9.18 | D9: Nos | E9: =VLOOKUP(B9,'Price '!$B:$F,3,FALSE) -> 19800 | F9: =D9 -> Nos | G9: =C9*E9 -> 181764
A11: 2 | B11: =VLOOKUP(A11,'Measurement-Septic Tank'!A:O,2,FALSE) -> Earth Work in Excavation for foundation in medium soil to a depth of (5)ft . | C11: =VLOOKUP(A11,'Measurement-Septic Tank'!A:O,14,FALSE) -> 1512 | D11: =VLOOKUP(A11,'Measurement-Septic Tank'!A:O,15,FALSE) -> Cft | G11: =SUM(G12:G13) -> 598752 | I11: =SUM(G13:G13) -> 598752
B12: Labour
B13: Worker | C13: =C11*2/100 -> 30.24 | D13: Nos | E13: =VLOOKUP(B13,'Price '!$B:$F,3,FALSE) -> 19800 | F13: =D13 -> Nos | G13: =C13*E13 -> 598752
A16: 3 | B16: =VLOOKUP(A16,'Measurement-Septic Tank'!A:O,2,FALSE) -> 6" Thk; Hard Core & Sand Filling Work | C16: =VLOOKUP(A16,'Measurement-Septic Tank'!A:O,14,FALSE) -> 126 | D16: =VLOOKUP(A16,'Measurement-Septic Tank'!A:O,15,FALSE) -> Cft | G16: =SUM(G18:G22) -> 325899 | H16: =SUM(G18:G19) -> 296100 | I16: =SUM(G21:G22) -> 29799
B17: Material
B18: Sand | C18: =C16*30/100/100 -> 0.378 | D18: Bag | E18: =VLOOKUP(B18,'Price '!$B:$F,3,FALSE) -> 50000 | F18: =D18 -> Bag | G18: =C18*E18 -> 18900
B19: 6" x 9" Stone | C19: =C16*100/100/100 -> 1.26 | D19: Sud | E19: =VLOOKUP(B19,'Price '!$B:$F,3,FALSE) -> 220000 | F19: =D19 -> Sud | G19: =C19*E19 -> 277200
B20: Labours
B21: Mason | C21: =C16*0.5/100 -> 0.63 | D21: Nos | E21: =VLOOKUP(B21,'Price '!B:D,3,FALSE) -> 27500 | F21: =D21 -> Nos | G21: =C21*E21 -> 17325
B22: Worker | C22: =C16*0.5/100 -> 0.63 | D22: Nos | E22: =VLOOKUP(B22,'Price '!B:D,3,FALSE) -> 19800 | F22: =D22 -> Nos | G22: =C22*E22 -> 12474
A25: 4 | B25: =VLOOKUP(A25,'Measurement-Septic Tank'!A:O,2,FALSE) -> 1:3:6 Lean Concrete Laying Work | C25: =VLOOKUP(A25,'Measurement-Septic Tank'!A:O,14,FALSE) -> 54 | D25: =VLOOKUP(A25,'Measurement-Septic Tank'!A:O,15,FALSE) -> Cft | G25: =SUM(G27:G34) -> 316127.57 | H25: =SUM(G27:G30) -> 229700.57 | I25: =SUM(G32:G34) -> 86427
B26: Materials
B27: Cement | C27: =C25*1440/112/100 -> 6.9428571 | D27: Bag | E27: =VLOOKUP(B27,'Price '!B:D,3,FALSE) -> 18400 | F27: =D27 -> Bag | G27: =C27*E27 -> 127748.57
B28: Sand | C28: =C25*48/100/100 -> 0.2592 | D28: Sud | E28: =VLOOKUP(B28,'Price '!B:D,3,FALSE) -> 50000 | F28: =D28 -> Sud | G28: =C28*E28 -> 12960
B29: Aggregate | C29: =C25*96/100/100 -> 0.5184 | D29: Sud | E29: =VLOOKUP(B29,'Price '!B:D,3,FALSE) -> 130000 | F29: =D29 -> Sud | G29: =C29*E29 -> 67392
B30: Fuel | C30: =C25*2/100 -> 1.08 | D30: Gal | E30: =VLOOKUP(B30,'Price '!B:D,3,FALSE) -> 20000 | F30: =D30 -> Gal | G30: =C30*E30 -> 21600
B31: Labours
B32: Mason | C32: =C25*1/100 -> 0.54 | D32: Nos | E32: =VLOOKUP(B32,'Price '!B:D,3,FALSE) -> 27500 | F32: =D32 -> Nos | G32: =C32*E32 -> 14850
B33: Worker | C33: =C25*6/100 -> 3.24 | D33: Nos | E33: =VLOOKUP(B33,'Price '!B:D,3,FALSE) -> 19800 | F33: =D33 -> Nos | G33: =C33*E33 -> 64152
B34: Machine Driver | C34: =C25*0.5/100 -> 0.27 | D34: Nos | E34: =VLOOKUP(B34,'Price '!B:D,3,FALSE) -> 27500 | F34: =D34 -> Nos | G34: =C34*E34 -> 7425
A37: 5 | B37: =VLOOKUP(A37,'Measurement-Septic Tank'!A:O,2,FALSE) -> Formwork & Shuttering Work | C37: =VLOOKUP(A37,'Measurement-Septic Tank'!A:O,14,FALSE) -> 276.66667 | D37: =VLOOKUP(A37,'Measurement-Septic Tank'!A:O,15,FALSE) -> Cft | G37: =SUM(G39:G49) -> #N/A | H37: =SUM(G39:G41) -> #N/A | I37: =SUM(G43:G49) -> 696923.33
B38: Materials
B39: Jungle Wood | C39: =C37*15/100/50/2 -> 0.415 | D39: Ton | E39: =VLOOKUP(B39,'Price '!B:D,3,FALSE) -> 2500000 | F39: =D39 -> Ton | G39: =C39*E39 -> 1037500
B40: 5-plywood ( 5 mm ) | C40: =C37*115/100/32/2 -> 4.9713542 | D40: Nos | E40: =VLOOKUP(B40,'Price '!B:D,3,FALSE) -> #N/A | F40: =D40 -> Nos | G40: =C40*E40 -> #N/A
B41: Wire Nail | C41: =C37*3/100/3.6 -> 2.3055556 | D41: Viss | E41: =VLOOKUP(B41,'Price '!B:D,3,FALSE) -> 12000 | G41: =C41*E41 -> 27666.667
B42: Labours
B43: Carpenter | C43: =C37*4/100 -> 11.066667 | D43: Nos | E43: =VLOOKUP(B43,'Price '!B:D,3,FALSE) -> 27500 | F43: =D43 -> Nos | G43: =C43*E43 -> 304333.33
B44: Worker | C44: =C37*2/100 -> 5.5333333 | D44: Nos | E44: =VLOOKUP(B44,'Price '!B:D,3,FALSE) -> 19800 | F44: =D44 -> Nos | G44: =C44*E44 -> 109560
B46: Dismentaling Work | C46: =C37 -> 276.66667 | D46: Sqft
B47: Labours
B48: Carpenter | C48: =C46*3/100 -> 8.3 | D48: Nos | E48: =VLOOKUP(B48,'Price '!B:D,3,FALSE) -> 27500 | F48: =D48 -> Nos | G48: =C48*E48 -> 228250
B49: Worker | C49: =C46*1/100 -> 2.7666667 | D49: Nos | E49: =VLOOKUP(B49,'Price '!B:D,3,FALSE) -> 19800 | F49: =D49 -> Nos | G49: =C49*E49 -> 54780
A51: 6 | B51: =VLOOKUP(A51,'Measurement-Septic Tank'!A:O,2,FALSE) -> Mild Steel Work | C51: =VLOOKUP(A51,'Measurement-Septic Tank'!A:O,14,FALSE) -> 0.4951129 | D51: =VLOOKUP(A51,'Measurement-Septic Tank'!A:O,15,FALSE) -> Ton | G51: =SUM(G52:G57) -> 1845285.8 | H51: =SUM(G52:G54) -> 1376909 | I51: =SUM(G55:G58) -> 468376.8
B52: Materials
B53: Ø 16mm Deform Bar | C53: =C51*1.05 -> 0.51986854 | D53: Ton | E53: =VLOOKUP(B53,'Price '!B:D,3,FALSE) -> 2420000 | F53: Ton | G53: =E53*C53 -> 1258081.9
B54: Binding Wire | C54: =C51*20 -> 9.9022579 | D54: lbs | E54: =VLOOKUP(B54,'Price '!B:D,3,FALSE) -> 12000 | F54: =D54 -> lbs | G54: =E54*C54 -> 118827.09
B55: Labours
B56: Smith | C56: =C51*20*1 -> 9.9022579 | D56: Nos | E56: =VLOOKUP(B56,'Price '!B:D,3,FALSE) -> 27500 | F56: Nos | G56: =E56*C56 -> 272312.09
B57: Worker | C57: =C51*20*1 -> 9.9022579 | D57: Nos | E57: =VLOOKUP(B57,'Price '!B:D,3,FALSE) -> 19800 | F57: Nos | G57: =E57*C57 -> 196064.71
A59: 7 | B59: =VLOOKUP(A59,'Measurement-Septic Tank'!A:O,2,FALSE) -> (1:2:4) Cement Concrete Work | C59: =VLOOKUP(A59,'Measurement-Septic Tank'!A:O,14,FALSE) -> 84 | D59: =VLOOKUP(A59,'Measurement-Septic Tank'!A:O,15,FALSE) -> Sft | G59: =SUM(G61:G69) -> 606750 | H59: =SUM(G61:G64) -> 439044 | I59: =SUM(G66:G69) -> 167706
B60: Materials
B61: Cement | C61: =C59*2070/112/100 -> 15.525 | D61: Bag | E61: =VLOOKUP(B61,'Price '!B:D,3,FALSE) -> 18400 | F61: =D61 -> Bag | G61: =C61*E61 -> 285660
B62: Sand | C62: =C59*46/100/100 -> 0.3864 | D62: Sud | E62: =VLOOKUP(B62,'Price '!B:D,3,FALSE) -> 50000 | F62: =D62 -> Sud | G62: =C62*E62 -> 19320
B63: Aggregate | C63: =C59*92/100/100 -> 0.7728 | D63: Sud | E63: =VLOOKUP(B63,'Price '!B:D,3,FALSE) -> 130000 | F63: =D63 -> Sud | G63: =C63*E63 -> 100464
B64: Fuel | C64: =C59*2/100 -> 1.68 | D64: Gal | E64: =VLOOKUP(B64,'Price '!B:D,3,FALSE) -> 20000 | F64: =D64 -> Gal | G64: =C64*E64 -> 33600
B66: Labours
B67: Mason | C67: =C59*1/100 -> 0.84 | D67: Nos | E67: =VLOOKUP(B67,'Price '!B:D,3,FALSE) -> 27500 | F67: =D67 -> Nos | G67: =C67*E67 -> 23100
B68: Worker | C68: =C59*8/100 -> 6.72 | D68: Nos | E68: =VLOOKUP(B68,'Price '!B:D,3,FALSE) -> 19800 | F68: =D68 -> Nos | G68: =C68*E68 -> 133056
B69: Machine Driver | C69: =C59*0.5/100 -> 0.42 | D69: Nos | E69: =VLOOKUP(B69,'Price '!B:D,3,FALSE) -> 27500 | F69: =D69 -> Nos | G69: =C69*E69 -> 11550
A71: 8a | B71: =VLOOKUP(A71,'Measurement-Septic Tank'!A:O,2,FALSE) -> 9" thk; Brick Work With 1:3 Cement Mortar | C71: =VLOOKUP(A71,'Measurement-Septic Tank'!A:O,14,FALSE) -> 407.21875 | D71: =VLOOKUP(A71,'Measurement-Septic Tank'!A:O,15,FALSE) -> Cft | G71: =SUM(G73:G80) -> #N/A | H71: =SUM(G73:G76) -> #N/A | I71: =SUM(G78:G80) -> 931716.5
B72: Materials
B73: Cement | C73: =C71*780/112/100 -> 28.359877 | D73: Bag | E73: =VLOOKUP(B73,'Price '!B:D,3,FALSE) -> 18400 | F73: Bag | G73: =C73*E73 -> 521821.74
B74: Sand | C74: =C71*26/100/100 -> 1.0587688 | D74: Sud | E74: =VLOOKUP(B74,'Price '!B:D,3,FALSE) -> 50000 | F74: Sud | G74: =C74*E74 -> 52938.438
B75: Brick( 8 Hole Brick ) | C75: =C71*1350/100 -> 5497.4531 | D75: Nos | E75: =VLOOKUP(B75,'Price '!B:D,3,FALSE) -> #N/A | F75: Nos | G75: =C75*E75 -> #N/A
B77: Labours
B78: Mason | C78: =C71*4/100 -> 16.28875 | D78: Nos | E78: =VLOOKUP(B78,'Price '!B:D,3,FALSE) -> 27500 | F78: Nos | G78: =C78*E78 -> 447940.62
B79: Worker | C79: =C71*6/100 -> 24.433125 | D79: Nos | E79: =VLOOKUP(B79,'Price '!B:D,3,FALSE) -> 19800 | F79: Nos | G79: =C79*E79 -> 483775.88
A81: 8b | B81: =VLOOKUP(A81,'Measurement-Septic Tank'!A:O,2,FALSE) -> 4-1/2" thk; Brick Work With 1:3 Cement Mortar | C81: =VLOOKUP(A81,'Measurement-Septic Tank'!A:O,14,FALSE) -> 78.75 | D81: =VLOOKUP(A81,'Measurement-Septic Tank'!A:O,15,FALSE) -> Sft | G81: =SUM(G83:G91) -> #N/A | H81: =SUM(G83:G86) -> #N/A | I81: =SUM(G88:G90) -> 90090
B82: Materials
B83: Cement | C83: =C81*350/112/100 -> 2.4609375 | D83: Bag | E83: =VLOOKUP(B83,'Price '!B:D,3,FALSE) -> 18400 | F83: Bag | G83: =C83*E83 -> 45281.25
B84: Sand | C84: =C81*10/100/100 -> 0.07875 | D84: Sud | E84: =VLOOKUP(B84,'Price '!B:D,3,FALSE) -> 50000 | F84: Sud | G84: =C84*E84 -> 3937.5
B85: Brick( 8 Hole Brick ) | C85: =C81*550/100 -> 433.125 | D85: Nos | E85: =VLOOKUP(B85,'Price '!B:D,3,FALSE) -> #N/A | F85: Nos | G85: =C85*E85 -> #N/A
B86: X-met (2-1/2" Wide) | C86: =C81*115/100*1.1 -> 99.61875 | D86: Rft | E86: =VLOOKUP(B86,'[6]Price (Kalay)'!B:D,3,FALSE) -> 50 | F86: Nos | G86: =C86*E86 -> 4980.9375
B88: Labours
B89: Mason | C89: =C81*2/100 -> 1.575 | D89: Nos | E89: =VLOOKUP(B89,'Price '!B:D,3,FALSE) -> 27500 | F89: Nos | G89: =C89*E89 -> 43312.5
B90: Worker | C90: =C81*3/100 -> 2.3625 | D90: Nos | E90: =VLOOKUP(B90,'Price '!B:D,3,FALSE) -> 19800 | F90: Nos | G90: =C90*E90 -> 46777.5
A92: 9 | B92: =VLOOKUP(A92,'Measurement-Septic Tank'!A:O,2,FALSE) -> 1/2" Thk Plastering work with 1:3 Cement motor | C92: =VLOOKUP(A92,'Measurement-Septic Tank'!A:O,14,FALSE) -> 752.33333 | D92: =VLOOKUP(A92,'Measurement-Septic Tank'!A:O,15,FALSE) -> Sft | G92: =SUM(G94:G101) -> 832833 | H92: =SUM(G94:G97) -> 454221.25 | I92: =SUM(G99:G101) -> 378611.75
B93: Materials
B94: Cement | C94: =C92*259/112/100 -> 17.397708 | D94: Bag | E94: =VLOOKUP(B94,'Price '!B:D,3,FALSE) -> 18400 | F94: Bag | G94: =C94*E94 -> 320117.83
B95: Sand | C95: =C92*5.75/100/100 -> 0.43259167 | D95: Sud | E95: =VLOOKUP(B95,'Price '!B:D,3,FALSE) -> 50000 | F95: Sud | G95: =C95*E95 -> 21629.583
B96: Aggregate | C96: =C92*11.5/100/100 -> 0.86518333 | D96: Sud | E96: =VLOOKUP(B96,'Price '!B:D,3,FALSE) -> 130000 | F96: Sud | G96: =C96*E96 -> 112473.83
B98: Labours
B99: Mason | C99: =C92*0.75/100 -> 5.6425 | D99: Nos | E99: =VLOOKUP(B99,'Price '!B:D,3,FALSE) -> 27500 | F99: Nos | G99: =C99*E99 -> 155168.75
B100: Worker | C100: =C92*1.5/100 -> 11.285 | D100: Nos | E100: =VLOOKUP(B100,'Price '!B:D,3,FALSE) -> 19800 | F100: Nos | G100: =C100*E100 -> 223443
C102: Total Amount | G102: =G7+G11+G16+G25+G37+G51+G59+G71+G81++G92 -> #N/A | H102: =H16+H25+H37+H51+H59+H71+H81+H92 -> #N/A | I102: =I7+I11+I16+I25+I37+I51+I59+I71+I81+I92 -> 3630166.4 | L102: =H102+I102 -> #N/A

Sheet Measurement-Septic Tank
A1: Project : ပညာေရး၀န္ၾကီးဌာန၊ အဆင့္ျမင့္ပညာဦးစီးဌာန၊ ကေလးတကၠသိုလ္ ။
A2: Subject : (၄)ခန္းတြဲ (၂)ထပ္ ၀န္ထမ္းအိမ္ရာ (၁) လံုး တည္ေဆာက္ျခင္းလုပ္ငန္း။
A3: Work Item : Main Building ( Civil Work ) Septic Tank(28'-0"x9'-0")
A4: Details of Measurement
A5: Sr No | B5: Particular | C5: No | F5: Measurement | L5: Deduct | M5: Content | N5: Total of Each
F6: L(ft-in) | H6: B(ft-in) | J6: H(ft-in)
A7: 1 | B7: Site Clearing & Levelling | N7: =SUM(M8:M8) -> 612 | O7: Sft
B8: Septic Tank | C8: =1 -> 1 | D8: x | E8: =1 -> 1 | F8: =28+8 -> 36 | G8: 0 | H8: =9+8 -> 17 | I8: 0 | M8: =C8*E8*(F8+G8/12)*(H8+I8/12) -> 612
A11: 2 | B11: Earth Work in Excavation for foundation in medium soil to a depth of (5)ft . | N11: =SUM(M12:M12) -> 1512 | O11: Cft
B12: Septic Tank | C12: 1 | D12: x | E12: 1 | F12: 28 | G12: 0 | H12: 9 | I12: 0 | J12: 6 | K12: 0 | M12: =C12*E12*(F12+G12/12)*(H12+I12/12)*(J12+K12/12) -> 1512
A14: 3 | B14: 6" Thk; Hard Core & Sand Filling Work | N14: =SUM(M15:M15) -> 126 | O14: Cft
B15: Septic Tank | C15: 1 | D15: x | E15: 1 | F15: =F12 -> 28 | G15: =G12 -> 0 | H15: =H12 -> 9 | I15: =I12 -> 0 | J15: 0 | K15: 6 | M15: =C15*E15*(F15+G15/12)*(H15+I15/12)*(J15+K15/12) -> 126
A17: 4 | B17: 1:3:6 Lean Concrete Laying Work | N17: =N20 -> 54 | O17: Cft
B18: Base Slab | C18: 1 | D18: x | E18: 1 | F18: =F15 -> 28 | G18: =G15 -> 0 | H18: =H15 -> 9 | I18: =I15 -> 0 | J18: 0 | K18: 3 | M18: =C18*E18*(F18+G18/12)*(H18+I18/12)*(J18+K18/12) -> 63
B19: Deduction | C19: =1 -> 1 | E19: =1 -> 1 | F19: =4 -> 4 | G19: =0 -> 0 | H19: =9 -> 9 | I19: =0 -> 0 | J19: 0 | K19: 3 | L19: =C19*E19*(F19+G19/12)*(H19+I19/12)*(J19+K19/12) -> 9
L20: =SUM(L19) -> 9 | M20: =SUM(M18:M19) -> 63 | N20: =M20-L20 -> 54
A22: 5 | B22: Formwork & Shuttering Work | N22: =SUM(M23:M24) -> 276.66667 | O22: Cft
B23: Cover Slab | C23: =1 -> 1 | D23: x | E23: =1 -> 1 | F23: =28 -> 28 | G23: =0 -> 0 | H23: =9 -> 9 | I23: =0 -> 0 | M23: =C23*E23*(F23+G23/12)*(H23+I23/12) -> 252
C24: 1 | E24: 1 | F24: =28 -> 28 | G24: =0 -> 0 | H24: =9 -> 9 | I24: 0 | J24: =0 -> 0 | K24: =4 -> 4 | M24: =C24*E24*2*(F24+G24/12+H24+I24/12)*(J24+K24/12) -> 24.666667
M25: Total | N25: =SUM(M22:M24) -> 276.66667 | O25: Cft
A27: 6 | B27: Mild Steel Work | N27: =N32 -> 0.4951129 | O27: Ton
B28: Cover Slab
B29: 10mmØ @ 6" c/c Both Way
B30: Long Direction | C30: =1 -> 1 | D30: x | E30: =(9-2*0.25)/0.5+1 -> 18 | F30: =28-2*0.25+2*0.42 -> 28.34 | G30: 0 | M30: =C30*E30*(F30+G30/12) -> 510.12
B31: Short Direction | C31: =1 -> 1 | D31: x | E31: =(28-2*0.25)/0.5+1 -> 56 | F31: =9-2*0.25+2*0.42 -> 9.34 | G31: 0 | M31: =C31*E31*(F31+G31/12) -> 523.04
M32: Total | N32: =SUM(M30:M31)/12/3.281/53 -> 0.4951129 | O32: Rft
B33: Deform Bar Total
B34: (a)Ø 16mm Deform Bar | D34: = | N34: =N32 -> 0.4951129 | O34: Ton
R35: =3/12 -> 0.25
A36: 7 | B36: (1:2:4) Cement Concrete Work | N36: =SUM(M37) -> 84 | O36: Sft
B37: Cover Slab | C37: =1 -> 1 | D37: x | E37: =1 -> 1 | F37: =F23 -> 28 | G37: =G23 -> 0 | H37: =H23 -> 9 | I37: =I23 -> 0 | J37: =0 -> 0 | K37: =4 -> 4 | M37: =C37*E37*(F37+G37/12)*(H37+I37)*(J37+K37/12) -> 84
M38: Total | N38: =M37 -> 84 | O38: Sft
A40: 8a | B40: 9" thk; Brick Work With 1:3 Cement Mortar | N40: =SUM(N41:N43) -> 407.21875 | O40: Cft
B41: 28'-0" span | C41: =1 -> 1 | D41: x | E41: =2 -> 2 | F41: =F37 -> 28 | G41: =G37 -> 0 | H41: =0 -> 0 | I41: =9 -> 9 | J41: =6 -> 6 | K41: 11 | M41: =C41*E41*(F41+G41/12)*(H41+I41/12)*(J41+K41/12) -> 290.5
B42: 9'-0" span | C42: =1 -> 1 | D42: x | E42: =3 -> 3 | F42: =7 -> 7 | G42: =6 -> 6 | H42: =0 -> 0 | I42: =9 -> 9 | J42: =6 -> 6 | K42: 11 | M42: =C42*E42*(F42+G42/12)*(H42+I42/12)*(J42+K42/12) -> 116.71875
M43: Total | N43: =SUM(M41:M42) -> 407.21875 | O43: Cft | Q43: =9-1.5 -> 7.5
A45: 8b | B45: 4-1/2" thk; Brick Work With 1:3 Cement Mortar | N45: =SUM(N46:N48) -> 78.75 | O45: Sft
B46: 9'-0" span | C46: =1 -> 1 | D46: x | E46: 2 | F46: =F42 -> 7 | G46: =G42 -> 6 | J46: =5 -> 5 | K46: =3 -> 3 | M46: =C46*E46*(F46+G46/12)*(J46+K46/12) -> 78.75
M47: Total | N47: =SUM(M45:M46) -> 78.75 | O47: Cft
R48: =96-13 -> 83
A49: 9 | B49: 1/2" Thk Plastering work with 1:3 Cement motor | N49: =SUM(N50:N53) -> 752.33333 | O49: Sft
B50: 28'-0" span | C50: =1 -> 1 | D50: x | E50: =E41 -> 2 | F50: =F41 -> 28 | G50: =G41 -> 0 | J50: =J41 -> 6 | K50: =K41 -> 11 | M50: =C50*E50*(F50+G50/12)*(J50+K50/12) -> 387.33333 | R50: =R48/12 -> 6.9166667
B51: 9'-0" span | C51: =2 -> 2 | D51: x | E51: =2 -> 2 | F51: =F42 -> 7 | G51: =G42 -> 6 | J51: =J42 -> 6 | K51: =K42 -> 11 | M51: =C51*E51*(F51+G51/12)*(J51+K51/12) -> 207.5
C52: =2 -> 2 | D52: x | E52: =E46 -> 2 | F52: =F46 -> 7 | G52: =G46 -> 6 | J52: =J46 -> 5 | K52: =K46 -> 3 | M52: =C52*E52*(F52+G52/12)*(J52+K52/12) -> 157.5
M53: Total | N53: =SUM(M50:M52) -> 752.33333 | O53: Cft
