Workbook

Sheet Rate
A1: Material | B1: Unit | C1: Rate
A2: Cement | B2: Bag | C2: 25000
A3: R/Sand | B3: Sud | C3: 50000
A4: R/Sand for Backfill | B4: Sud | C4: 50000
A5: Brick | B5: No | C5: 500
A6: R/Shingle | B6: Sud | C6: 130000
A7: Hard Core | B7: Sud | C7: 220000
A8: Fuel | B8: Gal | C8: 20000
A9: Bonding Agent | B9: Lit | C9: 25000
A10: Sikament-9 | B10: Lit | C10: 7000
A11: T-Rental Charges | B11: No | C11: =(14+14+7)*250 -> 8750
A12: 5 Ply Wood (8' x 4') | B12: Sht | C12: 75000
A13: Jungle Wood | B13: Ton | C13: 1500000
A14: Concrete Nail | B14: Box | C14: 10000
A15: Wire Nail | B15: Lb | C15: =12000/3.6 -> 3333
A16: M.S Rod
A17: 6.5 mm Ø M.S Rod | B17: Ton | C17: 2800000
A18: 8 mm Ø M.S Rod | B18: Ton | C18: 2700000
A19: 10 mm Ø Re bar | B19: Ton | C19: 3100000
A20: 12 mm Ø Re bar | B20: Ton | C20: 2550000
A21: 16 mm Ø Re bar | B21: Ton | C21: 2980000
B22: Ton
A23: Binding Wire | B23: Lb | C23: =12000/3.6 -> 3333
A24: 5"x2" Chowket | B24: Ft | C24: 12000
A25: Coal Tar | B25: Gal | C25: 12000
A26: X-Met | B26: Fr | C26: 170
A27: Plastic Sheet (3' wide) | B27: Yard | C27: 5000
A28: Bamboo | B28: No | C28: 2000
A29: Coin Yarn | B29: Viss | C29: 15000
A30: Broken Brick | B30: Sud | C30: 40000
A31: GI (1' 6" x 1' 6") Manhole Cover | B31: No | C31: 30000
A32: 4" Ø GI Vent Pipe | B32: No | C32: 12000
A33: 4" Ø PVC Outlet Pipe (T) | B33: No | C33: 15000
A34: 4" Ø PVC Inlet Pipe (T) | B34: No | C34: 15000
A37: Mason | B37: No | C37: 27000
A38: Operator | B38: No | C38: =C37 -> 27000
A39: Worker | B39: No | C39: 20000
A40: Worker (Dismantling) | B40: No | C40: =C39 -> 20000
A41: Steel Fixer | B41: No | C41: =C37 -> 27000
A42: Carpenter | B42: No | C42: =C37 -> 27000
A43: Carpenter (Dismantling) | B43: No | C43: =C37 -> 27000
A44: Surveyor | B44: No | C44: =C37 -> 27000
A46: Mechinary For Excavation
A47: Excavator | B47: Juty | C47: 800000
A48: Transport (Excavator) | B48: Trip | C48: 100000
A49: Faw Car (Earth Removal) | B49: Trip | C49: 40000
A51: Mechinary Charges For RC Conc; Work (Price Within 30M³)
A52: CBE for 1st Floor Slab | B52: M3 | C52: 1600000
A53: CBE for 2nd Floor Slab | B53: M3 | C53: 1800000
A54: CBE for Roof Slab | B54: M3 | C54: 2000000

Sheet Floor Area
A1: =SUM!A1 -> U MYO MIN AUNG (KAN NAR LANN, MAGWAY)
A2: =SUM!A2 -> 27'x40' - 2.5 STOREYED RCC BUILDING
A3: Item | B3: Particular | C3: Qty | D3: L | E3: B | G3: Content | H3: Unit
A4: 1 | B4: Ground Floor | C4: 1 | D4: 27 | E4: 40 | G4: =C4*D4*E4 -> 1080 | H4: Fs
A5: 2 | B5: 1st Floor | C5: 1 | D5: 27 | E5: 40 | G5: =C5*D5*E5 -> 1080 | H5: Fs
C6: 1 | D6: 27 | E6: 3 | G6: =C6*D6*E6 -> 81 | H6: Fs
C7: 1 | D7: 3 | E7: 11.5 | G7: =C7*D7*E7 -> 34.5 | H7: Fs
A8: 3 | B8: Roof Floor | C8: 1 | D8: 27 | E8: 43 | G8: =C8*D8*E8 -> 1161 | H8: Fs
C9: 1 | D9: 3 | E9: 14.5 | G9: =C9*D9*E9 -> 43.5 | H9: Fs
A10: 4 | B10: Top Roof | C10: 1 | D10: 17.5 | E10: 28.5 | F10: 0.5 | G10: =ROUND(C10*D10*E10*F10,1) -> 249.4 | H10: Fs
B11: Total Floor Area | G11: =SUM(G4:G10) -> 3729.4 | H11: Fs
B14: SUM YB | C14: ='BQ-YB'!G63 -> 356040000
B15: PAE | C15: =C14/G11 -> 95468.44

Sheet SUM
A1: =Detail!A1 -> U MYO MIN AUNG (KAN NAR LANN, MAGWAY)
A2: 27'x40' - 2.5 STOREYED RCC BUILDING
A3: Summary
A4: Item | B4: Description | C4: Amount | D4: Remark
A5: 1 | B5: - Material Cost | C5: ='BQ-YB'!G36 -> 2.0804477e+08 | D5: အုတ္စီ၊ ေခ်ာ၊ က်ည္းေဘာင္ေထာင္ျခင္း
A6: 2 | B6: - Labour Cost | C6: ='BQ-YB'!G47 -> 84491740 | D6: အထပ္သား၊ သစ္-3 Times used
A7: 3 | B7: - Mechinary Charges For Excavation & Earth Removal | C7: ='BQ-YB'!G52 -> 4382400 | D7: April, 2026 ေစ်းႏႈန္းအရျဖစ္ပါသည္
A8: 4 | B8: - Mechinary Charges For RC Conc; Work | C8: ='BQ-YB'!G57 -> 5400000 | D8: တည္ေဆာက္မည့္အခ်ိန္ကာလေစ်းႏႈန္းေပၚမူတည္ၿပီး
D9: ေငြ Amount အေျပာင္းအလဲရွိႏိုင္ပါသည္
B10: Total | C10: =SUM(C5:C8) -> 3.0231891e+08
A11: 5 | B11: - Transportation Cost (3% of Material) | C11: =C5*0.03 -> 6241343
A12: 6 | B12: - Preliminary Cost (2% of Total) | C12: =C10*0.05 -> 15115945
A13: 8 | B13: - Supervision Charges (10% of Toal) | C13: =C10*0.1 -> 30231891
B15: Total Amount | C15: =SUM(C10:C14) -> 3.5390808e+08
A16: Say | C16: =ROUND(C15,-4) -> 353910000
B18: Floor Area | C18: ='Floor Area'!G11 -> 3729.4
B19: PAE | C19: =C16/C18 -> 94897

Sheet Summary
A1: ='BQ-YB'!A1:G1 -> U MYO MIN AUNG (KAN NAR LANN, MAGWAY)
A2: ='BQ-YB'!A2:G2 -> 27' X 40' 2.5 STOREYED BUILDING (Structure Work)
A3: Total Summary
A4: No | B4: Particular | C4: Amount | D4: Remark
A5: 1 | B5: Material Cost | C5: ='BQ-YB'!G36 -> 2.0804477e+08 | D5: အုတ္စီ၊ ေခ်ာ၊ က်ည္းေဘာင္ေထာင္ျခင္း
A6: 2 | B6: Labour Charges | C6: ='BQ-YB'!G47 -> 84491740 | D6: April, 2026 ေစ်းႏႈန္းအရျဖစ္ပါသည္
A7: 3 | B7: Mechinary Charges | C7: ='BQ-YB'!G52+'BQ-YB'!G57 -> 9782400 | D7: တည္ေဆာက္မည့္အခ်ိန္ကာလေစ်းႏႈန္းေပၚမူတည္ၿပီး
B8: Total | C8: =SUM(C5:C7) -> 3.0231891e+08 | D8: ေငြ Amount အေျပာင္းအလဲရွိႏိုင္ပါသည္
B9: Transportation Charges (3% of Material) | C9: =C5*0.03 -> 6241343
B10: Preliminary Cost (5%) | C10: =C8*0.05 -> 15115945
B11: Supervision (10%) | C11: =ROUND((C8+C9+C10)*0.1,-3) -> 32368000
B12: Grand Total Cost | C12: =SUM(C8:C11) -> 3.5604419e+08
B13: Say (For 1 No) | C13: =ROUND(C12,-4) -> 356040000
B15: Floor Area | C15: ='Floor Area'!G11 -> 3729.4
B16: PAE | C16: =C13/C15 -> 95468.44

Sheet BQ-YB
A1: =Detail!A1 -> U MYO MIN AUNG (KAN NAR LANN, MAGWAY)
A2: =Detail!A2 -> 27' X 40' 2.5 STOREYED BUILDING (Structure Work)
A3: BILL OF QUANTITY
A4: No. | B4: Particular | C4: Unit | D4: Quantity | E4: Rate | F4: Per | G4: Amount
B6: Material
A7: 1 | B7: Cement | C7: Bag | D7: =SUMIF(BE!$B$6:$B$386,B7,BE!$D$6:$D$386) -> 1501.97 | E7: =VLOOKUP(B7,Rate!$A$2:$C$29,3,FALSE) -> 25000 | F7: =C7 -> Bag | G7: =D7*E7 -> 37549250
A8: 2 | B8: R/Sand | C8: Sud | D8: =SUMIF(BE!$B$6:$B$386,B8,BE!$D$6:$D$386) -> 73.68 | E8: =VLOOKUP(B8,Rate!$A$2:$C$29,3,FALSE) -> 50000 | F8: =C8 -> Sud | G8: =D8*E8 -> 3684000
A9: 3 | B9: R/Sand for Backfill | C9: Sud | D9: =SUMIF(BE!$B$6:$B$386,B9,BE!$D$6:$D$386) -> 122.81 | E9: =VLOOKUP(B9,Rate!$A$2:$C$29,3,FALSE) -> 50000 | F9: =C9 -> Sud | G9: =D9*E9 -> 6140500
A10: 4 | B10: Brick | C10: No | D10: =SUMIF(BE!$B$6:$B$386,B10,BE!$D$6:$D$386) -> 41691 | E10: =VLOOKUP(B10,Rate!$A$2:$C$29,3,FALSE) -> 500 | F10: =C10 -> No | G10: =D10*E10 -> 20845500
A11: 5 | B11: R/Shingle | C11: Sud | D11: =SUMIF(BE!$B$6:$B$386,B11,BE!$D$6:$D$386) -> 54.72 | E11: =VLOOKUP(B11,Rate!$A$2:$C$29,3,FALSE) -> 130000 | F11: =C11 -> Sud | G11: =D11*E11 -> 7113600
A12: 6 | B12: Hard Core | C12: Sud | D12: =SUMIF(BE!$B$6:$B$386,B12,BE!$D$6:$D$386) -> 5.33 | E12: =VLOOKUP(B12,Rate!$A$2:$C$29,3,FALSE) -> 220000 | F12: =C12 -> Sud | G12: =D12*E12 -> 1172600
A13: 7 | B13: Fuel | C13: Gal | D13: =SUMIF(BE!$B$6:$B$386,B13,BE!$D$6:$D$386) -> 108.92 | E13: =VLOOKUP(B13,Rate!$A$2:$C$29,3,FALSE) -> 20000 | F13: =C13 -> Gal | G13: =D13*E13 -> 2178400
A14: 8 | B14: Bonding Agent | C14: Lit | D14: =SUMIF(BE!$B$6:$B$386,B14,BE!$D$6:$D$386) -> 59 | E14: =VLOOKUP(B14,Rate!$A$2:$C$29,3,FALSE) -> 25000 | F14: =C14 -> Lit | G14: =D14*E14 -> 1475000
A15: 9 | B15: Sikament-9 | C15: Lit | D15: =SUMIF(BE!$B$6:$B$386,B15,BE!$D$6:$D$386) -> 220.59 | E15: =VLOOKUP(B15,Rate!$A$2:$C$29,3,FALSE) -> 7000 | F15: =C15 -> Lit | G15: =D15*E15 -> 1544130
A16: 10 | B16: T-Rental Charges | C16: No | D16: =SUMIF(BE!$B$6:$B$386,B16,BE!$D$6:$D$386) -> 1167 | E16: =VLOOKUP(B16,Rate!$A$2:$C$29,3,FALSE) -> 8750 | F16: =C16 -> No | G16: =D16*E16 -> 10211250
A17: 11 | B17: 5 Ply Wood (8' x 4') | C17: Sht | D17: =SUMIF(BE!$B$6:$B$386,B17,BE!$D$6:$D$386) -> 125.61 | E17: =VLOOKUP(B17,Rate!$A$2:$C$29,3,FALSE) -> 75000 | F17: =C17 -> Sht | G17: =D17*E17 -> 9420750
A18: 12 | B18: Jungle Wood | C18: Ton | D18: =SUMIF(BE!$B$6:$B$386,B18,BE!$D$6:$D$386) -> 14.02 | E18: =VLOOKUP(B18,Rate!$A$2:$C$29,3,FALSE) -> 1500000 | F18: =C18 -> Ton | G18: =D18*E18 -> 21030000
... A20: 14 | B20: Wire Nail | C20: Lb | D20: =SUMIF(BE!$B$6:$B$386,B20,BE!$D$6:$D$386) -> 605.29 | E20: =VLOOKUP(B20,Rate!$A$2:$C$29,3,FALSE) -> 3333 | F20: =C20 -> Lb | G20: =D20*E20 -> 2017431.6
A21: 15 | B21: M.S Rod
B22: 6.5 mm Ø M.S Rod | C22: Ton | D22: =SUMIF(BE!$B$6:$B$386,B22,BE!$D$6:$D$386) -> 0.32 | E22: =VLOOKUP(B22,Rate!$A$2:$C$29,3,FALSE) -> 2800000 | F22: =C22 -> Ton | G22: =D22*E22 -> 896000
B23: 8 mm Ø M.S Rod | C23: Ton | D23: =SUMIF(BE!$B$6:$B$386,B23,BE!$D$6:$D$386) -> 0.24 | E23: =VLOOKUP(B23,Rate!$A$2:$C$29,3,FALSE) -> 2700000 | F23: =C23 -> Ton | G23: =D23*E23 -> 648000
B24: 10 mm Ø Re bar | C24: Ton | D24: =SUMIF(BE!$B$6:$B$386,B24,BE!$D$6:$D$386) -> 9.59 | E24: =VLOOKUP(B24,Rate!$A$2:$C$29,3,FALSE) -> 3100000 | F24: =C24 -> Ton | G24: =D24*E24 -> 29729000
B25: 12 mm Ø Re bar | C25: Ton | D25: =SUMIF(BE!$B$6:$B$386,B25,BE!$D$6:$D$386) -> 2.45 | E25: =VLOOKUP(B25,Rate!$A$2:$C$29,3,FALSE) -> 2550000 | F25: =C25 -> Ton | G25: =D25*E25 -> 6247500
B26: 16 mm Ø Re bar | C26: Ton | D26: =SUMIF(BE!$B$6:$B$386,B26,BE!$D$6:$D$386) -> 12.5 | E26: =VLOOKUP(B26,Rate!$A$2:$C$29,3,FALSE) -> 2980000 | F26: =C26 -> Ton | G26: =D26*E26 -> 37250000
C27: Ton | D27: =SUM(D22:D26) -> 25.1
A28: 16 | B28: Binding Wire | C28: Lb | D28: =SUMIF(BE!$B$6:$B$386,B28,BE!$D$6:$D$386) -> 827.22 | E28: =VLOOKUP(B28,Rate!$A$2:$C$29,3,FALSE) -> 3333 | F28: =C28 -> Lb | G28: =D28*E28 -> 2757124.3
A29: 17 | B29: 5"x2" Chowket | C29: =BE!C324 -> Rft | D29: =SUMIF(BE!$B$6:$B$386,B29,BE!$D$6:$D$386) -> 310.76 | E29: =VLOOKUP(B29,Rate!$A$2:$C$29,3,FALSE) -> 12000 | F29: =C29 -> Rft | G29: =D29*E29 -> 3729120
A30: 18 | B30: Coal Tar | C30: Gal | D30: =SUMIF(BE!$B$6:$B$386,B30,BE!$D$6:$D$386) -> 3 | E30: =VLOOKUP(B30,Rate!$A$2:$C$29,3,FALSE) -> 12000 | F30: =C30 -> Gal | G30: =D30*E30 -> 36000
A31: 19 | B31: X-Met | C31: Fr | D31: =SUMIF(BE!$B$6:$B$386,B31,BE!$D$6:$D$386) -> 5773 | E31: =VLOOKUP(B31,Rate!$A$2:$C$29,3,FALSE) -> 170 | F31: =C31 -> Fr | G31: =D31*E31 -> 981410
A32: 20 | B32: Plastic Sheet (3' wide) | C32: =BE!C364 -> Yds | D32: =SUMIF(BE!$B$6:$B$386,B32,BE!$D$6:$D$386) -> 101.97 | E32: =VLOOKUP(B32,Rate!$A$2:$C$29,3,FALSE) -> 5000 | F32: =C32 -> Yds | G32: =D32*E32 -> 509850
A33: 21 | B33: Bamboo | C33: No | D33: =SUMIF(BE!$B$6:$B$386,B33,BE!$D$6:$D$386) -> 173.4 | E33: =VLOOKUP(B33,Rate!$A$2:$C$29,3,FALSE) -> 2000 | F33: =C33 -> No | G33: =D33*E33 -> 346800
A34: 22 | B34: Coin Yarn | C34: Viss | D34: =SUMIF(BE!$B$6:$B$386,B34,BE!$D$6:$D$386) -> 24.77 | E34: =VLOOKUP(B34,Rate!$A$2:$C$29,3,FALSE) -> 15000 | F34: =C34 -> Viss | G34: =D34*E34 -> 371550
B36: Total Material Cost | G36: =SUM(G7:G35) -> 2.0804477e+08
B37: Labour
A38: 1 | B38: Mason | C38: No | D38: =SUMIF(BE!$B$6:$B$386,B38,BE!$D$6:$D$386) -> 476.34 | E38: =VLOOKUP(B38,Rate!$A$37:$C$44,3,FALSE) -> 27000 | F38: =C38 -> No | G38: =D38*E38 -> 12861180
A39: 2 | B39: Operator | C39: No | D39: =SUMIF(BE!$B$6:$B$386,B39,BE!$D$6:$D$386) -> 27.24 | E39: =VLOOKUP(B39,Rate!$A$37:$C$44,3,FALSE) -> 27000 | F39: =C39 -> No | G39: =D39*E39 -> 735480
A40: 3 | B40: Worker | C40: No | D40: =SUMIF(BE!$B$6:$B$386,B40,BE!$D$6:$D$386) -> 2060.86 | E40: =VLOOKUP(B40,Rate!$A$37:$C$44,3,FALSE) -> 20000 | F40: =C40 -> No | G40: =D40*E40 -> 41217200
A41: 4 | B41: Worker (Dismantling) | C41: No | D41: =SUMIF(BE!$B$6:$B$386,B41,BE!$D$6:$D$386) -> 66.88 | E41: =VLOOKUP(B41,Rate!$A$37:$C$44,3,FALSE) -> 20000 | F41: No | G41: =D41*E41 -> 1337600
A42: 5 | B42: Steel Fixer | C42: No | D42: =SUMIF(BE!$B$6:$B$386,B42,BE!$D$6:$D$386) -> 476.65 | E42: =VLOOKUP(B42,Rate!$A$37:$C$44,3,FALSE) -> 27000 | F42: =C42 -> No | G42: =D42*E42 -> 12869550
A43: 6 | B43: Carpenter | C43: No | D43: =SUMIF(BE!$B$6:$B$386,B43,BE!$D$6:$D$386) -> 439.02 | E43: =VLOOKUP(B43,Rate!$A$37:$C$44,3,FALSE) -> 27000 | F43: =C43 -> No | G43: =D43*E43 -> 11853540
A44: 7 | B44: Carpenter (Dismantling) | C44: No | D44: =SUMIF(BE!$B$6:$B$386,B44,BE!$D$6:$D$386) -> 133.78 | E44: =VLOOKUP(B44,Rate!$A$37:$C$44,3,FALSE) -> 27000 | F44: =C44 -> No | G44: =D44*E44 -> 3612060
A45: 8 | B45: Surveyor | C45: No | D45: =SUMIF(BE!$B$6:$B$386,B45,BE!$D$6:$D$386) -> 0.19 | E45: =VLOOKUP(B45,Rate!$A$37:$C$44,3,FALSE) -> 27000 | F45: =C45 -> No | G45: =D45*E45 -> 5130
A47: Total Labour Cost | G47: =SUM(G38:G46) -> 84491740
B48: Mechinary Charges For Earthwork Excavation
B49: Excavator | C49: Juty | D49: =BE!D22 -> 2 | E49: =VLOOKUP(B49,Rate!A47:C49,3,FALSE) -> 800000 | F49: =C49 -> Juty | G49: =D49*E49 -> 1600000
B50: Transport (Excavator) | C50: Trip | D50: =BE!D23 -> 2 | E50: =VLOOKUP(B50,Rate!A48:C50,3,FALSE) -> 100000 | F50: =C50 -> Trip | G50: =D50*E50 -> 200000
B51: Faw Car (Earth Removal) | C51: Trip | D51: =BE!D24 -> 64.56 | E51: =VLOOKUP(B51,Rate!A49:C51,3,FALSE) -> 40000 | F51: =C51 -> Trip | G51: =D51*E51 -> 2582400
G52: =SUM(G49:G51) -> 4382400
B53: Mechinary Charges For RC Conc; Work (Price Within 30M³)
B54: CBE for 1st Floor Slab | C54: M3 | D54: =BE!D253 -> 21.78 | G54: =VLOOKUP(B54,Rate!A52:C54,3,FALSE) -> 1600000
B55: CBE for 2nd Floor Slab | C55: M3 | D55: =BE!D256 -> 21.82 | G55: =VLOOKUP(B55,Rate!A53:C55,3,FALSE) -> 1800000
B56: CBE for Roof Slab | C56: M3 | D56: =BE!D259 -> 15.37 | G56: =VLOOKUP(B56,Rate!A54:C55,3,FALSE) -> 2000000
G57: =SUM(G54:G56) -> 5400000
A58: Total Material, Labour & Mechinary Charges | G58: =G47+G36+G52+G57 -> 3.0231891e+08
B59: Transportation Charges (3% of Material) | G59: =G36*0.03 -> 6241343
B60: Preliminary Cost (5%) | G60: =G58*0.05 -> 15115945
B61: Supervision (10%) | G61: =ROUND((G58+G59+G60)*0.1,-3) -> 32368000
B62: Grand Total Cost | G62: =SUM(G58:G61) -> 3.5604419e+08
B63: Say For (1) No | G63: =ROUND(G62,-4) -> 356040000

Sheet AC
A1: =Detail!A1 -> U MYO MIN AUNG (KAN NAR LANN, MAGWAY)
A2: =Detail!A2 -> 27' X 40' 2.5 STOREYED BUILDING (Structure Work)
A3: Abstract Of Costs
A4: Sr | B4: Quantity | C4: Unit | D4: Particulars | E4: Rate | F4: Per | G4: Material | H4: Labour | I4: Mechine | J4: Amount
A6: =BE!A6 -> 1 | B6: =BE!D6 -> 24 | C6: =BE!C6 -> %Fs | D6: =BE!B6 -> Site Clearing Work | E6: =J6/B6 -> 5000 | F6: =C6 -> %Fs | G6: =BE!G9 -> 0 | H6: =BE!H9 -> 120000 | J6: =SUM(G6:H6) -> 120000
A7: =BE!A11 -> 2 | B7: =BE!D11 -> 1850 | C7: =BE!C11 -> Fs | D7: =BE!B11 -> Staking Works For Preparation of Foundation | E7: =J7/B7 -> 71.28 | F7: =C7 -> Fs | G7: =BE!G19 -> 64632.87 | H7: =BE!H19 -> 67240 | J7: =SUM(G7:I7) -> 131872.87
B8: =BE!D21 -> 129.12 | C8: =BE!C21 -> %Fc | D8: =BE!B21 -> Excavation & Earth Removal | I8: =BE!I25 -> 4382400 | J8: =SUM(G8:I8) -> 4382400
A9: =BE!A28 -> 4 | B9: =BE!D28 -> 5.33 | C9: =BE!C28 -> %Fc | D9: =BE!B28 -> Hard Core Laying with sand Work | E9: =J9/B9 -> 286001.88 | F9: =C9 -> %Fc | G9: =BE!G35 -> 1239100 | H9: =BE!H35 -> 285290 | J9: =SUM(G9:I9) -> 1524390
A10: =BE!A37 -> 5 | B10: =BE!D37 -> 9.55 | C10: =BE!C37 -> %Fc | D10: =BE!B37 -> (1:3:6) Lean Conc; Work | E10: =J10/B10 -> 670760.21 | F10: =C10 -> %Fc | G10: =BE!G47 -> 4872850 | H10: =BE!H47 -> 1532910 | J10: =SUM(G10:I10) -> 6405760
A11: =BE!A49 -> 6 | B11: =BE!D49 -> 10.43 | C11: =BE!C49 -> %Fc | D11: =BE!B49 -> Retaining Wall Brick Work with (1:3) Cement Mortor | E11: =J11/B11 -> 1090128.5 | F11: =C11 -> %Fc | G11: =BE!G57 -> 8992000 | H11: =BE!H57 -> 2378040 | J11: =SUM(G11:I11) -> 11370040
A12: =BE!A59 -> 7 | D12: =BE!B59 -> Concrete Casting Work for Footing | J12: =SUM(G12:I12) -> 0
B13: =BE!D60 -> 9.84 | C13: =BE!C60 -> %Fc | D13: =BE!B60 -> ( a ) (1:2:4) R.C Conc; Work | E13: =J13/B13 -> 892123.98 | F13: =C13 -> %Fc | G13: =BE!G70 -> 6343100 | H13: =BE!H70 -> 2435400 | J13: =SUM(G13:I13) -> 8778500
B14: =BE!D72 -> 4.53 | C14: =BE!C72 -> %Fs | D14: =BE!B72 -> ( b ) Formwork | E14: =J14/B14 -> 453572.25 | F14: =C14 -> %Fs | G14: =BE!G80 -> 1384242.3 | H14: =BE!H80 -> 670440 | J14: =SUM(G14:I14) -> 2054682.3
B15: =BE!D81 -> 3.18 | C15: =BE!C81 -> Ton | D15: =BE!B81 -> ( c ) Rebar Work | E15: =J15/B15 -> 3804894.3 | F15: =C15 -> Ton | G15: =BE!G91 -> 9881164 | H15: =BE!H91 -> 2218400 | J15: =SUM(G15:I15) -> 12099564
A16: =BE!A93 -> 8 | D16: =BE!B93 -> Concrete Casting Work For Column | J16: =SUM(G16:I16) -> 0
B17: =BE!D94 -> 5.9 | C17: =BE!C94 -> %Fc | D17: =BE!B94 -> ( a ) (1:2:4) R.C Conc; Work | E17: =J17/B17 -> 1202144.1 | F17: =C17 -> %Fc | G17: =BE!G105 -> 5278400 | H17: =BE!H105 -> 1814250 | J17: =SUM(G17:I17) -> 7092650
B18: =BE!D107 -> 23.61 | C18: =BE!C107 -> %Fs | D18: =BE!B107 -> ( b ) Formwork | E18: =J18/B18 -> 504293.37 | F18: =C18 -> %Fs | G18: =BE!G117 -> 7247326.5 | H18: =BE!H117 -> 4659040 | J18: =SUM(G18:I18) -> 11906367
B19: =BE!D119 -> 5.85 | C19: =BE!C119 -> Ton | D19: =BE!B119 -> ( c ) Rebar Work | E19: =J19/B19 -> 4206091.2 | F19: =C19 -> Ton | G19: =BE!G131 -> 18265334 | H19: =BE!H131 -> 6340300 | J19: =SUM(G19:I19) -> 24605634
A20: =BE!A132 -> 9 | D20: =BE!B132 -> R.C Concrete Casting Work Beam | J20: =SUM(G20:I20) -> 0
B21: =BE!D133 -> 13.14 | C21: =BE!C133 -> %Fc | D21: =BE!B133 -> ( a ) (1:2:4) R.C Conc; Casting Work | E21: =J21/B21 -> 1016846.3 | F21: =C21 -> %Fc | G21: =BE!G144 -> 9320810 | H21: =BE!H144 -> 4040550 | J21: =SUM(G21:I21) -> 13361360
B22: =BE!D145 -> 29.84 | C22: =BE!C145 -> %Fs | D22: =BE!B145 -> ( b ) Formwork | E22: =J22/B22 -> 504253.22 | F22: =C22 -> %Fs | G22: =BE!G155 -> 9158465.9 | H22: =BE!H155 -> 5888450 | J22: =SUM(G22:I22) -> 15046916
B23: =BE!D156 -> 8.26 | C23: =BE!C156 -> Ton | D23: =BE!B156 -> ( c ) Rebar Work | E23: =J23/B23 -> 4050870.4 | F23: =C23 -> Ton | G23: =BE!G166 -> 27094040 | H23: =BE!H166 -> 6366150 | J23: =SUM(G23:I23) -> 33460190
A24: =BE!A168 -> 10 | D24: =BE!B168 -> RC Floor Slab Work | J24: =SUM(G24:I24) -> 0
B25: =BE!D169 -> 8.44 | C25: =BE!C169 -> %Fc | D25: =BE!B169 -> ( a ) (1:2:4) RC Concrete Work | E25: =J25/B25 -> 956759.48 | F25: =C25 -> %Fc | G25: =BE!G181 -> 5986150 | H25: =BE!H181 -> 2088900 | J25: =SUM(G25:I25) -> 8075050
B26: =BE!D183 -> 31.09 | C26: =BE!C183 -> %Fs | D26: =BE!B183 -> ( b ) Formwork | G26: =BE!G194 -> 9706480.5 | H26: =BE!H194 -> 6135070 | J26: =SUM(G26:I26) -> 15841550
B27: =BE!D198 -> 3.58 | D27: =BE!B196 -> ( c ) Re bar Work | G27: =BE!G206 -> 17536804 | H27: =BE!H206 -> 5207600 | J27: =SUM(G27:I27) -> 22744404
A28: =BE!A209 -> 11 | B28: 1 | C28: Lot | D28: =BE!B209 -> T-Rental Charges | J28: =BE!G210 -> 10211250
A29: =BE!A211 -> 12 | D29: =BE!B211 -> RC Stair Work | J29: =SUM(G29:I29) -> 0
B30: =BE!D212 -> 2.29 | C30: =BE!C212 -> %Fc | D30: =BE!B212 -> ( a ) RC Concrete Work | G30: =BE!G223 -> 1624520 | H30: =BE!H223 -> 566910 | J30: =SUM(G30:I30) -> 2191430
B31: =BE!D224 -> 5.36 | C31: =BE!C224 -> %Fs | D31: =BE!B224 -> ( b ) Formwork | G31: =BE!G234 -> 1637624.2 | H31: =BE!H234 -> 1057730 | J31: =SUM(G31:I31) -> 2695354.2
B32: =BE!D235 -> 0.69 | C32: =BE!C235 -> Ton | D32: =BE!B235 -> ( c ) Re bar Work | G32: =BE!G249 -> 2088492.2 | H32: =BE!H249 -> 987000 | J32: =SUM(G32:I32) -> 3075492.2
A33: =BE!A251 -> 13 | D33: =BE!B251 -> Mechinary Charges for RC Concrete Casting Work | J33: =SUM(G33:I33) -> 0
B34: =BE!D253 -> 21.78 | C34: =BE!C253 -> M3 | D34: =BE!B252 -> 1st Floor Beam,Slab & Stair | I34: =BE!I253 -> 1600000 | J34: =SUM(G34:I34) -> 1600000
D35: Pump Charges
B36: =BE!D256 -> 21.82 | C36: =C34 -> M3 | D36: =BE!B255 -> 2nd Floor Beam, Slab & Stair | I36: =BE!I256 -> 1800000 | J36: =SUM(G36:I36) -> 1800000
D37: Pump Charges
B38: =BE!D259 -> 15.37 | C38: =C36 -> M3 | D38: =BE!B258 -> Roof Beam & Slab | I38: =BE!I259 -> 2000000 | J38: =SUM(G38:I38) -> 2000000
D39: Pump Charges
J40: =SUM(G40:I40) -> 0
A41: =BE!A262 -> 14 | B41: =BE!D262 -> 50.2 | C41: =BE!C262 -> %Fs | D41: =BE!B262 -> ( a ) 4½" Thk; Brick Walling Work | E41: =J41/B41 -> 479844.82 | F41: =C41 -> %Fs | G41: =BE!G271 -> 18365410 | H41: =BE!H271 -> 5722800 | J41: =SUM(G41:I41) -> 24088210
A42: =BE!A273 -> 15 | D42: =BE!B273 -> Lintel & Stiffener Work | J42: =SUM(G42:I42) -> 0
B43: =BE!D274 -> 1.98 | C43: =BE!C274 -> %Fc | D43: =BE!B274 -> ( a ) (1:2:4) R.C Concrete Work | E43: =J43/B43 -> 951969.7 | F43: =C43 -> %Fc | G43: =BE!G284 -> 1276050 | H43: =BE!H284 -> 608850 | J43: =SUM(G43:I43) -> 1884900
B44: =BE!D286 -> 10.43 | C44: =BE!C286 -> %Fs | D44: =BE!B286 -> ( b ) Formwork | E44: =J44/B44 -> 504050.07 | F44: =C44 -> %Fs | G44: =BE!G296 -> 3199032.3 | H44: =BE!H296 -> 2058210 | J44: =SUM(G44:I44) -> 5257242.3
B45: =BE!D298 -> 0.81 | C45: =BE!C298 -> Ton | D45: =BE!B298 -> ( c ) Re Bar Work | E45: =J45/B45 -> 4870235.6 | F45: =C45 -> Ton | G45: =BE!G308 -> 2661790.8 | H45: =BE!H308 -> 1283100 | J45: =SUM(G45:I45) -> 3944890.8
A46: =BE!A310 -> 16 | B46: =BE!D311 -> 139.16 | C46: =BE!C311 -> %Fs | D46: =BE!B310 -> (1:3) Cement Mortar Plastering Work | E46: =J46/B46 -> 154473.84 | F46: =C46 -> %Fs | G46: =BE!G320 -> 7511000 | H46: =BE!H320 -> 13985580 | J46: =SUM(G46:I46) -> 21496580
A47: =BE!A322 -> 17 | B47: =BE!D322 -> 310.76 | C47: =BE!C322 -> Ft | D47: =BE!B322 -> ( e ) Making & Fixing of 5" x 2" Chowket | G47: =BE!G330 -> 3785851.3 | H47: =BE!H330 -> 513350 | J47: =SUM(G47:I47) -> 4299201.3
A48: =BE!A332 -> 18 | B48: =BE!D332 -> 98.25 | C48: =BE!C332 -> %Fc | D48: =BE!B332 -> ( a ) Back Filling Work (Foundation) | F48: =C48 -> %Fc | G48: =BE!G337 -> 6140500 | H48: =BE!H337 -> 1965000 | I48: =BE!I337 -> 0 | J48: =SUM(G48:I48) -> 8105500
A49: =BE!A339 -> 19 | D49: =BE!B339 -> Flooring Work | J49: =SUM(G49:I49) -> 0
B50: =BE!D340 -> 21.47 | C50: =BE!C340 -> %Fc | D50: =BE!B340 -> ( a ) Sand Filling Work For Floor | F50: =C50 -> %Fc | G50: =BE!G345 -> 1342000 | H50: =BE!H345 -> 429400 | I50: =BE!I345 -> 0 | J50: =SUM(G50:I50) -> 1771400
B51: =BE!D349 -> 3.32 | C51: =BE!C349 -> %Fc | D51: =BE!B347 -> ( b ) 4½" thk (1:3:6) Cement Concrete Work | E51: =J51/B51 -> 670816.27 | F51: =C51 -> %Fc | G51: =BE!G359 -> 1694250 | H51: =BE!H359 -> 532860 | J51: =SUM(G51:I51) -> 2227110
B52: =BE!D361 -> 8.74 | C52: =BE!C361 -> %Fs | D52: =BE!B361 -> ( c ) Plastic Sheet Laying Work | E52: =J52/B52 -> 58335.24 | F52: =C52 -> %Fs | G52: =BE!G365 -> 509850 | H52: =BE!H365 -> 0 | J52: =SUM(G52:I52) -> 509850
B53: =BE!D367 -> 35.68 | C53: =BE!C367 -> %Fs | D53: =BE!B367 -> ( d ) 1½" Thk; (1:2:4) Concrete Topping Work | E53: =J53/B53 -> 125873.6 | F53: =C53 -> %Fs | G53: =BE!G375 -> 2698250 | H53: =BE!H375 -> 1792920 | J53: =SUM(G53:I53) -> 4491170
A54: =BE!A377 -> 20 | B54: =BE!D377 -> 7134 | C54: =BE!C377 -> Fs | D54: =BE!B377 -> Scaffolding Work | E54: =J54/B54 -> 233.81 | F54: =C54 -> Fs | G54: =BE!G384 -> 927995.7 | H54: =BE!H384 -> 740000 | J54: =SUM(G54:I54) -> 1667995.7
A56: Total Abstract Cost ( Material + Labour) | J56: =SUM(J6:J55) -> 3.0231891e+08
J58: =J56-BE!H389 -> 0

Sheet BE
A1: =Detail!A1 -> U MYO MIN AUNG (KAN NAR LANN, MAGWAY)
A2: =Detail!A2 -> 27' X 40' 2.5 STOREYED BUILDING (Structure Work)
A3: BUILDER'S ESTIMATE
A4: Item | B4: Particular | C4: Unit | D4: Quantity | E4: Rate | F4: Per | G4: Amount
G5: Material | H5: Labour
A6: =Detail!A6 -> 1 | B6: =Detail!B6 -> Site Clearing Work | C6: =Detail!K7 -> %Fs | D6: =Detail!J7 -> 24
B7: Labour
B8: Worker | C8: No | D8: =D6*0.25 -> 6 | E8: ='BQ-YB'!E40 -> 20000 | F8: =C8 -> No | H8: =D8*E8 -> 120000
G9: =SUM(G8) -> 0 | H9: =SUM(H8) -> 120000
A11: =Detail!A9 -> 2 | B11: =Detail!B9 -> Staking Works For Preparation of Foundation | C11: =Detail!K9 -> Fs | D11: =Detail!J9 -> 1850
B12: Material
B13: Jungle Wood | C13: Ton | D13: =D11/(100*100)*30/50/3 -> 0.04 | E13: ='BQ-YB'!E18 -> 1500000 | F13: =C13 -> Ton | G13: =E13*D13 -> 60000
B14: Wire Nail | C14: Lb | D14: =D11/(100*100)*7.5 -> 1.39 | E14: ='BQ-YB'!E20 -> 3333 | F14: =C14 -> Lb | G14: =E14*D14 -> 4632.87
B15: Labour
B16: Surveyor | C16: No | D16: =D11/(100*100)*1 -> 0.19 | E16: ='BQ-YB'!E45 -> 27000 | F16: =C16 -> No | H16: =D16*E16 -> 5130
B17: Carpenter | C17: No | D17: =D11/(100*100)*5 -> 0.93 | E17: ='BQ-YB'!E43 -> 27000 | F17: =C17 -> No | H17: =D17*E17 -> 25110
B18: Worker | C18: No | D18: =D11/(100*100)*10 -> 1.85 | E18: ='BQ-YB'!E40 -> 20000 | F18: =C18 -> No | H18: =D18*E18 -> 37000
G19: =SUM(G13:G18) -> 64632.87 | H19: =SUM(H13:H18) -> 67240
A21: 3 | B21: =Detail!B12 -> Excavation & Earth Removal | C21: =Detail!K13 -> %Fc | D21: =Detail!J13 -> 129.12
B22: Excavator (8 Ton) | C22: Juty | D22: 2 | E22: ='BQ-YB'!E49 -> 800000 | F22: =C22 -> Juty | I22: =D22*E22 -> 1600000
B23: Transportation (Excavator သြား/ျပန္) | C23: Trip | D23: 2 | E23: ='BQ-YB'!E50 -> 100000 | F23: =C23 -> Trip | I23: =D23*E23 -> 200000
B24: Faw Car (3 Sud) For Earth Removal | C24: Trip | D24: =D21*1.5/3 -> 64.56 | E24: ='BQ-YB'!E51 -> 40000 | F24: =C24 -> Trip | I24: =D24*E24 -> 2582400
I25: =SUM(I22:I24) -> 4382400
A28: =Detail!A16 -> 4 | B28: =Detail!B16 -> Hard Core Laying with sand Work | C28: =Detail!K24 -> %Fc | D28: =Detail!J24 -> 5.33
B29: Material
B30: Hard Core | C30: Sud | D30: =D28 -> 5.33 | E30: ='BQ-YB'!E12 -> 220000 | F30: =C30 -> Sud | G30: =D30*E30 -> 1172600
B31: R/Sand | C31: Sud | D31: =D28*0.25 -> 1.33 | E31: ='BQ-YB'!E8 -> 50000 | F31: =C31 -> Sud | G31: =D31*E31 -> 66500
B32: Labour
B33: Mason | C33: No | D33: =D28*0.5 -> 2.67 | E33: ='BQ-YB'!E38 -> 27000 | F33: =C33 -> No | H33: =D33*E33 -> 72090
B34: Worker | C34: No | D34: =D28*2 -> 10.66 | E34: ='BQ-YB'!E40 -> 20000 | F34: =C34 -> No | H34: =D34*E34 -> 213200
G35: =SUM(G30:G34) -> 1239100 | H35: =SUM(H30:H34) -> 285290
A37: =Detail!A26 -> 5 | B37: =Detail!B26 -> (1:3:6) Lean Conc; Work | C37: =Detail!K52 -> %Fc | D37: =Detail!J52 -> 9.55
B38: Material
B39: Cement | C39: Bag | D39: =D37*1440/112 -> 122.79 | E39: ='BQ-YB'!E7 -> 25000 | F39: =C39 -> Bag | G39: =E39*D39 -> 3069750
B40: R/Sand | C40: Sud | D40: =D37*0.48 -> 4.58 | E40: ='BQ-YB'!E8 -> 50000 | F40: =C40 -> Sud | G40: =E40*D40 -> 229000
B41: R/Shingle | C41: Sud | D41: =D37*0.96 -> 9.17 | E41: ='BQ-YB'!E11 -> 130000 | F41: =C41 -> Sud | G41: =E41*D41 -> 1192100
B42: Fuel | C42: Gal | D42: =D37*2 -> 19.1 | E42: ='BQ-YB'!E13 -> 20000 | F42: =C42 -> Gal | G42: =E42*D42 -> 382000
B43: Labour
B44: Mason | C44: No | D44: =D37*1 -> 9.55 | E44: ='BQ-YB'!E38 -> 27000 | F44: =C44 -> No | H44: =D44*E44 -> 257850
B45: Operator | C45: No | D45: =D37*0.5 -> 4.78 | E45: ='BQ-YB'!E39 -> 27000 | F45: =C45 -> No | H45: =D45*E45 -> 129060
B46: Worker | C46: No | D46: =D37*6 -> 57.3 | E46: ='BQ-YB'!E40 -> 20000 | F46: =C46 -> No | H46: =D46*E46 -> 1146000
G47: =SUM(G39:G46) -> 4872850 | H47: =SUM(H39:H46) -> 1532910
A49: =Detail!A54 -> 6 | B49: =Detail!B54 -> Retaining Wall Brick Work with (1:3) Cement Mortor | C49: =Detail!K128 -> %Fc | D49: =Detail!J128 -> 10.43
B50: Material
B51: Cement | C51: Bag | D51: =D49*780/112 -> 72.64 | E51: ='BQ-YB'!E7 -> 25000 | F51: =C51 -> Bag | G51: =E51*D51 -> 1816000
B52: R/Sand | C52: Sud | D52: =D49*0.26 -> 2.71 | E52: ='BQ-YB'!E8 -> 50000 | F52: =C52 -> Sud | G52: =E52*D52 -> 135500
B53: Brick | C53: No | D53: =D49*1350 -> 14081 | E53: ='BQ-YB'!E10 -> 500 | F53: =C53 -> No | G53: =E53*D53 -> 7040500
B54: Labour
B55: Mason | C55: No | D55: =D49*4 -> 41.72 | E55: ='BQ-YB'!E38 -> 27000 | F55: =C55 -> No | H55: =D55*E55 -> 1126440
B56: Worker | C56: No | D56: =D49*6 -> 62.58 | E56: ='BQ-YB'!E40 -> 20000 | F56: =C56 -> No | H56: =D56*E56 -> 1251600
G57: =SUM(G51:G56) -> 8992000 | H57: =SUM(H51:H56) -> 2378040
A59: =Detail!A130 -> 7 | B59: =Detail!B130 -> Concrete Casting Work for Footing
B60: =Detail!B131 -> ( a ) (1:2:4) R.C Conc; Work | C60: =Detail!K140 -> %Fc | D60: =Detail!J140 -> 9.84
B61: Material
B62: Cement | C62: Bag | D62: =D60*2070/112 -> 181.86 | E62: ='BQ-YB'!E7 -> 25000 | F62: =C62 -> Bag | G62: =E62*D62 -> 4546500
B63: R/Sand | C63: Sud | D63: =D60*0.46 -> 4.53 | E63: ='BQ-YB'!E8 -> 50000 | F63: =C63 -> Sud | G63: =E63*D63 -> 226500
B64: R/Shingle | C64: Sud | D64: =D60*0.92 -> 9.05 | E64: ='BQ-YB'!E11 -> 130000 | F64: =C64 -> Sud | G64: =E64*D64 -> 1176500
B65: Fuel | C65: Gal | D65: =D60*2 -> 19.68 | E65: ='BQ-YB'!E13 -> 20000 | F65: =C65 -> Gal | G65: =E65*D65 -> 393600
B66: Labour
B67: Mason | C67: No | D67: =D60*2 -> 19.68 | E67: ='BQ-YB'!E38 -> 27000 | F67: =C67 -> No | H67: =D67*E67 -> 531360
B68: Operator | C68: No | D68: =D60*0.5 -> 4.92 | E68: ='BQ-YB'!E39 -> 27000 | F68: =C68 -> No | H68: =D68*E68 -> 132840
B69: Worker | C69: No | D69: =D60*9 -> 88.56 | E69: ='BQ-YB'!E40 -> 20000 | F69: =C69 -> No | H69: =D69*E69 -> 1771200
G70: =SUM(G62:G69) -> 6343100 | H70: =SUM(H62:H69) -> 2435400
B72: =Detail!B142 -> ( b ) Formwork | C72: =Detail!K151 -> %Fs | D72: =Detail!J151 -> 4.53
B73: Material
B74: Jungle Wood | C74: Ton | D74: =D72*20/50/3 -> 0.6 | E74: ='BQ-YB'!E18 -> 1500000 | F74: =C74 -> Ton | G74: =E74*D74 -> 900000
B75: 5 Ply Wood (8' x 4') | C75: Sht | D75: =D72/0.32/3*1.15 -> 5.43 | E75: ='BQ-YB'!E17 -> 75000 | F75: =C75 -> Sht | G75: =E75*D75 -> 407250
B76: Wire Nail | C76: Lb | D76: =D72*3*1.7 -> 23.1 | E76: ='BQ-YB'!E20 -> 3333 | F76: =C76 -> Lb | G76: =E76*D76 -> 76992.3
B77: Labour
B78: Carpenter | C78: No | D78: =D72*4 -> 18.12 | E78: ='BQ-YB'!E43 -> 27000 | F78: =C78 -> No | H78: =D78*E78 -> 489240
B79: Worker | C79: No | D79: =D72*2 -> 9.06 | E79: ='BQ-YB'!E40 -> 20000 | F79: =C79 -> No | H79: =D79*E79 -> 181200
G80: =SUM(G74:G79) -> 1384242.3 | H80: =SUM(H74:H79) -> 670440
B81: =Detail!B153 -> ( c ) Rebar Work | C81: Ton | D81: =Detail!I186+Detail!J186 -> 3.18
B82: 16 mm | C82: Ton | D82: =Detail!I185 -> 2.68
B83: 10 mm | C83: Ton | D83: =Detail!J185 -> 0.35
B84: Material
B85: 16 mm Ø Re bar | C85: Ton | D85: =Detail!I186 -> 2.81 | E85: ='BQ-YB'!E26 -> 2980000 | F85: =C85 -> Ton | G85: =E85*D85 -> 8373800
B86: 10 mm Ø Re bar | C86: Ton | D86: =Detail!J186 -> 0.37 | E86: ='BQ-YB'!E24 -> 3100000 | F86: =C86 -> Ton | G86: =E86*D86 -> 1147000
B87: Binding Wire | C87: Lb | D87: =D81*20*1.7 -> 108.12 | E87: ='BQ-YB'!E28 -> 3333 | F87: =C87 -> Lb | G87: =E87*D87 -> 360363.96
B88: Labour
B89: Steel Fixer | C89: No | D89: =D82*20*0.75+D83*20*1 -> 47.2 | E89: ='BQ-YB'!E42 -> 27000 | F89: =C89 -> No | H89: =D89*E89 -> 1274400
B90: Worker | C90: No | D90: =D89 -> 47.2 | E90: ='BQ-YB'!E40 -> 20000 | F90: =C90 -> No | H90: =D90*E90 -> 944000
G91: =SUM(G85:G90) -> 9881164 | H91: =SUM(H85:H90) -> 2218400
A93: =Detail!A188 -> 8 | B93: =Detail!B188 -> Concrete Casting Work For Column
B94: =Detail!B189 -> ( a ) (1:2:4) R.C Conc; Work | C94: =Detail!K208 -> %Fc | D94: =Detail!J208 -> 5.9
B95: Material
B96: Cement | C96: Bag | D96: =D94*2070/112 -> 109.04 | E96: ='BQ-YB'!E7 -> 25000 | F96: =C96 -> Bag | G96: =E96*D96 -> 2726000
B97: R/Sand | C97: Sud | D97: =D94*0.46 -> 2.71 | E97: ='BQ-YB'!E8 -> 50000 | F97: =C97 -> Sud | G97: =E97*D97 -> 135500
B98: R/Shingle | C98: Sud | D98: =D94*0.92 -> 5.43 | E98: ='BQ-YB'!E11 -> 130000 | F98: =C98 -> Sud | G98: =E98*D98 -> 705900
B99: Fuel | C99: Gal | D99: =D94*2 -> 11.8 | E99: ='BQ-YB'!E13 -> 20000 | F99: =C99 -> Gal | G99: =E99*D99 -> 236000
B100: Bonding Agent | C100: Lit | D100: =D94*0.1*100 -> 59 | E100: ='BQ-YB'!E14 -> 25000 | F100: =C100 -> Lit | G100: =E100*D100 -> 1475000
B101: Labour
B102: Mason | C102: No | D102: =D94*2 -> 11.8 | E102: ='BQ-YB'!E38 -> 27000 | F102: =C102 -> No | H102: =D102*E102 -> 318600
B103: Operator | C103: No | D103: =D94*0.5 -> 2.95 | E103: ='BQ-YB'!E39 -> 27000 | F103: =C103 -> No | H103: =D103*E103 -> 79650
B104: Worker | C104: No | D104: =D94*12 -> 70.8 | E104: ='BQ-YB'!E40 -> 20000 | F104: =C104 -> No | H104: =D104*E104 -> 1416000
G105: =SUM(G96:G104) -> 5278400 | H105: =SUM(H96:H104) -> 1814250
B107: =Detail!B210 -> ( b ) Formwork | C107: =Detail!K226 -> %Fs | D107: =Detail!J226 -> 23.61
B108: Material
B109: Jungle Wood | C109: Ton | D109: =D107*20/50/3 -> 3.15 | E109: ='BQ-YB'!E18 -> 1500000 | F109: =C109 -> Ton | G109: =E109*D109 -> 4725000
B110: 5 Ply Wood (8' x 4') | C110: Sht | D110: =D107/0.32/3*1.15 -> 28.28 | E110: ='BQ-YB'!E17 -> 75000 | F110: =C110 -> Sht | G110: =E110*D110 -> 2121000
...

Sheet Detail
A1: U MYO MIN AUNG (KAN NAR LANN, MAGWAY)
A2: 27' X 40' 2.5 STOREYED BUILDING (Structure Work)
A3: DETAILS OF MEASUREMENT
A4: Item | B4: Particular | D4: No. | E4: Measurement | H4: Deduction | I4: Contents | J4: Total of Each | K4: Unit
E5: L | F5: B | G5: H
A6: 1 | B6: Site Clearing Work | D6: 1 | E6: =40+20 -> 60 | F6: =27+13 -> 40 | I6: =F6*E6*D6 -> 2400 | J6: =SUM(I6) -> 2400 | K6: Fs
J7: =J6/100 -> 24 | K7: %Fs
A9: 2 | B9: Staking Works For Preparation of Foundation | D9: =D6 -> 1 | E9: =40+10 -> 50 | F9: =27+10 -> 37 | I9: =F9*E9*D9 -> 1850 | J9: =SUM(I9) -> 1850 | K9: Fs
A11: 3 | B11: Earth Work in Medium Soil
B12: Excavation & Earth Removal
B13: Using Mechaniary | D13: 1 | E13: 34 | F13: 49 | G13: =7.75 -> 7.75 | I13: =D13*E13*F13*G13 -> 12911.5 | J13: =I13/100 -> 129.12 | K13: %Fc | M13: =J13*35000 -> 4519200
A16: 4 | B16: Hard Core Laying with sand Work
B17: Footing
B18: F1 (6' 0" x 6' 0" x 0'-10") | D18: 2 | E18: =6+1 -> 7 | F18: =E18 -> 7 | G18: =0.5 -> 0.5 | I18: =D18*E18*F18*G18 -> 49 | K18: Fc
B19: F2 (7' 0" x 7' 0" x 1'-0") | D19: 1 | E19: =7+1 -> 8 | F19: =E19 -> 8 | G19: =0.5 -> 0.5 | I19: =D19*E19*F19*G19 -> 32 | K19: Fc
B20: F3 (8' 0" x 8' 0" x 1'-0") | D20: 3 | E20: =8+1 -> 9 | F20: =E20 -> 9 | G20: =0.5 -> 0.5 | I20: =D20*E20*F20*G20 -> 121.5 | K20: Fc
B21: SF1 (10' 6" x 33' 6" x 1'-2") | D21: 1 | E21: =10.5+1 -> 11.5 | F21: =33.5+1 -> 34.5 | G21: =0.5 -> 0.5 | I21: =D21*E21*F21*G21 -> 198.4 | K21: Fc
B22: SF2 (4' 6" x 47' 0" x 1'-0") | D22: 1 | E22: =4.5+1 -> 5.5 | F22: =47+1 -> 48 | G22: =0.5 -> 0.5 | I22: =D22*E22*F22*G22 -> 132 | K22: Fc
J23: =SUM(I18:I23) -> 532.9 | K23: Fc
J24: =J23/100 -> 5.33 | K24: %Fc
A26: 5 | B26: (1:3:6) Lean Conc; Work
B27: Footing
B28: =B18 -> F1 (6' 0" x 6' 0" x 0'-10") | D28: =D18 -> 2 | E28: 6 | F28: 6 | G28: =0.25 -> 0.25 | I28: =D28*E28*F28*G28 -> 18 | K28: Fc
B29: =B19 -> F2 (7' 0" x 7' 0" x 1'-0") | D29: =D19 -> 1 | E29: 7 | F29: 7 | G29: =0.25 -> 0.25 | I29: =D29*E29*F29*G29 -> 12.3 | K29: Fc
B30: =B20 -> F3 (8' 0" x 8' 0" x 1'-0") | D30: =D20 -> 3 | E30: 8 | F30: 8 | G30: =0.25 -> 0.25 | I30: =D30*E30*F30*G30 -> 48 | K30: Fc
B31: =B21 -> SF1 (10' 6" x 33' 6" x 1'-2") | D31: =D21 -> 1 | E31: 10.5 | F31: 33.5 | G31: =1.17 -> 1.17 | I31: =D31*E31*F31*G31 -> 411.5 | K31: Fc
B32: =B22 -> SF2 (4' 6" x 47' 0" x 1'-0") | D32: =D22 -> 1 | E32: =4.5 -> 4.5 | F32: 47 | G32: 1 | I32: =D32*E32*F32*G32 -> 211.5 | K32: Fc
D33: =SUM(D28:D32) -> 8 | J33: =SUM(I28:I33) -> 701.3 | K33: Fc
B34: Retaining Wall
B35: Line A, 40' L | D35: 1 | E35: =40-5*1 -> 35 | F35: =1.67 -> 1.67 | G35: 0.5 | I35: =D35*E35*F35*G35 -> 29.23 | K35: Fc
B36: Line B, 40' L | D36: 1 | E36: =40-5*1 -> 35 | F36: =F35 -> 1.67 | G36: =G35 -> 0.5 | I36: =D36*E36*F36*G36 -> 29.23 | K36: Fc
B37: Line C, 40' L | D37: 1 | E37: =40-1*5 -> 35 | F37: =F36 -> 1.67 | G37: =G36 -> 0.5 | I37: =D37*E37*F37*G37 -> 29.23 | K37: Fc
B38: Line 1, 27' L | D38: 1 | E38: =27-3 -> 24 | F38: =F37 -> 1.67 | G38: =G37 -> 0.5 | I38: =D38*E38*F38*G38 -> 20.04 | K38: Fc
B39: Line 2, 3, 27' L | D39: 2 | E39: =27-3 -> 24 | F39: =F38 -> 1.67 | G39: =G38 -> 0.5 | I39: =D39*E39*F39*G39 -> 40.08 | K39: Fc
B40: Line 4, 27' L | D40: 1 | E40: =27-3 -> 24 | F40: =F39 -> 1.67 | G40: =G39 -> 0.5 | I40: =D40*E40*F40*G40 -> 20.04 | K40: Fc
B41: Line 5, 27' L | D41: 1 | E41: =27-3 -> 24 | F41: =F40 -> 1.67 | G41: =G40 -> 0.5 | I41: =D41*E41*F41*G41 -> 20.04 | K41: Fc
B42: Y-Dir Bet; A & B, 9' L | D42: 1 | E42: =9-1.67 -> 7.33 | F42: =F41 -> 1.67 | G42: =G41 -> 0.5 | I42: =D42*E42*F42*G42 -> 6.12 | K42: Fc
B43: Y-Dir Bet; B & C, 28' L | D43: 1 | E43: =28-1.67*4 -> 21.32 | F43: =F42 -> 1.67 | G43: =G42 -> 0.5 | I43: =D43*E43*F43*G43 -> 17.8 | K43: Fc
B44: X-Dir Bet; 2&3, 8' L | D44: 1 | E44: =8-1.67 -> 6.33 | F44: =F43 -> 1.67 | G44: =G43 -> 0.5 | I44: =D44*E44*F44*G44 -> 5.29 | K44: Fc
B45: X-Dir Bet; 3&4, 4' L | D45: 1 | E45: =4-1.67 -> 2.33 | F45: =F44 -> 1.67 | G45: =G44 -> 0.5 | I45: =D45*E45*F45*G45 -> 1.95 | K45: Fc
B46: X-Dir Bet; 4&5, 8' L | D46: 1 | E46: =8-1.67 -> 6.33 | F46: =F45 -> 1.67 | G46: =G45 -> 0.5 | I46: =D46*E46*F46*G46 -> 5.29 | K46: Fc
B47: Total Length | D47: Fr | E47: =D35*E35+D36*E36+D37*E37+D38*E38+D39*E39+D40*E40+D41*E41+D42*E42+D43*E43+D44*E44+D45*E45+D46*E46 -> 268.64 | J47: =SUM(I34:I47) -> 224.34
B48: For Fornt Brick Step | D48: 1 | E48: 11 | F48: 4 | G48: =0.5 -> 0.5 | I48: =D48*E48*F48*G48 -> 22 | K48: Fc
B49: Back Brick Step | D49: 1 | E49: 5 | F49: 3 | G49: =0.5 -> 0.5 | I49: =D49*E49*F49*G49 -> 7.5 | K49: Fc
J50: =SUM(I48:I50) -> 29.5 | K50: Fc
J51: =SUM(I28:I51) -> 955.14 | K51: Fc
J52: =J51/100 -> 9.55 | K52: %Fc
A54: 6 | B54: Retaining Wall Brick Work with (1:3) Cement Mortor
B55: =B34 -> Retaining Wall
B56: =B35 -> Line A, 40' L | D56: =D35 -> 1 | E56: =E35 -> 35
B57: 13" thk; Brick R/Wall | D57: =D56 -> 1 | E57: =E56 -> 35 | F57: =13.5/12 -> 1.13 | G57: =0.25 -> 0.25 | I57: =D57*E57*F57*G57 -> 9.89 | K57: Fc
B58: 9" thk; (Up To N.G.L) | D58: =D56 -> 1 | E58: =E56 -> 35 | F58: 0.75 | G58: =3-0.5-0.25 -> 2.25 | I58: =D58*E58*F58*G58 -> 59.06 | K58: Fc
B59: 9" thk; (N.G.L to Bot of PB) | D59: =D58 -> 1 | E59: =E58 -> 35 | F59: =0.75 -> 0.75 | G59: =3-1.17 -> 1.83 | I59: =D59*E59*F59*G59 -> 48.04 | K59: Fc
B61: =B36 -> Line B, 40' L | D61: =D36 -> 1 | E61: =E36 -> 35
B62: 13" thk; Brick R/Wall | D62: =D61 -> 1 | E62: =E61 -> 35 | F62: =13.5/12 -> 1.13 | G62: =0.25 -> 0.25 | I62: =D62*E62*F62*G62 -> 9.89 | K62: Fc
B63: 9" thk; (Up To N.G.L) | D63: =D61 -> 1 | E63: =E61 -> 35 | F63: 0.75 | G63: =G58 -> 2.25 | I63: =D63*E63*F63*G63 -> 59.06 | K63: Fc
B64: 9" thk; (N.G.L to Bot of PB) | D64: =D63 -> 1 | E64: =E63 -> 35 | F64: =0.75 -> 0.75 | G64: =3-1.17 -> 1.83 | I64: =D64*E64*F64*G64 -> 48.04 | K64: Fc
B66: =B37 -> Line C, 40' L | D66: =D37 -> 1 | E66: =E37 -> 35
B67: 13" thk; Brick R/Wall | D67: =D66 -> 1 | E67: =E66 -> 35 | F67: =13.5/12 -> 1.13 | G67: =0.25 -> 0.25 | I67: =D67*E67*F67*G67 -> 9.89 | K67: Fc
B68: 9" thk; (Up To N.G.L) | D68: =D66 -> 1 | E68: =E66 -> 35 | F68: 0.75 | G68: =G63 -> 2.25 | I68: =D68*E68*F68*G68 -> 59.06 | K68: Fc
B69: 9" thk; (N.G.L to Bot of PB) | D69: =D68 -> 1 | E69: =E68 -> 35 | F69: =0.75 -> 0.75 | G69: =3-1.17 -> 1.83 | I69: =D69*E69*F69*G69 -> 48.04 | K69: Fc
B71: =B38 -> Line 1, 27' L | D71: =D38 -> 1 | E71: =E38 -> 24
B72: 13" thk; Brick R/Wall | D72: =D71 -> 1 | E72: =E71 -> 24 | F72: =13.5/12 -> 1.13 | G72: =0.25 -> 0.25 | I72: =D72*E72*F72*G72 -> 6.78 | K72: Fc
B73: =B58 -> 9" thk; (Up To N.G.L) | D73: =D71 -> 1 | E73: =E71 -> 24 | F73: 0.75 | G73: =G68 -> 2.25 | I73: =D73*E73*F73*G73 -> 40.5 | K73: Fc
B74: 9"thk; (N.G.L to Bot; of PB) | D74: =D71 -> 1 | E74: =E71 -> 24 | F74: 0.75 | G74: =3-1.17 -> 1.83 | I74: =D74*E74*F74*G74 -> 32.94 | K74: Fc
B76: =B39 -> Line 2, 3, 27' L | D76: =D39 -> 2 | E76: =E39 -> 24
B77: 13" thk; Brick R/Wall | D77: =D76 -> 2 | E77: =E76 -> 24 | F77: =13.5/12 -> 1.13 | G77: =0.25 -> 0.25 | I77: =D77*E77*F77*G77 -> 13.56 | K77: Fc
B78: =B63 -> 9" thk; (Up To N.G.L) | D78: =D76 -> 2 | E78: =E76 -> 24 | F78: 0.75 | G78: =G73 -> 2.25 | I78: =D78*E78*F78*G78 -> 81 | K78: Fc
B79: 9"thk; (N.G.L to Bot; of PB) | D79: =D76 -> 2 | E79: =E76 -> 24 | F79: 0.75 | G79: =3-1.17 -> 1.83 | I79: =D79*E79*F79*G79 -> 65.88 | K79: Fc
B81: =B40 -> Line 4, 27' L | D81: =D40 -> 1 | E81: =E40 -> 24
B82: 13" thk; Brick R/Wall | D82: =D81 -> 1 | E82: =E81 -> 24 | F82: =13.5/12 -> 1.13 | G82: =0.25 -> 0.25 | I82: =D82*E82*F82*G82 -> 6.78 | K82: Fc
B83: =B68 -> 9" thk; (Up To N.G.L) | D83: =D81 -> 1 | E83: =E82 -> 24 | F83: 0.75 | G83: =G78 -> 2.25 | I83: =D83*E83*F83*G83 -> 40.5 | K83: Fc
B84: 9"thk; (N.G.L to Bot; of PB) | D84: =D81 -> 1 | E84: =13.5-0.5 -> 13 | F84: 0.75 | G84: =3-1.17 -> 1.83 | I84: =D84*E84*F84*G84 -> 17.84 | K84: Fc
B85: 9"thk; (N.G.L to Bot; of PB) | D85: =D81 -> 1 | E85: =13.5-0.5 -> 13 | F85: 0.75 | G85: =3-1.33 -> 1.67 | I85: =D85*E85*F85*G85 -> 16.28 | K85: Fc
B87: =B41 -> Line 5, 27' L | D87: =D41 -> 1 | E87: =E41 -> 24
B88: 13" thk; Brick R/Wall | D88: =D87 -> 1 | E88: =E87 -> 24 | F88: =13.5/12 -> 1.13 | G88: =0.25 -> 0.25 | I88: =D88*E88*F88*G88 -> 6.78 | K88: Fc
B89: =B73 -> 9" thk; (Up To N.G.L) | D89: =D87 -> 1 | E89: =E87 -> 24 | F89: 0.75 | G89: =G83 -> 2.25 | I89: =D89*E89*F89*G89 -> 40.5 | K89: Fc
B90: 9"thk; (N.G.L to Bot; of PB) | D90: =D87 -> 1 | E90: =E87 -> 24 | F90: 0.75 | G90: =3-1.17 -> 1.83 | I90: =D90*E90*F90*G90 -> 32.94 | K90: Fc
B92: =B42 -> Y-Dir Bet; A & B, 9' L | D92: =D42 -> 1 | E92: =9-1 -> 8
B93: 13" thk; Brick R/Wall | D93: =D92 -> 1 | E93: =E92 -> 8 | F93: =13.5/12 -> 1.13 | G93: =0.25 -> 0.25 | I93: =D93*E93*F93*G93 -> 2.26 | K93: Fc
B94: =B78 -> 9" thk; (Up To N.G.L) | D94: =D92 -> 1 | E94: =E92 -> 8 | F94: 0.75 | G94: =G89 -> 2.25 | I94: =D94*E94*F94*G94 -> 13.5 | K94: Fc
B95: 9"thk; (N.G.L to Bot; of PB) | D95: =D92 -> 1 | E95: =E92 -> 8 | F95: 0.75 | G95: =3-0.83 -> 2.17 | I95: =D95*E95*F95*G95 -> 13.02 | K95: Fc
B97: =B43 -> Y-Dir Bet; B & C, 28' L | D97: =D43 -> 1 | E97: =28-3.5 -> 24.5
B98: 13" thk; Brick R/Wall | D98: =D97 -> 1 | E98: =E97 -> 24.5 | F98: =13.5/12 -> 1.13 | G98: =0.25 -> 0.25 | I98: =D98*E98*F98*G98 -> 6.92 | K98: Fc
B99: =B83 -> 9" thk; (Up To N.G.L) | D99: =D97 -> 1 | E99: =E97 -> 24.5 | F99: 0.75 | G99: =G94 -> 2.25 | I99: =D99*E99*F99*G99 -> 41.34 | K99: Fc
B100: 9"thk; (N.G.L to Bot; of PB) | D100: =D99 -> 1 | E100: =E99 -> 24.5 | F100: =F99 -> 0.75 | G100: =3-0.83 -> 2.17 | I100: =D100*E100*F100*G100 -> 39.87 | K100: Fc
B102: =B44 -> X-Dir Bet; 2&3, 8' L | D102: =D44 -> 1 | E102: =8-1 -> 7
B103: 13½" thk; Brick R/Wall | D103: =D102 -> 1 | E103: =E102 -> 7 | F103: =13.5/12 -> 1.13 | G103: =0.25 -> 0.25 | I103: =D103*E103*F103*G103 -> 1.98 | K103: Fc
B104: 9" thk; Up to N.G.L | D104: =D102 -> 1 | E104: =E102 -> 7 | F104: 0.75 | G104: =G99 -> 2.25 | I104: =D104*E104*F104*G104 -> 11.81 | K104: Fc
B105: 9"thk; (N.G.L to Bot; of PB) | D105: =D104 -> 1 | E105: =E104 -> 7 | F105: =F104 -> 0.75 | G105: =3-0.83 -> 2.17 | I105: =D105*E105*F105*G105 -> 11.39 | K105: Fc
B107: =B45 -> X-Dir Bet; 3&4, 4' L | D107: =D45 -> 1 | E107: =4-1 -> 3
B108: 13½" thk; Brick R/Wall | D108: =D107 -> 1 | E108: =E107 -> 3 | F108: =13.5/12 -> 1.13 | G108: =0.25 -> 0.25 | I108: =D108*E108*F108*G108 -> 0.85 | K108: Fc
B109: 9" thk; Up to N.G.L | D109: =D107 -> 1 | E109: =E107 -> 3 | F109: 0.75 | G109: =G104 -> 2.25 | I109: =D109*E109*F109*G109 -> 5.06 | K109: Fc
B110: 9"thk; (N.G.L to Bot; of PB) | D110: =D109 -> 1 | E110: =E109 -> 3 | F110: =F109 -> 0.75 | G110: =3-0.83 -> 2.17 | I110: =D110*E110*F110*G110 -> 4.88 | K110: Fc
B112: =B46 -> X-Dir Bet; 4&5, 8' L | D112: =D46 -> 1 | E112: =9.5-0.83-1 -> 7.67
B113: 13½" thk; Brick R/Wall | D113: =D112 -> 1 | E113: =E112 -> 7.67 | F113: =13.5/12 -> 1.13 | G113: =0.25 -> 0.25 | I113: =D113*E113*F113*G113 -> 2.17 | K113: Fc
B114: 9" thk; Up to N.G.L | D114: =D112 -> 1 | E114: =E112 -> 7.67 | F114: 0.75 | G114: =G109 -> 2.25 | I114: =D114*E114*F114*G114 -> 12.94 | K114: Fc
B115: 9"thk; (N.G.L to Bot; of PB) | D115: =D114 -> 1 | E115: =E114 -> 7.67 | F115: =F114 -> 0.75 | G115: =3-0.83 -> 2.17 | I115: =D115*E115*F115*G115 -> 12.48 | K115: Fc
B116: =B47 -> Total Length | D116: =D47 -> Fr | E116: =D56*E56+D61*E61+D66*E66+D71*E71+D76*E76+D81*E81+D87*E87+D92*E92+D97*E97+D102*E102+D107*E107+D112*E112 -> 275.17 | J116: =SUM(I56:I116) -> 933.72 | K116: Fc
B118: Total Retaining Wall Length (Up to N.G.L) | D118: Ft | E118: =D58*E58+D63*E63+D68*E68+D73*E73+D78*E78+D83*E83+D89*E89+D94*E94+D99*E99+D104*E104+D109*E109+D114*E114 -> 275.17
...

Sheet Cement
A2: Item | B2: Particular | C2: Work Volume | D2: Unit | E2: Cement | F2: Brick | G2: Sand | H2: Shingle
E3: Bag | F3: No | G3: Sud | H3: Sud
B4: Footing Lean | C4: =Detail!J33/100 -> 7.01 | D4: %Fc | E4: =ROUND(C4*12.5,0) -> 88 | G4: =ROUND(C4*0.48,2) -> 3.36 | H4: =ROUND(C4*0.96,2) -> 6.73
B5: Footing Concrete | C5: =Detail!J140 -> 9.84 | D5: %Fc | E5: =ROUND(C5*18,0) -> 177 | G5: =ROUND(C5*0.46,2) -> 4.53 | H5: =ROUND(C5*0.92,2) -> 9.05
B6: Short Column Concrete | C6: =Detail!J193/100 -> 1.32 | D6: %Fc | E6: =ROUND(C6*18,0) -> 24 | G6: =ROUND(C6*0.46,2) -> 0.61 | H6: =ROUND(C6*0.92,2) -> 1.21
B7: R/Wall Lean | C7: =Detail!J47/100 -> 2.24 | D7: %Fc | E7: =ROUND(C7*12.5,0) -> 28 | G7: =ROUND(C7*0.48,2) -> 1.08 | H7: =ROUND(C7*0.96,2) -> 2.15
B8: R/Wall Brick Work | C8: =Detail!J116/100 -> 9.34 | D8: %Fc | E8: =ROUND(C8*630/112,0) -> 53 | F8: =ROUND(C8*1300,0) -> 12142 | G8: =ROUND(C8*0.26,2) -> 2.43
B9: PB | C9: =Detail!J304/100 -> 3.04 | D9: %Fc | E9: =ROUND(C9*18,0) -> 55 | G9: =ROUND(C9*0.46,2) -> 1.4 | H9: =ROUND(C9*0.92,2) -> 2.8
B10: Brick Step Lean | C10: =Detail!J50/100 -> 0.3 | D10: %Fc | E10: =ROUND(C10*12.5,0) -> 4 | G10: =ROUND(C10*0.48,2) -> 0.14 | H10: =ROUND(C10*0.96,2) -> 0.29
B11: Brick Step Brick Work | C11: =Detail!J126/100 -> 1.19 | D11: %Fc | E11: =ROUND(C11*630/112,0) -> 7 | F11: =ROUND(C11*1300,0) -> 1547 | G11: =ROUND(C11*0.26,2) -> 0.31
B12: Total Sub Structure | E12: =SUM(E4:E11) -> 436 | F12: =SUM(F4:F11) -> 13689 | G12: =SUM(G4:G11) -> 13.86 | H12: =SUM(H4:H11) -> 22.23
B14: G.F Column Concrete | C14: =Detail!J198/100 -> 1.77 | D14: %Fc | E14: =ROUND(C14*18,0) -> 32 | G14: =ROUND(C14*0.46,2) -> 0.81 | H14: =ROUND(C14*0.92,2) -> 1.63
B16: 1st Floor Beam | C16: =Detail!J317/100 -> 3.59 | D16: %Fc | E16: =ROUND(C16*18,0) -> 65 | G16: =ROUND(C16*0.46,2) -> 1.65 | H16: =ROUND(C16*0.92,2) -> 3.3
B17: 1st Flloor Slab | C17: =Detail!J679/100 -> 2.96 | D17: %Fc | E17: =ROUND(C17*18,0) -> 53 | G17: =ROUND(C17*0.46,2) -> 1.36 | H17: =ROUND(C17*0.92,2) -> 2.72
B18: Stair (G to 1st F) | C18: =Detail!J894/2 -> 1.15 | D18: %Fc | E18: =ROUND(C18*18,0) -> 21 | G18: =ROUND(C18*0.46,2) -> 0.53 | H18: =ROUND(C18*0.92,2) -> 1.06
B19: 1st Fl Beam & Slab | C19: =SUM(C16:C18) -> 7.7 | D19: %Fc | E19: =SUM(E16:E18) -> 139 | G19: =SUM(G16:G18) -> 4 | H19: =SUM(H16:H18) -> 7
B21: 1st Floor Column | C21: =Detail!J203/100 -> 1.62 | D21: %Fc | E21: =ROUND(C21*18,0) -> 29 | G21: =ROUND(C21*0.46,2) -> 0.75 | H21: =ROUND(C21*0.92,2) -> 1.49
B23: 2nd Floor Beam | C23: =Detail!J331/100 -> 3.62 | D23: %Fc | E23: =ROUND(C23*18,0) -> 65 | G23: =ROUND(C23*0.46,2) -> 1.67 | H23: =ROUND(C23*0.92,2) -> 3.33
B24: 2nd Floor Slab | C24: =Detail!J689/100 -> 2.95 | D24: %Fc | E24: =ROUND(C24*18,0) -> 53 | G24: =ROUND(C24*0.46,2) -> 1.36 | H24: =ROUND(C24*0.92,2) -> 2.71
B25: Stair (1st to 2nd Floor) | C25: =C18 -> 1.15 | D25: %Fc | E25: =ROUND(C25*18,0) -> 21 | G25: =ROUND(C25*0.46,2) -> 0.53 | H25: =ROUND(C25*0.92,2) -> 1.06
B26: 2nd Fl Beam & Slab | C26: =SUM(C23:C25) -> 7.72 | D26: %Fc | E26: =SUM(E23:E25) -> 139 | G26: =SUM(G23:G25) -> 4 | H26: =SUM(H23:H25) -> 7
B28: 2nd Floor Column | C28: =Detail!J206/100 -> 1.18 | D28: %Fc | E28: =ROUND(C28*18,0) -> 21 | G28: =ROUND(C28*0.46,2) -> 0.54 | H28: =ROUND(C28*0.92,2) -> 1.09
B30: Roof Beam | C30: =Detail!J347/100 -> 2.89 | D30: %Fc | E30: =ROUND(C30*18,0) -> 52 | G30: =ROUND(C30*0.46,2) -> 1.33 | H30: =ROUND(C30*0.92,2) -> 2.66
B31: Roof Slab | C31: =Detail!J697/100 -> 2.53 | D31: %Fc | E31: =ROUND(C31*18,0) -> 46 | G31: =ROUND(C31*0.46,2) -> 1.16 | H31: =ROUND(C31*0.92,2) -> 2.33
B32: Roof Beam & Slab | C32: =SUM(C30:C31) -> 5.42 | D32: %Fc | E32: =SUM(E30:E31) -> 98 | G32: =SUM(G30:G31) -> 2 | H32: =SUM(H30:H31) -> 5
B34: 4.5" Thk; G.F Brick Wall | C34: =(Detail!J947+Detail!J1013)/100 -> 18.88 | D34: %Fs | E34: =ROUND(C34*2.65,0) -> 50
B35: 4.5" Thk; 1st F Brick Wall | C35: =(Detail!J966+Detail!J1030)/100 -> 16.61 | D35: %Fs
B36: 4.5" Thk; Roof F Brick Wall | C36: =(Detail!J985+Detail!J1040)/100 -> 10.79 | D36: %Fs
B37: 4.5" Thk; Roof Top Brick Wall | C37: =(Detail!J991+Detail!J1046)/100 -> 3.93 | D37: %Fs
B39: Lintel & Stiffener | C39: =Detail!J1078 -> 1.98 | D39: %Fc
