Workbook

Sheet Summary (2)
A1: =BQ!A1 -> One Storeyed RCC Building, Myat Lay Street
A2: 19'-5"~26'-3"x42'-7"x44'-0" Ht; (Foundation Work)
A3: Summary | E3: Date : | F3: =TODAY() -> 46197
A4: No. | B4: Particular | C4: Amount | D4: Remark
A6: 1 | B6: Foundation Work with Bored Pile | C6: =Summary!C15 -> 307900000 | F6: =C6+C11+C12 -> 311120000
A7: 2 | B7: Foundation Work without Bored Pile | C7: =[3]Summary!$C$13 -> 48300000 | F7: =[2]Summary!$C$7+[1]Summary!$C$7 -> 11754110
B9: Difference | C9: =C6-C7 -> 259600000
B10: မြေပြန်ဖြည့်ခ | C10: 800000 | D10: Backhoe 1 duty
B11: Mobilization | C11: 3000000
B12: Pile Design Fee | C12: 220000
B13: Supervision Charges
B14: Total Extra Charges for Bored Pile | C14: =SUM(C9:C13) -> 263620000
B15: Say (For 1 No.) | C15: =ROUNDDOWN(C14,-5) -> 263600000
B17: Area | D17: Sq-ft
B18: PAE Rate | C18: =C15/C17 -> #DIV/0! | D18: per Sq-ft

Sheet Total Summary
A1: =BQ!A1 -> One Storeyed RCC Building, Myat Lay Street
A2: =BQ!A2 -> 35'-0"x45'-0"x13'-0" Ht;
A3: Total Summary | E3: Date : | F3: =TODAY() -> 46197
A4: No. | B4: Particular | C4: Amount | D4: Remark
A6: 1 | B6: Main Building | C6: =Summary!C15 -> 307900000 | F6: =[2]Summary!$C$6+[1]Summary!$C$6 -> 32096652
A7: 2 | B7: Ground Tank | C7: =[6]Summary!$C$13 -> 4600000 | F7: =[2]Summary!$C$7+[1]Summary!$C$7 -> 11754110
A8: 3 | B8: Septic Tank | C8: =[7]Summary!$C$12 -> 3500000
B10: Total Cost | C10: =SUM(C6:C9) -> 316000000
B11: မြေပြန်ဖြည့်ခ | D11: Backhoe 1 duty
B12: Say (For 1 No.) | C12: =ROUNDDOWN(C10,-4) -> 316000000 | F12: =C12-[4]Summary!$C$14 -> 58700000
B14: Area | D14: Sq-ft
B15: PAE Rate | C15: =C12/C14 -> #DIV/0! | D15: per Sq-ft
B16: Area | C16: =(35*45+9.5*5+6*5+5*5) -> 1677.5 | D16: (For 1 Storeyed)
B17: PAE Rate | C17: =C12/C16 -> 188375.56

Sheet Summary
A1: =BQ!A1 -> One Storeyed RCC Building, Myat Lay Street
A2: =BQ!A2 -> 35'-0"x45'-0"x13'-0" Ht;
A3: Summary | E3: Date : | F3: =TODAY() -> 46197
A4: No. | B4: Particular | C4: Amount | D4: Remark
A6: 1 | B6: Material Cost | C6: =BQ!G102 -> 1.7070056e+08 | F6: =[2]Summary!$C$6+[1]Summary!$C$6 -> 32096652
A7: 2 | B7: Labour Cost | C7: =BQ!G121 -> 88147568 | F7: =[2]Summary!$C$7+[1]Summary!$C$7 -> 11754110
B9: Total Cost | C9: =SUM(C6:C7) -> 2.5884813e+08
B10: မြေပြန်ဖြည့်ခ | D10: Backhoe 1 duty
B11: Transportation Charges | C11: =BQ!G123 -> 7765443.8
B12: Preliminary Charges | C12: =BQ!G124 -> 13330679
B13: Supervision Charges | C13: =BQ!G125 -> 27994425
B14: Grand Total Cost | C14: =SUM(C9:C13) -> 3.0793867e+08
B15: Say (For 1 No.) | C15: =ROUNDDOWN(C14,-5) -> 307900000 | D15: Main Building | F15: =C15-[4]Summary!$C$14 -> 50600000
B17: Area | D17: Sq-ft
B18: PAE Rate | C18: =C15/C17 -> #DIV/0! | D18: per Sq-ft
B19: Area | C19: =(35*45+9.5*5+6*5+5*5) -> 1677.5 | E19: =45*34 -> 1530
B20: PAE Rate | C20: =C15/C19 -> 183546.94 | D20: Main Builing

Sheet AC
A1: =Detail!A1 -> One Storeyed RCC Building, Myat Lay Street
A2: =BQ!A2 -> 35'-0"x45'-0"x13'-0" Ht;
A3: Abstract of Cost (Main Building)
A4: Sr. No | B4: Particular | C4: Quantity | D4: Unit | E4: Rate( Kyats ) | F4: Per | G4: Amount(Ks) | H4: 0.3 | I4: Amount(Ks) | J4: Old | K4: Structure Wall | L4: Extra Charges | M4: Reduced Charges
A5: 1 | B5: Site Clearing | C5: =VLOOKUP(B5,BE!$B$5:$C$459,2,FALSE) -> 24.75 | D5: =VLOOKUP(B5,BE!$B$5:$E$810,4,FALSE) -> %Fs | E5: =G5/C5 -> 5447.2 | F5: =D5 -> %Fs | G5: =VLOOKUP(B5,BE!$B$5:$H$810,7,FALSE) -> 134818.2 | H5: =G5*1.3 -> 175263.66 | I5: =ROUNDUP(H5,-4) -> 180000 | J5: =[4]AC!$L$5 -> 110000 | K5: =I5 -> 180000 | N5: =BE!H8 -> 134818.2 | O5: =G5-N5 -> 0 | P5: =G5/$G$71 -> 0.000520839 | Q5: =P5+P6+P7+P9+P10+P11+P19+P20+P23+P24+P26+P13+P32+P33+P35+P42 -> 0.21181894 | R5: 15 | S5: =#REF!+#REF!+#REF!+#REF!+#REF!+#REF! -> #REF! | T5: 20
A6: 2 | B6: Surveying & Levelling Work | C6: =VLOOKUP(B6,BE!$B$5:$C$459,2,FALSE) -> 15.75 | D6: =VLOOKUP(B6,BE!$B$5:$E$810,4,FALSE) -> %Fs | E6: =G6/C6 -> 6157.327 | F6: =D6 -> %Fs | G6: =VLOOKUP(B6,BE!$B$5:$H$810,7,FALSE) -> 96977.9 | H6: =G6*1.3 -> 126071.27 | I6: =ROUNDUP(H6,-4) -> 130000 | J6: =[4]AC!$L$6 -> 80000 | K6: =I6 -> 130000 | N6: =BE!H20 -> 96977.9 | O6: =G6-N6 -> 0 | P6: =G6/$G$71 -> 0.00037465174 | Q6: =P12+P25+P34 -> 0.050920357 | R6: 5 | T6: 6
A7: 3 | B7: Earthwork Excavation for foundation in medium soil | C7: =VLOOKUP(B7,BE!$B$5:$C$459,2,FALSE) -> 56.07 | D7: =VLOOKUP(B7,BE!$B$5:$E$810,4,FALSE) -> %Fc | E7: =G7/C7 -> 43560 | F7: =D7 -> %Fc | G7: =VLOOKUP(B7,BE!$B$5:$H$810,7,FALSE) -> 2442409.2 | H7: =G7*1.3 -> 3175132 | I7: =ROUNDUP(H7,-4) -> 3180000 | J7: =[4]AC!$K$7 -> 1530000 | K7: =I7 -> 3180000 | L7: =K7-J7 -> 1650000 | N7: =BE!H25 -> 2442409.2 | O7: =G7-N7 -> 0 | P7: =G7/$G$71 -> 0.0094356843 | Q7: =P14+#REF!+P27+P28+P36+P37 -> #REF! | R7: 10 | T7: 15
A8: 4 | B8: Timber shuttering Formwork (3 Times) | C8: =VLOOKUP(B8,BE!$B$5:$C$459,2,FALSE) -> 71.27 | D8: =VLOOKUP(B8,BE!$B$5:$E$810,4,FALSE) -> %Fs | H8: =G8*1.3 -> 0 | I8: =ROUNDUP(H8,-4) -> 0 | K8: =I8 -> 0 | L8: =K8-J8 -> 0 | N8: =BE!H37 -> 0 | O8: =G8-N8 -> 0 | P8: =G8/$G$71 -> 0 | Q8: =P44+#REF!+P16+P29+P38 -> #REF! | R8: 5 | T8: 8
B9: =BE!B39 -> Footing Formwork | C9: =VLOOKUP(B9,BE!$B$5:$C$459,2,FALSE) -> 4.4 | D9: =VLOOKUP(B9,BE!$B$5:$E$810,4,FALSE) -> %Fs | E9: =G9/C9 -> 491810.11 | F9: =D9 -> %Fs | G9: =VLOOKUP(B9,BE!$B$5:$H$810,7,FALSE) -> 2163964.5 | H9: =G9*1.3 -> 2813153.9 | I9: =ROUNDUP(H9,-4) -> 2820000 | J9: =[4]AC!$L$11 -> 3310000 | K9: =I9 -> 2820000 | L9: =K9-J9 -> -490000 | P9: =G9/$G$71 -> 0.0083599775 | Q9: =P46+#REF!+P51 -> #REF! | R9: 10 | T9: 15
B10: =BE!B51 -> Retaining Wall Formwork | C10: =VLOOKUP(B10,BE!$B$5:$C$459,2,FALSE) -> 3.86 | D10: =VLOOKUP(B10,BE!$B$5:$E$810,4,FALSE) -> %Fs | E10: =G10/C10 -> 489160.91 | F10: =D10 -> %Fs | G10: =VLOOKUP(B10,BE!$B$5:$H$810,7,FALSE) -> 1888161.1 | H10: =G10*1.3 -> 2454609.4 | I10: =ROUNDUP(H10,-4) -> 2460000 | J10: =[4]AC!$L$12 -> 970000 | K10: =I10 -> 2460000 | M10: =J10-K10 -> -1490000 | P10: =G10/$G$71 -> 0.0072944747 | Q10: =P41 -> 0.008684922 | R10: 5 | T10: 5
B11: =BE!B63 -> Short Column Formwork | C11: =VLOOKUP(B11,BE!$B$5:$C$459,2,FALSE) -> 4.93 | D11: =VLOOKUP(B11,BE!$B$5:$E$810,4,FALSE) -> %Fs | E11: =G11/C11 -> 491235.5 | F11: =D11 -> %Fs | G11: =VLOOKUP(B11,BE!$B$5:$H$810,7,FALSE) -> 2421791 | H11: =G11*1.3 -> 3148328.3 | I11: =ROUNDUP(H11,-4) -> 3150000 | J11: =[4]AC!$L$13 -> 1530000 | K11: =I11 -> 3150000 | L11: =K11-J11 -> 1620000 | P11: =G11/$G$71 -> 0.0093560306 | Q11: =SUM(Q5:Q9) -> #REF! | R11: 5 | T11: 5
B12: =BE!B75 -> Ground Floor Column Formwork | C12: =VLOOKUP(B12,BE!$B$5:$C$459,2,FALSE) -> 12.91 | D12: =VLOOKUP(B12,BE!$B$5:$E$810,4,FALSE) -> %Fs | E12: =G12/C12 -> 490810.22 | F12: =D12 -> %Fs | G12: =VLOOKUP(B12,BE!$B$5:$H$810,7,FALSE) -> 6336359.9 | H12: =G12*1.3 -> 8237267.9 | I12: =ROUNDUP(H12,-4) -> 8240000 | J12: =[4]AC!$L$14 -> 3730000 | K12: =I12 -> 8240000 | L12: =K12-J12 -> 4510000 | P12: =G12/$G$71 -> 0.024479064 | R12: =SUM(R5:R11) -> 55 | T12: =SUM(T5:T11) -> 74
B13: =BE!B87 -> Ground Beam Formwork | C13: =VLOOKUP(B13,BE!$B$5:$C$459,2,FALSE) -> 7.92 | D13: =VLOOKUP(B13,BE!$B$5:$E$810,4,FALSE) -> %Fs | E13: =G13/C13 -> 491507.54 | F13: =D13 -> %Fs | G13: =VLOOKUP(B13,BE!$B$5:$H$810,7,FALSE) -> 3892739.7 | H13: =G13*1.3 -> 5060561.6 | I13: =ROUNDUP(H13,-4) -> 5070000 | J13: =[4]AC!$L$16 -> 2810000 | K13: =I13 -> 5070000 | L13: =K13-J13 -> 2260000 | P13: =G13/$G$71 -> 0.015038701
B14: =BE!B99 -> Roof Beam Formwork | C14: =VLOOKUP(B14,BE!$B$5:$C$459,2,FALSE) -> 12.41 | D14: =VLOOKUP(B14,BE!$B$5:$E$810,4,FALSE) -> %Fs | E14: =G14/C14 -> 491449.75 | F14: =D14 -> %Fs | G14: =VLOOKUP(B14,BE!$B$5:$H$810,7,FALSE) -> 6098891.4 | H14: =G14*1.3 -> 7928558.8 | I14: =ROUNDUP(H14,-4) -> 7930000 | J14: =[4]AC!$L$17 -> 4220000 | K14: =I14 -> 7930000 | L14: =K14-J14 -> 3710000 | P14: =G14/$G$71 -> 0.023561659
B15: =BE!B111 -> Slab Formwork | C15: =VLOOKUP(B15,BE!$B$5:$C$459,2,FALSE) -> 14.27 | D15: =VLOOKUP(B15,BE!$B$5:$E$810,4,FALSE) -> %Fs | E15: =G15/C15 -> 490536.07 | F15: =D15 -> %Fs | G15: =VLOOKUP(B15,BE!$B$5:$H$810,7,FALSE) -> 6999949.7 | H15: =G15*1.3 -> 9099934.6 | I15: =ROUNDUP(H15,-4) -> 9100000 | J15: =[4]AC!$L$22 -> 6470000 | K15: =I15 -> 9100000 | L15: =K15-J15 -> 2630000 | P15: =G15/$G$71 -> 0.02704269
B16: =BE!B123 -> Lintel & Stiffener Formwork | C16: =VLOOKUP(B16,BE!$B$5:$C$459,2,FALSE) -> 8.72 | D16: =VLOOKUP(B16,BE!$B$5:$E$810,4,FALSE) -> %Fs | E16: =G16/C16 -> 490462.52 | F16: =D16 -> %Fs | G16: =VLOOKUP(B16,BE!$B$5:$H$810,7,FALSE) -> 4276833.2 | P16: =G16/$G$71 -> 0.016522558
B17: =BE!B135 -> Sunshade Formwork | C17: =VLOOKUP(B17,BE!$B$5:$C$459,2,FALSE) -> 1.85 | D17: =VLOOKUP(B17,BE!$B$5:$E$810,4,FALSE) -> %Fs | E17: =G17/C17 -> 492163.08 | F17: =D17 -> %Fs | G17: =VLOOKUP(B17,BE!$B$5:$H$810,7,FALSE) -> 910501.7 | P17: =G17/$G$71 -> 0.0035175132
A18: 5 | B18: =BE!B147 -> 9" thk; Hardcore Stone Work with Sand Filling | C18: =VLOOKUP(B18,BE!$B$5:$C$459,2,FALSE) -> 2.34 | D18: =VLOOKUP(B18,BE!$B$5:$E$810,4,FALSE) -> %Fc | E18: =G18/C18 -> 259344.1 | F18: =D18 -> %Fc | G18: =VLOOKUP(B18,BE!$B$5:$H$810,7,FALSE) -> 606865.2 | H18: =G18*1.3 -> 788924.76 | I18: =ROUNDUP(H18,-4) -> 790000 | J18: =[4]AC!$L$23 -> 1230000 | K18: =I18 -> 790000 | L18: =K18-J18 -> -440000 | N18: =BE!H168 -> 1907044.7 | O18: =G18-N18 -> -1300179.5 | P18: =G18/$G$71 -> 0.0023444836
A19: 6 | B19: ( 1:3:6 ) Cement Concrete Work with River Shingle | C19: =VLOOKUP(B19,BE!$B$5:$C$459,2,FALSE) -> 10.83 | D19: =VLOOKUP(B19,BE!$B$5:$E$810,4,FALSE) -> %Fc | E19: =G19/C19 -> 572898.31 | F19: =D19 -> %Fc | G19: =VLOOKUP(B19,BE!$B$5:$H$810,7,FALSE) -> 6204488.7 | H19: =G19*1.3 -> 8065835.3 | I19: =ROUNDUP(H19,-4) -> 8070000 | J19: =[4]AC!$L$23 -> 1230000 | K19: =I19 -> 8070000 | L19: =K19-J19 -> 6840000 | N19: =BE!H169 -> 6204488.7 | O19: =G19-N19 -> 0 | P19: =G19/$G$71 -> 0.02396961
A20: 7 | B20: =BE!B171 -> Sand Filling Work, watering & Ramming | C20: =VLOOKUP(B20,BE!$B$5:$C$459,2,FALSE) -> 41.77 | D20: =VLOOKUP(B20,BE!$B$5:$E$810,4,FALSE) -> %Fc | E20: =G20/C20 -> 59285.387 | F20: =D20 -> %Fc | G20: =VLOOKUP(B20,BE!$B$5:$H$810,7,FALSE) -> 2476350.6 | H20: =G20*1.3 -> 3219255.8 | I20: =ROUNDUP(H20,-4) -> 3220000 | J20: =[4]AC!$L$24 -> 1880000 | K20: =I20 -> 3220000 | L20: =K20-J20 -> 1340000 | N20: =BE!H178 -> 2476350.6 | O20: =G20-N20 -> 0 | P20: =G20/$G$71 -> 0.0095668091
A21: 8 | B21: =BE!B180 -> Back Filling Work | C21: =VLOOKUP(B21,BE!$B$5:$C$459,2,FALSE) -> 34.96 | D21: =VLOOKUP(B21,BE!$B$5:$E$810,4,FALSE) -> %Fc | E21: =G21/C21 -> 21780 | F21: =D21 -> %Fc | G21: =VLOOKUP(B21,BE!$B$5:$H$810,7,FALSE) -> 761428.8 | H21: =G21*1.3 -> 989857.44 | I21: =ROUNDUP(H21,-4) -> 990000 | J21: =[4]AC!$L$24 -> 1880000 | K21: =I21 -> 990000 | L21: =K21-J21 -> -890000 | N21: =BE!H179 -> 0 | O21: =G21-N21 -> 761428.8 | P21: =G21/$G$71 -> 0.0029416044
A22: 9 | B22: (1:2:4) RC Concrete Work | C22: =VLOOKUP(B22,BE!$B$5:$C$459,2,FALSE) -> 20.39 | D22: =VLOOKUP(B22,BE!$B$5:$E$810,4,FALSE) -> %Fc | H22: =G22*1.3 -> 0 | I22: =ROUNDUP(H22,-4) -> 0 | K22: =I22 -> 0 | L22: =K22-J22 -> 0 | O22: =G22-N22 -> 0 | P22: =G22/$G$71 -> 0
B23: =BE!B186 -> Footing Concrete | C23: =VLOOKUP(B23,BE!$B$5:$C$459,2,FALSE) -> 3.96 | D23: =VLOOKUP(B23,BE!$B$5:$E$810,4,FALSE) -> %Fc | E23: =G23/C23 -> 767148.61 | F23: =D23 -> %Fc | G23: =VLOOKUP(B23,BE!$B$5:$H$810,7,FALSE) -> 3037908.5 | H23: =G23*1.3 -> 3949281.1 | I23: =ROUNDUP(H23,-4) -> 3950000 | J23: =[4]AC!$L$27 -> 5140000 | K23: =[5]AC!$L$33 -> 5140000 | L23: =K23-J23 -> 0 | N23: =BE!H198 -> 3037908.5 | O23: =G23-N23 -> 0 | P23: =G23/$G$71 -> 0.011736258
B24: =BE!B200 -> Short Column Concrete | C24: =VLOOKUP(B24,BE!$B$5:$C$459,2,FALSE) -> 1.07 | D24: =VLOOKUP(B24,BE!$B$5:$E$810,4,FALSE) -> %Fc | E24: =G24/C24 -> 771229.07 | F24: =D24 -> %Fc | G24: =VLOOKUP(B24,BE!$B$5:$H$810,7,FALSE) -> 825215.1 | H24: =G24*1.3 -> 1072779.6 | I24: =ROUNDUP(H24,-4) -> 1080000 | J24: =[4]AC!$L$28 -> 820000 | K24: =[5]AC!$L$35 -> 1050000 | L24: =K24-J24 -> 230000 | N24: =BE!H212 -> 825215.1 | O24: =G24-N24 -> 0 | P24: =G24/$G$71 -> 0.0031880281
B25: =BE!B214 -> Ground Floor Column Concrete | C25: =VLOOKUP(B25,BE!$B$5:$C$459,2,FALSE) -> 2.68 | D25: =VLOOKUP(B25,BE!$B$5:$E$810,4,FALSE) -> %Fc | E25: =G25/C25 -> 787177.09 | F25: =D25 -> %Fc | G25: =VLOOKUP(B25,BE!$B$5:$H$810,7,FALSE) -> 2109634.6 | H25: =G25*1.3 -> 2742525 | I25: =ROUNDUP(H25,-4) -> 2750000 | J25: =[4]AC!$L$29 -> 2020000 | K25: =[5]AC!$L$36 -> 2020000 | L25: =K25-J25 -> 0 | N25: =BE!H227 -> 2109634.6 | O25: =G25-N25 -> 0 | P25: =G25/$G$71 -> 0.0081500864
B26: =BE!B229 -> Ground Beam Concrete | C26: =VLOOKUP(B26,BE!$B$5:$C$459,2,FALSE) -> 3.35 | D26: =VLOOKUP(B26,BE!$B$5:$E$810,4,FALSE) -> %Fc | E26: =G26/C26 -> 769189.16 | F26: =D26 -> %Fc | G26: =VLOOKUP(B26,BE!$B$5:$H$810,7,FALSE) -> 2576783.7 | H26: =G26*1.3 -> 3349818.8 | I26: =ROUNDUP(H26,-4) -> 3350000 | J26: =[4]AC!$L$31 -> 2240000 | K26: =[5]AC!$L$38 -> 2240000 | L26: =K26-J26 -> 0 | N26: =BE!H241 -> 2576783.7 | O26: =G26-N26 -> 0 | P26: =G26/$G$71 -> 0.0099548092
B27: =BE!B243 -> Roof Beam Concrete | C27: =VLOOKUP(B27,BE!$B$5:$C$459,2,FALSE) -> 3.61 | D27: =VLOOKUP(B27,BE!$B$5:$E$810,4,FALSE) -> %Fc | E27: =G27/C27 -> 846797.37 | F27: =D27 -> %Fc | G27: =VLOOKUP(B27,BE!$B$5:$H$810,7,FALSE) -> 3056938.5 | H27: =G27*1.3 -> 3974020.1 | I27: =ROUNDUP(H27,-4) -> 3980000 | J27: =[4]AC!$L$32 -> 3140000 | K27: =[5]AC!$L$39 -> 3140000 | L27: =K27-J27 -> 0 | N27: =BE!H256 -> 3056938.5 | O27: =G27-N27 -> 0 | P27: =G27/$G$71 -> 0.011809776
B28: =BE!B258 -> Slab Concrete | C28: =VLOOKUP(B28,BE!$B$5:$C$459,2,FALSE) -> 3.26 | D28: =VLOOKUP(B28,BE!$B$5:$E$810,4,FALSE) -> %Fc | E28: =G28/C28 -> 846981.07 | F28: =D28 -> %Fc | G28: =VLOOKUP(B28,BE!$B$5:$H$810,7,FALSE) -> 2761158.3 | H28: =G28*1.3 -> 3589505.8 | I28: =ROUNDUP(H28,-4) -> 3590000 | J28: =[4]AC!$L$36 -> 2780000 | K28: =[5]AC!$L$47 -> 2780000 | L28: =K28-J28 -> 0 | N28: =BE!H271 -> 2761158.3 | O28: =G28-N28 -> 0 | P28: =G28/$G$71 -> 0.010667098
B29: =BE!B273 -> Lintel & Stiffener Concrete | C29: =VLOOKUP(B29,BE!$B$5:$C$459,2,FALSE) -> 2.15 | D29: =VLOOKUP(B29,BE!$B$5:$E$810,4,FALSE) -> %Fc | E29: =G29/C29 -> 768228.84 | F29: =D29 -> %Fc | G29: =VLOOKUP(B29,BE!$B$5:$H$810,7,FALSE) -> 1651692 | P29: =G29/$G$71 -> 0.0063809309
B30: =BE!B287 -> Sunshade Concrete | C30: =VLOOKUP(B30,BE!$B$5:$C$459,2,FALSE) -> 0.3 | D30: =VLOOKUP(B30,BE!$B$5:$E$810,4,FALSE) -> %Fc | E30: =G30/C30 -> 779510.67 | F30: =D30 -> %Fc | G30: =VLOOKUP(B30,BE!$B$5:$H$810,7,FALSE) -> 233853.2 | P30: =G30/$G$71 -> 0.00090343787
A31: 10 | B31: M.S reinforcement work including cutting, binding and fixing ( Assorted Size ) | C31: =VLOOKUP(B31,BE!$B$5:$C$459,2,FALSE) -> 11.427551 | D31: =VLOOKUP(B31,BE!$B$5:$E$810,4,FALSE) -> Ton | H31: =G31*1.3 -> 0 | I31: =ROUNDUP(H31,-4) -> 0 | K31: =I31 -> 0 | L31: =K31-J31 -> 0 | O31: =G31-N31 -> 0 | P31: =G31/$G$71 -> 0
B32: =BE!B317 -> Footing Rebar | C32: =VLOOKUP(B32,BE!$B$5:$C$459,2,FALSE) -> 1.1310672 | D32: =VLOOKUP(B32,BE!$B$5:$E$810,4,FALSE) -> Ton | E32: =G32/C32 -> 3070800.3 | F32: =D32 -> Ton | G32: =VLOOKUP(B32,BE!$B$5:$H$810,7,FALSE) -> 3473281.5 | H32: =G32*1.3 -> 4515265.9 | I32: =ROUNDUP(H32,-4) -> 4520000 | J32: =[4]AC!$L$42 -> 7590000 | K32: =I32 -> 4520000 | L32: =K32-J32 -> -3070000 | N32: =BE!H329 -> 3473281.5 | O32: =G32-N32 -> 0 | P32: =G32/$G$71 -> 0.013418221
B33: =BE!B331 -> Short Column Rebar | C33: =VLOOKUP(B33,BE!$B$5:$C$459,2,FALSE) -> 1.3135707 | D33: =VLOOKUP(B33,BE!$B$5:$E$810,4,FALSE) -> Ton | E33: =G33/C33 -> 3039977 | F33: =D33 -> Ton | G33: =VLOOKUP(B33,BE!$B$5:$H$810,7,FALSE) -> 3993224.6 | H33: =G33*1.3 -> 5191192 | I33: =ROUNDUP(H33,-4) -> 5200000 | J33: =[4]AC!$L$43 -> 4700000 | K33: =I33 -> 5200000 | L33: =K33-J33 -> 500000 | N33: =BE!H343 -> 3993224.6 | O33: =G33-N33 -> 0 | P33: =G33/$G$71 -> 0.015426902
B34: =BE!B345 -> Ground Floor Column Rebar | C34: =VLOOKUP(B34,BE!$B$5:$C$459,2,FALSE) -> 1.579814 | D34: =VLOOKUP(B34,BE!$B$5:$E$810,4,FALSE) -> Ton | E34: =G34/C34 -> 2996963.1 | F34: =D34 -> Ton | G34: =VLOOKUP(B34,BE!$B$5:$H$810,7,FALSE) -> 4734644.4 | H34: =G34*1.3 -> 6155037.8 | I34: =ROUNDUP(H34,-4) -> 6160000 | J34: =[4]AC!$L$44 -> 4360000 | K34: =I34 -> 6160000 | L34: =K34-J34 -> 1800000 | N34: =BE!H357 -> 4734644.4 | O34: =G34-N34 -> 0 | P34: =G34/$G$71 -> 0.018291206
B35: =BE!B359 -> Plinth Beam Rebar | C35: =VLOOKUP(B35,BE!$B$5:$C$459,2,FALSE) -> 2.1829889 | D35: =VLOOKUP(B35,BE!$B$5:$E$810,4,FALSE) -> Ton | E35: =G35/C35 -> 2907691.4 | F35: =D35 -> Ton | G35: =VLOOKUP(B35,BE!$B$5:$H$810,7,FALSE) -> 6347458.1 | H35: =G35*1.3 -> 8251695.5 | I35: =ROUNDUP(H35,-4) -> 8260000 | J35: =[4]AC!$L$46 -> 6580000 | K35: =I35 -> 8260000 | L35: =K35-J35 -> 1680000 | N35: =BE!H371 -> 6347458.1 | O35: =G35-N35 -> 0 | P35: =G35/$G$71 -> 0.024521939
B36: =BE!B373 -> Roof Beam Rebar | C36: =VLOOKUP(B36,BE!$B$5:$C$459,2,FALSE) -> 2.32908 | D36: =VLOOKUP(B36,BE!$B$5:$E$810,4,FALSE) -> Ton | E36: =G36/C36 -> 2911922.5 | F36: =D36 -> Ton | G36: =VLOOKUP(B36,BE!$B$5:$H$810,7,FALSE) -> 6782100.5 | H36: =G36*1.3 -> 8816730.6 | I36: =ROUNDUP(H36,-4) -> 8820000 | J36: =[4]AC!$L$47 -> 7000000 | K36: =I36 -> 8820000 | L36: =K36-J36 -> 1820000 | N36: =BE!H385 -> 6782100.5 | O36: =G36-N36 -> 0 | P36: =G36/$G$71 -> 0.02620108
B37: =BE!B387 -> Slab Rebar | C37: =VLOOKUP(B37,BE!$B$5:$C$459,2,FALSE) -> 2.3148202 | D37: =VLOOKUP(B37,BE!$B$5:$E$810,4,FALSE) -> Ton | E37: =G37/C37 -> 2577235.5 | F37: =D37 -> Ton | G37: =VLOOKUP(B37,BE!$B$5:$H$810,7,FALSE) -> 5965836.8 | H37: =G37*1.3 -> 7755587.8 | I37: =ROUNDUP(H37,-4) -> 7760000 | J37: =[4]AC!$L$51 -> 4360000 | K37: =I37 -> 7760000 | L37: =K37-J37 -> 3400000 | N37: =BE!H399 -> 5965836.8 | O37: =G37-N37 -> 0 | P37: =G37/$G$71 -> 0.023047634
B38: =BE!B401 -> Lintel & Stiffener Rebar | C38: =VLOOKUP(B38,BE!$B$5:$C$459,2,FALSE) -> 0.38549572 | D38: =VLOOKUP(B38,BE!$B$5:$E$810,4,FALSE) -> Ton | E38: =G38/C38 -> 2962117.2 | F38: =D38 -> Ton | G38: =VLOOKUP(B38,BE!$B$5:$H$810,7,FALSE) -> 1141883.5 | P38: =G38/$G$71 -> 0.0044114034
B39: =BE!B415 -> Sunshade Rebar | C39: =VLOOKUP(B39,BE!$B$5:$C$459,2,FALSE) -> 0.19071435 | D39: =VLOOKUP(B39,BE!$B$5:$E$810,4,FALSE) -> Ton | E39: =G39/C39 -> 2853945.3 | F39: =D39 -> Ton | G39: =VLOOKUP(B39,BE!$B$5:$H$810,7,FALSE) -> 544288.31 | P39: =G39/$G$71 -> 0.0021027323
A40: 11 | B40: =BE!B429 -> Curing Work for 14 Days | C40: =VLOOKUP(B40,BE!$B$5:$C$459,2,FALSE) -> 9.73 | D40: =VLOOKUP(B40,BE!$B$5:$E$810,4,FALSE) -> %Fs | E40: =G40/C40 -> 21780 | F40: =D40 -> %Fs | G40: =VLOOKUP(B40,BE!$B$5:$H$810,7,FALSE) -> 211919.4 | H40: =G40*1.3 -> 275495.22 | I40: =ROUNDUP(H40,-4) -> 280000 | J40: =[4]AC!$L$39 -> 2650000 | K40: =I40 -> 280000 | L40: =K40-J40 -> -2370000 | N40: =BE!H445 -> 928529.8 | O40: =G40-N40 -> -716610.4 | P40: =G40/$G$71 -> 0.0008187017
A41: 12 | B41: =BE!B435 -> 1.5" thk; ( 1:2:4) Concrete work (Floor Topping) | C41: =VLOOKUP(B41,BE!$B$5:$C$459,2,FALSE) -> 16.78 | D41: =VLOOKUP(B41,BE!$B$5:$E$810,4,FALSE) -> %Fs | E41: =G41/C41 -> 133973.53 | F41: =D41 -> %Fs | G41: =VLOOKUP(B41,BE!$B$5:$H$810,7,FALSE) -> 2248075.8 | H41: =G41*1.3 -> 2922498.5 | I41: =ROUNDUP(H41,-4) -> 2930000 | J41: =[4]AC!$L$39 -> 2650000 | K41: =I41 -> 2930000 | L41: =K41-J41 -> 280000 | N41: =BE!H446 -> 2248075.8 | O41: =G41-N41 -> 0 | P41: =G41/$G$71 -> 0.008684922
A42: 13 | B42: =BE!B448 -> Brick Work in (1:3) Cement Mortar | C42: =VLOOKUP(B42,BE!$B$5:$C$459,2,FALSE) -> 14.25 | D42: =VLOOKUP(B42,BE!$B$5:$E$810,4,FALSE) -> %Fc | E42: =G42/C42 -> 901990.46 | F42: =D42 -> %Fc | G42: =VLOOKUP(B42,BE!$B$5:$H$810,7,FALSE) -> 12853364 | H42: =G42*1.3 -> 16709373 | I42: =ROUNDUP(H42,-4) -> 16710000 | J42: 8390000 | K42: =I42 -> 16710000 | M42: =J42-K42 -> -8320000 | O42: =G42-N42 -> 12853364 | P42: =G42/$G$71 -> 0.049656006
A43: 14 | B43: =BE!B460 -> 4½"thk; Brick Walling Work | C43: =VLOOKUP(B43,BE!$B$5:$C$810,2,FALSE) -> 34.58 | D43: =VLOOKUP(B43,BE!$B$5:$E$810,4,FALSE) -> %Fs | H43: =G43*1.3 -> 0 | I43: =ROUNDUP(H43,-4) -> 0 | K43: =I43 -> 0 | L43: =K43-J43 -> 0 | O43: =G43-N43 -> 0 | P43: =G43/$G$71 -> 0
B44: =BE!B473 -> Ground Floor Wall | C44: =VLOOKUP(B44,BE!$B$5:$C$810,2,FALSE) -> 34.58 | D44: =VLOOKUP(B44,BE!$B$5:$E$810,4,FALSE) -> %Fs | E44: =G44/C44 -> 394661.67 | F44: =D44 -> %Fs | G44: =VLOOKUP(B44,BE!$B$5:$H$810,7,FALSE) -> 13647400 | H44: =G44*1.3 -> 17741621 | I44: =ROUNDUP(H44,-4) -> 17750000 | J44: =[4]AC!$L$55 -> 5920000 | K44: =J44 -> 5920000 | L44: =K44-J44 -> 0 | P44: =G44/$G$71 -> 0.052723582
A45: 15 | B45: =BE!B487 -> ¾" thk; Plastering Work in (1:3) Cement Mortar | C45: =VLOOKUP(B45,BE!$B$5:$C$810,2,FALSE) -> 92.31 | D45: =VLOOKUP(B45,BE!$B$5:$E$810,4,FALSE) -> %Fs | H45: =G45*1.3 -> 0 | I45: =ROUNDUP(H45,-4) -> 0 | K45: =I45 -> 0 | L45: =K45-J45 -> 0 | O45: =G45-N45 -> 0 | P45: =G45/$G$71 -> 0
B46: =BE!B498 -> Ground Floor Wall Plaster | C46: =BE!C498 -> 76.61 | D46: =VLOOKUP(B46,BE!$B$5:$E$810,4,FALSE) -> %Fs | E46: =G46/C46 -> 158168.04 | F46: =D46 -> %Fs | G46: =VLOOKUP(B46,BE!$B$5:$H$810,7,FALSE) -> 12117253 | H46: =G46*1.3 -> 15752429 | I46: =ROUNDUP(H46,-4) -> 15760000 | J46: =[4]AC!$L$58 -> 5660000 | K46: =I46 -> 15760000 | L46: =K46-J46 -> 10100000 | P46: =G46/$G$71 -> 0.046812212
B47: =BE!B510 -> Corner Plaster | C47: =VLOOKUP(B47,BE!$B$5:$C$810,2,FALSE) -> 15.7 | D47: =VLOOKUP(B47,BE!$B$5:$E$810,4,FALSE) -> %Fs | E47: =G47/C47 -> 150335.64 | F47: =D47 -> %Fs | G47: =VLOOKUP(B47,BE!$B$5:$H$810,7,FALSE) -> 2360269.5 | H47: =G47*1.3 -> 3068350.4 | I47: =ROUNDUP(H47,-4) -> 3070000 | J47: =[4]AC!$L$56 -> 5790000 | K47: =I47 -> 3070000 | L47: =K47-J47 -> -2720000 | P47: =G47/$G$71 -> 0.0091183565
A48: 16 | B48: =BE!B521 -> Surface Preparation Before Painting with Putty (Wall) | C48: =VLOOKUP(B48,BE!$B$5:$C$810,2,FALSE) -> 92.31 | D48: =VLOOKUP(B48,BE!$B$5:$E$810,4,FALSE) -> %Fs | E48: =G48/C48 -> 100103.92 | F48: =D48 -> %Fs | G48: =VLOOKUP(B48,BE!$B$5:$H$810,7,FALSE) -> 9240593.3
A49: 17 | B49: =BE!B534 -> Brick Wall Painting | C49: =VLOOKUP(B49,BE!$B$5:$C$810,2,FALSE) -> 92.31 | D49: =VLOOKUP(B49,BE!$B$5:$E$810,4,FALSE) -> %Fs | E49: =G49/C49 -> 86631.107 | F49: =D49 -> %Fs | G49: =VLOOKUP(B49,BE!$B$5:$H$810,7,FALSE) -> 7996917.5
A50: 18 | B50: =BE!B544 -> False Work | C50: =VLOOKUP(B50,BE!$B$5:$C$810,2,FALSE) -> 185.5 | D50: =VLOOKUP(B50,BE!$B$5:$E$810,4,FALSE) -> Nos. | E50: =G50/C50 -> 26394.474 | F50: =D50 -> Nos. | G50: =VLOOKUP(B50,BE!$B$5:$H$810,7,FALSE) -> 4896175 | H50: =G50*1.3 -> 6365027.5 | I50: =ROUNDUP(H50,-4) -> 6370000 | J50: =[4]AC!$L$60 -> 8072000 | K50: =J50 -> 8072000 | L50: =K50-J50 -> 0 | O50: =G50-N50 -> 4896175 | P50: =G50/$G$71 -> 0.018915242
A51: 19 | B51: =BE!B555 -> Bamboo Scaffolding Work (Double Layer) | C51: =VLOOKUP(B51,BE!$B$5:$C$810,2,FALSE) -> 36.6 | D51: =VLOOKUP(B51,BE!$B$5:$E$810,4,FALSE) -> %Fs | E51: =G51/C51 -> 144978.84 | F51: =D51 -> %Fs | G51: =VLOOKUP(B51,BE!$B$5:$H$810,7,FALSE) -> 5306225.5 | H51: =G51*1.3 -> 6898093.2 | I51: =ROUNDUP(H51,-4) -> 6900000 | J51: =[4]AC!$L$60 -> 8072000 | K51: =J51 -> 8072000 | L51: =K51-J51 -> 0 | O51: =G51-N51 -> 5306225.5 | P51: =G51/$G$71 -> 0.020499378
A52: 20 | B52: Steel Structure Fabrication & Erection Work | C52: =VLOOKUP(B52,BE!$B$5:$C$810,2,FALSE) -> 2271.56 | D52: =VLOOKUP(B52,BE!$B$5:$E$810,4,FALSE) -> Rft | E52: =G52/C52 -> 5421.3404 | F52: =D52 -> Rft | G52: =VLOOKUP(B52,BE!$B$5:$H$810,7,FALSE) -> 12314900
A53: 21 | B53: Steel Structure Painting Work (Red Oxide) | C53: =VLOOKUP(B53,BE!$B$5:$C$810,2,FALSE) -> 25.21 | D53: =VLOOKUP(B53,BE!$B$5:$E$810,4,FALSE) -> %Fs | E53: =G53/C53 -> 47113.804 | F53: =D53 -> %Fs | G53: =VLOOKUP(B53,BE!$B$5:$H$810,7,FALSE) -> 1187739
A54: 22 | B54: Roofing Work | C54: =VLOOKUP(B54,BE!$B$5:$C$810,2,FALSE) -> 22.09 | D54: =VLOOKUP(B54,BE!$B$5:$E$810,4,FALSE) -> %Fs | E54: =G54/C54 -> 325579.8 | F54: =D54 -> %Fs | G54: =VLOOKUP(B54,BE!$B$5:$H$810,7,FALSE) -> 7192057.7
A55: 23 | B55: =BE!B605 -> Eave & Verge Board Work | C55: =VLOOKUP(B55,BE!$B$5:$C$810,2,FALSE) -> 214.2 | D55: =VLOOKUP(B55,BE!$B$5:$E$810,4,FALSE) -> Rft | E55: =G55/C55 -> 2400 | F55: =D55 -> Rft | G55: =VLOOKUP(B55,BE!$B$5:$H$810,7,FALSE) -> 514080
A56: 24 | B56: Ridging Work | C56: =VLOOKUP(B56,BE!$B$5:$C$810,2,FALSE) -> 192 | D56: =VLOOKUP(B56,BE!$B$5:$E$810,4,FALSE) -> Rft | E56: =G56/C56 -> 4325.3333 | F56: =D56 -> Rft | G56: =VLOOKUP(B56,BE!$B$5:$H$810,7,FALSE) -> 830464
A57: 25 | B57: =BE!B619 -> Ceiling Work (Gypsum Board) | C57: =VLOOKUP(B57,BE!$B$5:$C$810,2,FALSE) -> 2259 | D57: =VLOOKUP(B57,BE!$B$5:$E$810,4,FALSE) -> Fs | E57: =G57/C57 -> 3824.896 | F57: =D57 -> Fs | G57: =VLOOKUP(B57,BE!$B$5:$H$810,7,FALSE) -> 8640440
A58: 26 | B58: =BE!B663 -> Ceiling Work (Eco Wood) | C58: =VLOOKUP(B58,BE!$B$5:$C$810,2,FALSE) -> 55 | D58: =VLOOKUP(B58,BE!$B$5:$E$810,4,FALSE) -> Fs | E58: =G58/C58 -> 10838.364 | F58: =D58 -> Fs | G58: =VLOOKUP(B58,BE!$B$5:$H$810,7,FALSE) -> 596110
A59: 27 | B59: =BE!B676 -> Surface Preparation Before Painting with Putty (Ceiling) | C59: =VLOOKUP(B59,BE!$B$5:$C$810,2,FALSE) -> 22.59 | D59: =VLOOKUP(B59,BE!$B$5:$E$810,4,FALSE) -> %Fs | E59: =G59/C59 -> 114931.73 | F59: =D59 -> %Fs | G59: =VLOOKUP(B59,BE!$B$5:$H$810,7,FALSE) -> 2596307.7
A60: 28 | B60: =BE!B690 -> Ceiling Painting | C60: =VLOOKUP(B60,BE!$B$5:$C$810,2,FALSE) -> 22.59 | D60: =VLOOKUP(B60,BE!$B$5:$E$810,4,FALSE) -> %Fs | E60: =G60/C60 -> 72443.67 | F60: =D60 -> %Fs | G60: =VLOOKUP(B60,BE!$B$5:$H$810,7,FALSE) -> 1636502.5
A61: 29 | B61: =BE!B700 -> Wood Chowket Work | C61: =VLOOKUP(B61,BE!$B$5:$C$810,2,FALSE) -> 188.36 | D61: =VLOOKUP(B61,BE!$B$5:$E$810,4,FALSE) -> Rft | E61: =G61/C61 -> 14215.815 | F61: =D61 -> Rft | G61: =VLOOKUP(B61,BE!$B$5:$H$810,7,FALSE) -> 2677691 | H61: =G61*1.3 -> 3480998.3 | I61: =ROUNDUP(H61,-4) -> 3490000 | J61: =[4]AC!$L$61 -> 230000 | K61: =I61 -> 3490000 | L61: =K61-J61 -> 3260000 | O61: =G61-N61 -> 2677691 | P61: =G61/$G$71 -> 0.010344641
A62: 30 | B62: =BE!B713 -> Hardwood Door Work | C62: =VLOOKUP(B62,BE!$B$5:$C$810,2,FALSE) -> 249.7 | D62: =VLOOKUP(B62,BE!$B$5:$E$810,4,FALSE) -> Sft | E62: =G62/C62 -> 64424.81 | F62: =D62 -> Sft | G62: =VLOOKUP(B62,BE!$B$5:$H$810,7,FALSE) -> 16086875
A63: 31 | B63: =BE!B728 -> Wood Oiling Work | C63: =VLOOKUP(B63,BE!$B$5:$C$810,2,FALSE) -> 651.47 | D63: =VLOOKUP(B63,BE!$B$5:$E$810,4,FALSE) -> Sft | E63: =G63/C63 -> 2312.4744 | F63: =D63 -> Sft | G63: =VLOOKUP(B63,BE!$B$5:$H$810,7,FALSE) -> 1506507.7
A64: 32 | B64: =BE!B741 -> Aluminium Window Work | C64: =VLOOKUP(B64,BE!$B$5:$C$810,2,FALSE) -> 309.66 | D64: =VLOOKUP(B64,BE!$B$5:$E$810,4,FALSE) -> Sft | E64: =G64/C64 -> 46000 | F64: =D64 -> Sft | G64: =VLOOKUP(B64,BE!$B$5:$H$810,7,FALSE) -> 14244360
A65: 33 | B65: =BE!B746 -> Tiling Work | C65: =VLOOKUP(B65,BE!$B$5:$C$810,2,FALSE) -> 12.84 | D65: =VLOOKUP(B65,BE!$B$5:$E$810,4,FALSE) -> %Sft | E65: =G65/C65 -> 617830.25 | F65: =D65 -> %Sft | G65: =VLOOKUP(B65,BE!$B$5:$H$810,7,FALSE) -> 7932940.4
A66: 34 | B66: =BE!B765 -> Golden-Silver Flag Stone Work | C66: =VLOOKUP(B66,BE!$B$5:$C$810,2,FALSE) -> 142 | D66: =VLOOKUP(B66,BE!$B$5:$E$810,4,FALSE) -> Sft | E66: =G66/C66 -> 11260.037 | F66: =D66 -> Sft | G66: =VLOOKUP(B66,BE!$B$5:$H$810,7,FALSE) -> 1598925.2
A67: 35 | B67: =BE!B777 -> Parquet Flooring Work | C67: =VLOOKUP(B67,BE!$B$5:$C$810,2,FALSE) -> 0 | D67: =VLOOKUP(B67,BE!$B$5:$E$810,4,FALSE) -> %Fs | E67: =G67/C67 -> #DIV/0! | F67: =D67 -> %Fs | G67: =VLOOKUP(B67,BE!$B$5:$H$810,7,FALSE) -> 0
A68: 35 | B68: =BE!B796 -> SPC Flooring Work | C68: =VLOOKUP(B68,BE!$B$5:$C$810,2,FALSE) -> 12.24 | D68: =VLOOKUP(B68,BE!$B$5:$E$810,4,FALSE) -> %Fs | E68: =G68/C68 -> 780000 | F68: =D68 -> %Fs | G68: =VLOOKUP(B68,BE!$B$5:$H$810,7,FALSE) -> 9547200
A69: 36 | B69: =BE!B805 -> Architrave Work | C69: =VLOOKUP(B69,BE!$B$5:$C$810,2,FALSE) -> 45.68 | D69: =VLOOKUP(B69,BE!$B$5:$E$810,4,FALSE) -> Rft | E69: =G69/C69 -> 41996.497 | F69: =D69 -> Rft | G69: =VLOOKUP(B69,BE!$B$5:$H$810,7,FALSE) -> 1918400
H70: =G70*1.3 -> 0 | I70: =ROUNDUP(H70,-4) -> 0 | K70: =I70 -> 0 | L70: =K70-J70 -> 0 | O70: =G70-N70 -> 0 | P70: =G70/$G$71 -> 0
B71: Total Cost | G71: =SUM(G5:G70) -> 2.5884813e+08 | H71: =SUM(H5:H70) -> 1.8786008e+08 | I71: =SUM(I5:I70) -> 188010000 | J71: =SUM(J5:J70) -> 129144000 | K71: =SUM(K5:K70) -> 176724000 | L71: =SUM(L5:L70) -> 37650000 | M71: =SUM(M5:M70) -> -9810000 | N71: =BE!H811 -> 2.5884813e+08 | O71: =N71-G71 -> 0
B72: Transportation Charges | F72: 0.03 | G72: =G71*F72 -> 7765443.8 | H72: =SUM(H6:H71) -> 3.755449e+08 | I72: =SUM(I6:I71) -> 375840000 | J72: =SUM(J6:J71) -> 258178000 | K72: =SUM(K6:K71) -> 353268000 | L72: =SUM(L6:L71) -> 75300000 | M72: =SUM(M6:M71) -> -19620000
B73: Preliminary Charges | F73: 0.05 | G73: =(G71+G72)*F73 -> 13330679 | H73: =SUM(H7:H72) -> 7.5096372e+08 | I73: =SUM(I7:I72) -> 751550000 | J73: =SUM(J7:J72) -> 516276000 | K73: =SUM(K7:K72) -> 706406000 | L73: =SUM(L7:L72) -> 150600000 | M73: =SUM(M7:M72) -> -39240000
B74: Supervision Charges | F74: 0.1 | G74: =(G73+G72+G71)*F74 -> 27994425 | H74: =SUM(H9:H73) -> 1.4987523e+09 | I74: =SUM(I9:I73) -> 1499920000 | J74: =SUM(J9:J73) -> 1031022000 | K74: =SUM(K9:K73) -> 1409632000 | L74: =SUM(L9:L73) -> 299550000 | M74: =SUM(M9:M73) -> -78480000
B75: Grand Total Charges | G75: =SUM(G71:G74) -> 3.0793867e+08 | H75: =SUM(H10:H74) -> 2.9946915e+09 | I75: =SUM(I10:I74) -> 2997020000 | J75: =SUM(J10:J74) -> 2058734000 | K75: =SUM(K10:K74) -> 2816444000 | L75: =SUM(L10:L74) -> 599590000 | M75: =SUM(M10:M74) -> -156960000 | N75: =BQ!G126 -> 3.0793867e+08 | O75: =G75-N75 -> 0

Sheet BQ
A1: =Detail!A1 -> One Storeyed RCC Building, Myat Lay Street
A2: =Detail!A2 -> 35'-0"x45'-0"x13'-0" Ht;
A3: Bill Of Quantities (Main Building)
A4: Sr. No. | B4: Particular | C4: Quantity | D4: Unit | E4: Rate | F4: Per | G4: Amount | H4: Remark
B5: Material Cost | I5: =G6-I6 -> #REF!
A6: 1 | B6: Cement | C6: =SUMIF(BE!$B$5:$B$810,B6,BE!$C$5:$C$810) -> 953.34 | D6: =VLOOKUP(B6,BE!$B$5:$E$810,4,FALSE) -> Bags | E6: =VLOOKUP(B6,'M&L Rate'!$B$7:$J$159,4,FALSE) -> 18600 | F6: =D6 -> Bags | G6: =E6*C6 -> 17732124 | H6: P-18, No.18 | I6: =BE!H159+BE!#REF!+BE!H188+BE!H202+BE!H231+BE!H245+BE!#REF!+BE!#REF!+BE!#REF!+BE!#REF!+BE!#REF!+BE!H260+BE!#REF!+BE!#REF!+BE!#REF!+BE!#REF!+BE!H437+BE!H450+BE!H462+BE!H489 -> #REF!
A7: 2 | B7: Sand | C7: =SUMIF(BE!$B$5:$B$810,B7,BE!$C$5:$C$810) -> 82.43 | D7: =VLOOKUP(B7,BE!$B$5:$E$810,4,FALSE) -> Sud | E7: =VLOOKUP(B7,'M&L Rate'!$B$7:$J$159,4,FALSE) -> 30000 | F7: =D7 -> Sud | G7: =E7*C7 -> 2472900 | H7: P-18, No.19
A8: 3 | B8: River Shingle | C8: =SUMIF(BE!$B$5:$B$810,B8,BE!$C$5:$C$810) -> 31.1 | D8: =VLOOKUP(B8,BE!$B$5:$E$810,4,FALSE) -> Sud | E8: =VLOOKUP(B8,'M&L Rate'!$B$7:$J$159,4,FALSE) -> 110000 | F8: =D8 -> Sud | G8: =E8*C8 -> 3421000 | H8: P-18, No.20 | J8: =#REF!+#REF!+#REF!+#REF! -> #REF!
A9: 4 | B9: 6"x9" Stone Boulder | C9: =SUMIF(BE!$B$5:$B$810,B9,BE!$C$5:$C$810) -> 2.34 | D9: =VLOOKUP(B9,BE!$B$5:$E$810,4,FALSE) -> Sud | E9: =VLOOKUP(B9,'M&L Rate'!$B$7:$J$159,4,FALSE) -> 230000 | F9: =D9 -> Sud | G9: =E9*C9 -> 538200 | H9: P-18, No.21 | J9: =#REF! -> #REF!
A10: 5 | B10: Fuel | C10: =SUMIF(BE!$B$5:$B$810,B10,BE!$C$5:$C$810) -> 62.44 | D10: =VLOOKUP(B10,BE!$B$5:$E$810,4,FALSE) -> Gal | E10: =VLOOKUP(B10,'M&L Rate'!$B$7:$J$159,4,FALSE) -> 18800 | F10: =D10 -> Gal | G10: =E10*C10 -> 1173872 | H10: P-18, No.22 | J10: =#REF! -> #REF!
A11: 6 | B11: Jungle Wood | C11: =SUMIF(BE!$B$5:$B$810,B11,BE!$C$5:$C$810) -> 9.904 | D11: =VLOOKUP(B11,BE!$B$5:$E$810,4,FALSE) -> Ton | E11: =VLOOKUP(B11,'M&L Rate'!$B$7:$J$159,4,FALSE) -> 1250000 | F11: =D11 -> Ton | G11: =E11*C11 -> 12380000 | H11: P-18, No.23 | I11: =G11+G12 -> 18270530 | J11: =I11*40% -> 7308212
A12: 7 | B12: 5 Ply Wood (8'x4') | C12: =SUMIF(BE!$B$5:$B$810,B12,BE!$C$5:$C$810) -> 85.37 | D12: =VLOOKUP(B12,BE!$B$5:$E$810,4,FALSE) -> Sheet | E12: =VLOOKUP(B12,'M&L Rate'!$B$7:$J$159,4,FALSE) -> 69000 | F12: =D12 -> Sheet | G12: =E12*C12 -> 5890530 | H12: P-18, No.24
A13: 8 | B13: Nails | C13: =SUMIF(BE!$B$5:$B$810,B13,BE!$C$5:$C$810) -> 101.61 | D13: =VLOOKUP(B13,BE!$B$5:$E$810,4,FALSE) -> viss | E13: =VLOOKUP(B13,'M&L Rate'!$B$7:$J$159,4,FALSE) -> 11600 | F13: =D13 -> viss | G13: =E13*C13 -> 1178676 | H13: P-18, No.25
A14: 9 | B14: Brick | C14: =SUMIF(BE!$B$5:$B$810,B14,BE!$C$5:$C$810) -> 38256 | D14: =VLOOKUP(B14,BE!$B$5:$E$810,4,FALSE) -> Nos | E14: =VLOOKUP(B14,'M&L Rate'!$B$7:$J$159,4,FALSE) -> 380 | F14: =D14 -> Nos | G14: =E14*C14 -> 14537280 | I14: =500/550 -> 0.90909091
A15: 10 | B15: Reinforcement X-met | C15: =SUMIF(BE!$B$5:$B$810,B15,BE!$C$5:$C$810) -> 3977.03 | D15: =VLOOKUP(B15,BE!$B$5:$E$810,4,FALSE) -> Rft | E15: =VLOOKUP(B15,'M&L Rate'!$B$7:$J$159,4,FALSE) -> 65 | F15: =D15 -> Rft | G15: =E15*C15 -> 258506.95 | H15: P-18, No.27
A16: 11 | B16: Sikament-9 | C16: =SUMIF(BE!$B$5:$B$810,B16,BE!$C$5:$C$810) -> 63.51 | D16: =VLOOKUP(B16,BE!$B$5:$E$810,4,FALSE) -> Lit | E16: =VLOOKUP(B16,'M&L Rate'!$B$7:$J$159,4,FALSE) -> 8500 | F16: =D16 -> Lit | G16: =E16*C16 -> 539835 | H16: P-18, No.28
A17: 12 | B17: Bonding Agent | C17: =SUMIF(BE!$B$5:$B$810,B17,BE!$C$5:$C$810) -> 3 | D17: =VLOOKUP(B17,BE!$B$5:$E$810,4,FALSE) -> Lit | E17: =VLOOKUP(B17,'M&L Rate'!$B$7:$J$159,4,FALSE) -> 17000 | F17: =D17 -> Lit | G17: =E17*C17 -> 51000 | H17: P-18, No.29
A18: 13 | B18: Plastic Sheet | C18: =SUMIF(BE!$B$5:$B$810,B18,BE!$C$5:$C$810) -> 297.46 | D18: =VLOOKUP(B18,BE!$B$5:$E$810,4,FALSE) -> Rft | E18: =VLOOKUP(B18,'M&L Rate'!$B$7:$J$159,4,FALSE) -> 1200 | F18: =D18 -> Rft | G18: =E18*C18 -> 356952 | H18: P-18, No.31 | K18: =#REF!/3.6 -> #REF!
A19: 14 | B19: =BE!B502 -> Plaster Fibre Mesh | C19: =SUMIF(BE!$B$5:$B$810,B19,BE!$C$5:$C$810) -> 6 | D19: =VLOOKUP(B19,BE!$B$5:$E$810,4,FALSE) -> Coil | E19: =VLOOKUP(B19,'M&L Rate'!$B$7:$J$159,4,FALSE) -> 100000 | F19: =D19 -> Coil | G19: =E19*C19 -> 600000 | K19: =K18/30 -> #REF!
A20: 15 | B20: =BE!B319 -> Ø16mm (1.58 Kg/m)(⅝") | C20: =SUMIF(BE!$B$5:$B$810,B20,BE!$C$5:$C$810) -> 6.4567644 | D20: =VLOOKUP(B20,BE!$B$5:$E$810,4,FALSE) -> Ton | E20: =VLOOKUP(B20,'M&L Rate'!$B$7:$J$159,4,FALSE) -> 2130000 | F20: =D20 -> Ton | G20: =E20*C20 -> 13752908 | H20: P-18, No.33
A21: 16 | B21: =BE!B320 -> Ø12mm (0.89Kg/m)(½") | C21: =SUMIF(BE!$B$5:$B$810,B21,BE!$C$5:$C$810) -> 0.17745233 | D21: =VLOOKUP(B21,BE!$B$5:$E$810,4,FALSE) -> Ton | E21: =VLOOKUP(B21,'M&L Rate'!$B$7:$J$159,4,FALSE) -> 1930000 | F21: =D21 -> Ton | G21: =E21*C21 -> 342483 | H21: P-18, No.34
A22: 17 | B22: =BE!B321 -> Ø10mm (0.62 Kg/m)(⅜") | C22: =SUMIF(BE!$B$5:$B$810,B22,BE!$C$5:$C$810) -> 5.0567239 | D22: =VLOOKUP(B22,BE!$B$5:$E$810,4,FALSE) -> Ton | E22: =VLOOKUP(B22,'M&L Rate'!$B$7:$J$159,4,FALSE) -> 1640000 | F22: =D22 -> Ton | G22: =E22*C22 -> 8293027.3 | H22: P-18, No.35
A23: 18 | B23: =BE!B406 -> Ø6.5mm (0.26 Kg/m)(¼") | C23: =SUMIF(BE!$B$5:$B$810,B23,BE!$C$5:$C$810) -> 0.30798791 | D23: =VLOOKUP(B23,BE!$B$5:$E$810,4,FALSE) -> Ton | E23: =VLOOKUP(B23,'M&L Rate'!$B$7:$J$159,4,FALSE) -> 3450000 | F23: =D23 -> Ton | G23: =E23*C23 -> 1062558.3
A24: 19 | B24: Binding Wire | C24: =SUMIF(BE!$B$5:$B$810,B24,BE!$C$5:$C$810) -> 74.780714 | D24: =VLOOKUP(B24,BE!$B$5:$E$810,4,FALSE) -> Viss | E24: =VLOOKUP(B24,'M&L Rate'!$B$7:$J$159,4,FALSE) -> 9200 | F24: =D24 -> Viss | G24: =E24*C24 -> 687982.57 | H24: P-18, No.36
A25: 20 | B25: Putty | C25: =SUMIF(BE!$B$5:$B$810,B25,BE!$C$5:$C$810) -> 37 | D25: =VLOOKUP(B25,BE!$B$5:$E$810,4,FALSE) -> Bags | E25: =VLOOKUP(B25,'M&L Rate'!$B$7:$J$159,4,FALSE) -> 24000 | F25: =D25 -> Bags | G25: =E25*C25 -> 888000
A26: 21 | B26: Sealer | C26: =SUMIF(BE!$B$5:$B$810,B26,BE!$C$5:$C$810) -> 28.73 | D26: =VLOOKUP(B26,BE!$B$5:$E$810,4,FALSE) -> Gal | E26: =VLOOKUP(B26,'M&L Rate'!$B$7:$J$159,4,FALSE) -> 130200 | F26: =D26 -> Gal | G26: =E26*C26 -> 3740646
A27: 22 | B27: Sand Paper | C27: =SUMIF(BE!$B$5:$B$810,B27,BE!$C$5:$C$810) -> 34.38 | D27: =VLOOKUP(B27,BE!$B$5:$E$810,4,FALSE) -> Doz | E27: =VLOOKUP(B27,'M&L Rate'!$B$7:$J$159,4,FALSE) -> 21600 | F27: =D27 -> Doz | G27: =E27*C27 -> 742608
A28: 23 | B28: Putty Towel | C28: =SUMIF(BE!$B$5:$B$810,B28,BE!$C$5:$C$810) -> 28.73 | D28: =VLOOKUP(B28,BE!$B$5:$E$810,4,FALSE) -> Nos. | E28: =VLOOKUP(B28,'M&L Rate'!$B$7:$J$159,4,FALSE) -> 2000 | F28: =D28 -> Nos. | G28: =E28*C28 -> 57460
A29: 24 | B29: Emulsion Paint | C29: =SUMIF(BE!$B$5:$B$810,B29,BE!$C$5:$C$810) -> 46.16 | D29: =VLOOKUP(B29,BE!$B$5:$E$810,4,FALSE) -> Gal | E29: =VLOOKUP(B29,'M&L Rate'!$B$7:$J$159,4,FALSE) -> 109000 | F29: =D29 -> Gal | G29: =E29*C29 -> 5031440
A30: 25 | B30: Roller | C30: =SUMIF(BE!$B$5:$B$810,B30,BE!$C$5:$C$810) -> 35.03 | D30: =VLOOKUP(B30,BE!$B$5:$E$810,4,FALSE) -> Nos. | E30: =VLOOKUP(B30,'M&L Rate'!$B$7:$J$159,4,FALSE) -> 7500 | F30: =D30 -> Nos. | G30: =E30*C30 -> 262725
A31: 26 | B31: T Rental Charges | C31: =SUMIF(BE!$B$5:$B$810,B31,BE!$C$5:$C$810) -> 185.5 | D31: =VLOOKUP(B31,BE!$B$5:$E$810,4,FALSE) -> Nos. | E31: =VLOOKUP(B31,'M&L Rate'!$B$7:$J$159,4,FALSE) -> 90 | F31: =D31 -> Nos. | G31: =E31*C31 -> 16695
A32: 27 | B32: Concrete Nail | C32: =SUMIF(BE!$B$5:$B$810,B32,BE!$C$5:$C$810) -> 12.37 | D32: =VLOOKUP(B32,BE!$B$5:$E$810,4,FALSE) -> Box | E32: =VLOOKUP(B32,'M&L Rate'!$B$7:$J$159,4,FALSE) -> 8500 | F32: =D32 -> Box | G32: =E32*C32 -> 105145
A33: 28 | B33: Bamboo | C33: =SUMIF(BE!$B$5:$B$810,B33,BE!$C$5:$C$810) -> 406.67 | D33: =VLOOKUP(B33,BE!$B$5:$E$810,4,FALSE) -> Nos. | E33: =VLOOKUP(B33,'M&L Rate'!$B$7:$J$159,4,FALSE) -> 1750 | F33: =D33 -> Nos. | G33: =E33*C33 -> 711672.5 | H33: P-18, No.37
A34: 29 | B34: Coir Yarn | C34: =SUMIF(BE!$B$5:$B$810,B34,BE!$C$5:$C$810) -> 29.23 | D34: =VLOOKUP(B34,BE!$B$5:$E$810,4,FALSE) -> Viss | E34: =VLOOKUP(B34,'M&L Rate'!$B$7:$J$159,4,FALSE) -> 16000 | F34: =D34 -> Viss | G34: =E34*C34 -> 467680 | H34: P-18, No.38
A35: 30 | B35: 4"x2" Hollow (1.4mm thk;) | C35: =SUMIF(BE!$B$5:$B$810,B35,BE!$C$5:$C$810) -> 55 | D35: =VLOOKUP(B35,BE!$B$5:$E$810,4,FALSE) -> Nos. | E35: =VLOOKUP(B35,'M&L Rate'!$B$7:$J$159,4,FALSE) -> 61500 | F35: =D35 -> Nos. | G35: =E35*C35 -> 3382500 | I35: =C35/20 -> 2.75
A36: 31 | B36: 3"x1½" Hollow (1.2mm thk;) | C36: =SUMIF(BE!$B$5:$B$810,B36,BE!$C$5:$C$810) -> 67 | D36: =VLOOKUP(B36,BE!$B$5:$E$810,4,FALSE) -> Nos. | E36: =VLOOKUP(B36,'M&L Rate'!$B$7:$J$159,4,FALSE) -> 45000 | F36: =D36 -> Nos. | G36: =E36*C36 -> 3015000 | I36: =C36/20 -> 3.35
A37: 32 | B37: 2"x2" Angle | C37: =SUMIF(BE!$B$5:$B$810,B37,BE!$C$5:$C$810) -> 2 | D37: =VLOOKUP(B37,BE!$B$5:$E$810,4,FALSE) -> Nos. | E37: =VLOOKUP(B37,'M&L Rate'!$B$7:$J$159,4,FALSE) -> 57000 | F37: =D37 -> Nos. | G37: =E37*C37 -> 114000
A38: 33 | B38: No.12 Welding Rod | C38: =SUMIF(BE!$B$5:$B$810,B38,BE!$C$5:$C$810) -> 24 | D38: =VLOOKUP(B38,BE!$B$5:$E$810,4,FALSE) -> Pkt. | E38: =VLOOKUP(B38,'M&L Rate'!$B$7:$J$159,4,FALSE) -> 27000 | F38: =D38 -> Pkt. | G38: =E38*C38 -> 648000
A39: 34 | B39: 4" Cutting Wheel | C39: =SUMIF(BE!$B$5:$B$810,B39,BE!$C$5:$C$810) -> 156 | D39: =VLOOKUP(B39,BE!$B$5:$E$810,4,FALSE) -> Nos. | E39: =VLOOKUP(B39,'M&L Rate'!$B$7:$J$159,4,FALSE) -> 2000 | F39: =D39 -> Nos. | G39: =E39*C39 -> 312000
A40: 35 | B40: 4" Grinder Wheel | C40: =SUMIF(BE!$B$5:$B$810,B40,BE!$C$5:$C$810) -> 16 | D40: =VLOOKUP(B40,BE!$B$5:$E$810,4,FALSE) -> Nos. | E40: =VLOOKUP(B40,'M&L Rate'!$B$7:$J$159,4,FALSE) -> 7400 | F40: =D40 -> Nos. | G40: =E40*C40 -> 118400
A41: 36 | B41: Red Oxide | C41: =SUMIF(BE!$B$5:$B$810,B41,BE!$C$5:$C$810) -> 6.3 | D41: =VLOOKUP(B41,BE!$B$5:$E$810,4,FALSE) -> Gal | E41: =VLOOKUP(B41,'M&L Rate'!$B$7:$J$159,4,FALSE) -> 95000 | F41: =D41 -> Gal | G41: =E41*C41 -> 598500
A42: 37 | B42: Tinder | C42: =SUMIF(BE!$B$5:$B$810,B42,BE!$C$5:$C$810) -> 6.3 | D42: =VLOOKUP(B42,BE!$B$5:$E$810,4,FALSE) -> Gal | E42: =VLOOKUP(B42,'M&L Rate'!$B$7:$J$159,4,FALSE) -> 34000 | F42: =D42 -> Gal | G42: =E42*C42 -> 214200
A43: 38 | B43: 4-Angle Sheet | C43: =SUMIF(BE!$B$5:$B$810,B43,BE!$C$5:$C$810) -> 1104.5 | D43: =VLOOKUP(B43,BE!$B$5:$E$810,4,FALSE) -> Rft | E43: =VLOOKUP(B43,'M&L Rate'!$B$7:$J$159,4,FALSE) -> 4945 | F43: =D43 -> Rft | G43: =E43*C43 -> 5461752.5
A44: 39 | B44: Roofing Nail | C44: =SUMIF(BE!$B$5:$B$810,B44,BE!$C$5:$C$810) -> 9.2 | D44: =VLOOKUP(B44,BE!$B$5:$E$810,4,FALSE) -> Viss | E44: =VLOOKUP(B44,'M&L Rate'!$B$7:$J$159,4,FALSE) -> 18500 | F44: =D44 -> Viss | G44: =E44*C44 -> 170200
A45: 40 | B45: Silicon | C45: =SUMIF(BE!$B$5:$B$810,B45,BE!$C$5:$C$810) -> 9 | D45: =VLOOKUP(B45,BE!$B$5:$E$810,4,FALSE) -> Nos. | E45: =VLOOKUP(B45,'M&L Rate'!$B$7:$J$159,4,FALSE) -> 8500 | F45: =D45 -> Nos. | G45: =E45*C45 -> 76500
A46: 41 | B46: 6"x1" Shera Board (M+L) | C46: =SUMIF(BE!$B$5:$B$810,B46,BE!$C$5:$C$810) -> 214.2 | D46: =VLOOKUP(B46,BE!$B$5:$E$810,4,FALSE) -> Rft | E46: =VLOOKUP(B46,'M&L Rate'!$B$7:$J$159,4,FALSE) -> 2400 | F46: =D46 -> Rft | G46: =E46*C46 -> 514080 | I46: =19*12 -> 228
A47: 42 | B47: Galvd. Iron ridge with GI Screws | C47: =SUMIF(BE!$B$5:$B$810,B47,BE!$C$5:$C$810) -> 205.44 | D47: =VLOOKUP(B47,BE!$B$5:$E$810,4,FALSE) -> Rft | E47: =VLOOKUP(B47,'M&L Rate'!$B$7:$J$159,4,FALSE) -> 3100 | F47: =D47 -> Rft | G47: =E47*C47 -> 636864
A48: 43 | B48: Moisture Resistance Gypsum Board | C48: =SUMIF(BE!$B$5:$B$810,B48,BE!$C$5:$C$810) -> 24.58 | D48: =VLOOKUP(B48,BE!$B$5:$E$810,4,FALSE) -> Sht | E48: =VLOOKUP(B48,'M&L Rate'!$B$7:$J$159,4,FALSE) -> 72500 | F48: =D48 -> Sht | G48: =E48*C48 -> 1782050
A49: 44 | B49: Gypsum Board | C49: =SUMIF(BE!$B$5:$B$810,B49,BE!$C$5:$C$810) -> 56.6 | D49: =VLOOKUP(B49,BE!$B$5:$E$810,4,FALSE) -> Sht | E49: =VLOOKUP(B49,'M&L Rate'!$B$7:$J$159,4,FALSE) -> 40000 | F49: =D49 -> Sht | G49: =E49*C49 -> 2264000
A50: 45 | B50: L Bar | C50: =SUMIF(BE!$B$5:$B$810,B50,BE!$C$5:$C$810) -> 80 | D50: =VLOOKUP(B50,BE!$B$5:$E$810,4,FALSE) -> Nos. | E50: =VLOOKUP(B50,'M&L Rate'!$B$7:$J$159,4,FALSE) -> 1550 | F50: =D50 -> Nos. | G50: =E50*C50 -> 124000
A51: 46 | B51: C Channel | C51: =SUMIF(BE!$B$5:$B$810,B51,BE!$C$5:$C$810) -> 481.95 | D51: =VLOOKUP(B51,BE!$B$5:$E$810,4,FALSE) -> Nos. | E51: =VLOOKUP(B51,'M&L Rate'!$B$7:$J$159,4,FALSE) -> 3500 | F51: =D51 -> Nos. | G51: =E51*C51 -> 1686825
A52: 47 | B52: No.7 Wall Plug | C52: =SUMIF(BE!$B$5:$B$810,B52,BE!$C$5:$C$810) -> 1.95 | D52: =VLOOKUP(B52,BE!$B$5:$E$810,4,FALSE) -> Box | E52: =VLOOKUP(B52,'M&L Rate'!$B$7:$J$159,4,FALSE) -> 8000 | F52: =D52 -> Box | G52: =E52*C52 -> 15600
A53: 48 | B53: 1" Black Screw | C53: =SUMIF(BE!$B$5:$B$810,B53,BE!$C$5:$C$810) -> 21 | D53: =VLOOKUP(B53,BE!$B$5:$E$810,4,FALSE) -> Box | E53: =VLOOKUP(B53,'M&L Rate'!$B$7:$J$159,4,FALSE) -> 16000 | F53: =D53 -> Box | G53: =E53*C53 -> 336000
A54: 49 | B54: 1½" Steel Screw | C54: =SUMIF(BE!$B$5:$B$810,B54,BE!$C$5:$C$810) -> 3.55 | D54: =VLOOKUP(B54,BE!$B$5:$E$810,4,FALSE) -> Box | E54: =VLOOKUP(B54,'M&L Rate'!$B$7:$J$159,4,FALSE) -> 37500 | F54: =D54 -> Box | G54: =E54*C54 -> 133125
A55: 50 | B55: ⅝" Button Screw | C55: =SUMIF(BE!$B$5:$B$810,B55,BE!$C$5:$C$810) -> 1.95 | D55: =VLOOKUP(B55,BE!$B$5:$E$810,4,FALSE) -> Box | E55: =VLOOKUP(B55,'M&L Rate'!$B$7:$J$159,4,FALSE) -> 34000 | F55: =D55 -> Box | G55: =E55*C55 -> 66300
A56: 51 | B56: Eco Wood | C56: =SUMIF(BE!$B$5:$B$810,B56,BE!$C$5:$C$810) -> 12.16 | D56: =VLOOKUP(B56,BE!$B$5:$E$810,4,FALSE) -> Nos. | E56: =VLOOKUP(B56,'M&L Rate'!$B$7:$J$159,4,FALSE) -> 30000 | F56: =D56 -> Nos. | G56: =E56*C56 -> 364800
A57: 52 | B57: Eco Wood L Bar | C57: =SUMIF(BE!$B$5:$B$810,B57,BE!$C$5:$C$810) -> 6 | D57: =VLOOKUP(B57,BE!$B$5:$E$810,4,FALSE) -> Nos. | E57: =VLOOKUP(B57,'M&L Rate'!$B$7:$J$159,4,FALSE) -> 15000 | F57: =D57 -> Nos. | G57: =E57*C57 -> 90000
A58: 53 | B58: Ecowood Clip | C58: =SUMIF(BE!$B$5:$B$810,B58,BE!$C$5:$C$810) -> 72.95 | D58: =VLOOKUP(B58,BE!$B$5:$E$810,4,FALSE) -> Nos. | E58: =VLOOKUP(B58,'M&L Rate'!$B$7:$J$159,4,FALSE) -> 500 | F58: =D58 -> Nos. | G58: =E58*C58 -> 36475
... A62: 57 | B62: Ceiling White | C62: =SUMIF(BE!$B$5:$B$810,B62,BE!$C$5:$C$810) -> 11.3 | D62: =VLOOKUP(B62,BE!$B$5:$E$810,4,FALSE) -> Gal | E62: =VLOOKUP(B62,'M&L Rate'!$B$7:$J$159,4,FALSE) -> 80600 | F62: =D62 -> Gal | G62: =E62*C62 -> 910780
A63: 58 | B63: =BE!B702 -> 5"x3" Chowket | C63: =SUMIF(BE!$B$5:$B$810,B63,BE!$C$5:$C$810) -> 58.46 | D63: =VLOOKUP(B63,BE!$B$5:$E$810,4,FALSE) -> Rft | E63: =VLOOKUP(B63,'M&L Rate'!$B$7:$J$159,4,FALSE) -> 16500 | F63: =D63 -> Rft | G63: =E63*C63 -> 964590 | H63: P-18, No.39
A64: 59 | B64: =BE!B703 -> 5"x2" Chowket | C64: =SUMIF(BE!$B$5:$B$810,B64,BE!$C$5:$C$810) -> 139.31 | D64: =VLOOKUP(B64,BE!$B$5:$E$810,4,FALSE) -> Rft | E64: =VLOOKUP(B64,'M&L Rate'!$B$7:$J$159,4,FALSE) -> 10500 | F64: =D64 -> Rft | G64: =E64*C64 -> 1462755 | H64: P-18, No.39
A65: 60 | B65: Bracket | C65: =SUMIF(BE!$B$5:$B$810,B65,BE!$C$5:$C$810) -> 120 | D65: =VLOOKUP(B65,BE!$B$5:$E$810,4,FALSE) -> Nos. | E65: =VLOOKUP(B65,'M&L Rate'!$B$7:$J$159,4,FALSE) -> 350 | F65: =D65 -> Nos. | G65: =E65*C65 -> 42000
A66: 61 | B66: Coal Tar | C66: =SUMIF(BE!$B$5:$B$810,B66,BE!$C$5:$C$810) -> 1.88 | D66: =VLOOKUP(B66,BE!$B$5:$E$810,4,FALSE) -> Nos. | E66: =VLOOKUP(B66,'M&L Rate'!$B$7:$J$159,4,FALSE) -> 7800 | F66: =D66 -> Nos. | G66: =E66*C66 -> 14664
A67: 62 | B67: Hardwood Door | C67: =SUMIF(BE!$B$5:$B$810,B67,BE!$C$5:$C$810) -> 267.18 | D67: =VLOOKUP(B67,BE!$B$5:$E$810,4,FALSE) -> Sft | E67: =VLOOKUP(B67,'M&L Rate'!$B$7:$J$159,4,FALSE) -> 43000 | F67: =D67 -> Sft | G67: =E67*C67 -> 11488740
A68: 63 | B68: 5" Hinge | C68: =SUMIF(BE!$B$5:$B$810,B68,BE!$C$5:$C$810) -> 48 | D68: =VLOOKUP(B68,BE!$B$5:$E$810,4,FALSE) -> Nos. | E68: =VLOOKUP(B68,'M&L Rate'!$B$7:$J$159,4,FALSE) -> 3900 | F68: =D68 -> Nos. | G68: =E68*C68 -> 187200
A69: 64 | B69: Screw | C69: =SUMIF(BE!$B$5:$B$810,B69,BE!$C$5:$C$810) -> 192 | D69: =VLOOKUP(B69,BE!$B$5:$E$810,4,FALSE) -> Nos. | E69: =VLOOKUP(B69,'M&L Rate'!$B$7:$J$159,4,FALSE) -> 100 | F69: =D69 -> Nos. | G69: =E69*C69 -> 19200
A70: 65 | B70: Handle Lock | C70: =SUMIF(BE!$B$5:$B$810,B70,BE!$C$5:$C$810) -> 8 | D70: =VLOOKUP(B70,BE!$B$5:$E$810,4,FALSE) -> Nos. | E70: =VLOOKUP(B70,'M&L Rate'!$B$7:$J$159,4,FALSE) -> 85000 | F70: =D70 -> Nos. | G70: =E70*C70 -> 680000
A71: 66 | B71: Main Door Lock Set | C71: =SUMIF(BE!$B$5:$B$810,B71,BE!$C$5:$C$810) -> 2 | D71: =VLOOKUP(B71,BE!$B$5:$E$810,4,FALSE) -> Set | E71: =VLOOKUP(B71,'M&L Rate'!$B$7:$J$159,4,FALSE) -> 1400000 | F71: =D71 -> Set | G71: =E71*C71 -> 2800000
A72: 67 | B72: Wood Oil (Two Coat) | C72: =SUMIF(BE!$B$5:$B$810,B72,BE!$C$5:$C$810) -> 23.45 | D72: =VLOOKUP(B72,BE!$B$5:$E$810,4,FALSE) -> Lit | E72: =VLOOKUP(B72,'M&L Rate'!$B$7:$J$159,4,FALSE) -> 6500 | F72: =D72 -> Lit | G72: =E72*C72 -> 152425
A73: 68 | B73: Turpentine | C73: =SUMIF(BE!$B$5:$B$810,B73,BE!$C$5:$C$810) -> 1 | D73: =VLOOKUP(B73,BE!$B$5:$E$810,4,FALSE) -> Lit | E73: =VLOOKUP(B73,'M&L Rate'!$B$7:$J$159,4,FALSE) -> 19500 | F73: =D73 -> Lit | G73: =E73*C73 -> 19500
A74: 69 | B74: 506 Sealer | C74: =SUMIF(BE!$B$5:$B$810,B74,BE!$C$5:$C$810) -> 16.29 | D74: =VLOOKUP(B74,BE!$B$5:$E$810,4,FALSE) -> Lit | E74: =VLOOKUP(B74,'M&L Rate'!$B$7:$J$159,4,FALSE) -> 60900 | F74: =D74 -> Lit | G74: =E74*C74 -> 992061
A75: 70 | B75: Paint Brush | C75: =SUMIF(BE!$B$5:$B$810,B75,BE!$C$5:$C$810) -> 13.03 | D75: =VLOOKUP(B75,BE!$B$5:$E$810,4,FALSE) -> Nos. | E75: =VLOOKUP(B75,'M&L Rate'!$B$7:$J$159,4,FALSE) -> 3000 | F75: =D75 -> Nos. | G75: =E75*C75 -> 39090
A76: 71 | B76: Aluminium Window Work (M+L) | C76: =SUMIF(BE!$B$5:$B$810,B76,BE!$C$5:$C$810) -> 309.66 | D76: =VLOOKUP(B76,BE!$B$5:$E$810,4,FALSE) -> Sft | E76: =VLOOKUP(B76,'M&L Rate'!$B$7:$J$159,4,FALSE) -> 46000 | F76: =D76 -> Sft | G76: =E76*C76 -> 14244360
... A88: 83 | B88: Parquet | C88: =SUMIF(BE!$B$5:$B$810,B88,BE!$C$5:$C$810) -> 0 | D88: =VLOOKUP(B88,BE!$B$5:$E$810,4,FALSE) -> Nos. | E88: =VLOOKUP(B88,'M&L Rate'!$B$7:$J$159,4,FALSE) -> 3500 | F88: =D88 -> Nos. | G88: =E88*C88 -> 0
A89: 84 | B89: Skirting | D89: =VLOOKUP(B89,BE!$B$5:$E$810,4,FALSE) -> Rft | E89: =VLOOKUP(B89,'M&L Rate'!$B$7:$J$159,4,FALSE) -> 3600 | F89: =D89 -> Rft | G89: =E89*C89 -> 0
A90: 85 | B90: BHI Wood Filler | C90: =SUMIF(BE!$B$5:$B$810,B90,BE!$C$5:$C$810) -> 0 | D90: =VLOOKUP(B90,BE!$B$5:$E$810,4,FALSE) -> Lit | E90: =VLOOKUP(B90,'M&L Rate'!$B$7:$J$159,4,FALSE) -> 71600 | F90: =D90 -> Lit | G90: =E90*C90 -> 0
A91: 86 | B91: BHI Sealer | C91: =SUMIF(BE!$B$5:$B$810,B91,BE!$C$5:$C$810) -> 0 | D91: =VLOOKUP(B91,BE!$B$5:$E$810,4,FALSE) -> LIt | E91: =VLOOKUP(B91,'M&L Rate'!$B$7:$J$159,4,FALSE) -> 304500 | F91: =D91 -> LIt | G91: =E91*C91 -> 0
A92: 87 | B92: BHI Thinner | C92: =SUMIF(BE!$B$5:$B$810,B92,BE!$C$5:$C$810) -> 0 | D92: =VLOOKUP(B92,BE!$B$5:$E$810,4,FALSE) -> Box | E92: =VLOOKUP(B92,'M&L Rate'!$B$7:$J$159,4,FALSE) -> 148000 | F92: =D92 -> Box | G92: =E92*C92 -> 0
A93: 88 | B93: BHI Hardener | C93: =SUMIF(BE!$B$5:$B$810,B93,BE!$C$5:$C$810) -> 0 | D93: =VLOOKUP(B93,BE!$B$5:$E$810,4,FALSE) -> Box | E93: =VLOOKUP(B93,'M&L Rate'!$B$7:$J$159,4,FALSE) -> 45200 | F93: =D93 -> Box | G93: =E93*C93 -> 0
A94: 89 | B94: T4000 Lacquer | C94: =SUMIF(BE!$B$5:$B$810,B94,BE!$C$5:$C$810) -> 0 | D94: =VLOOKUP(B94,BE!$B$5:$E$810,4,FALSE) -> Box | E94: =VLOOKUP(B94,'M&L Rate'!$B$7:$J$159,4,FALSE) -> 260000 | F94: =D94 -> Box | G94: =E94*C94 -> 0
A95: 90 | B95: ATM Glue | C95: =SUMIF(BE!$B$5:$B$810,B95,BE!$C$5:$C$810) -> 0 | D95: =VLOOKUP(B95,BE!$B$5:$E$810,4,FALSE) -> Buck | E95: =VLOOKUP(B95,'M&L Rate'!$B$7:$J$159,4,FALSE) -> 380000 | F95: =D95 -> Buck | G95: =E95*C95 -> 0
A96: 91 | B96: 502 Glue | C96: =SUMIF(BE!$B$5:$B$810,B96,BE!$C$5:$C$810) -> 0 | D96: =VLOOKUP(B96,BE!$B$5:$E$810,4,FALSE) -> Box | E96: =VLOOKUP(B96,'M&L Rate'!$B$7:$J$159,4,FALSE) -> 2000 | F96: =D96 -> Box | G96: =E96*C96 -> 0
A97: 92 | B97: Sand Paper ( for parquet ) | C97: =SUMIF(BE!$B$5:$B$810,B97,BE!$C$5:$C$810) -> 0 | D97: =VLOOKUP(B97,BE!$B$5:$E$810,4,FALSE) -> Sht | E97: =VLOOKUP(B97,'M&L Rate'!$B$7:$J$159,4,FALSE) -> 1500 | F97: =D97 -> Sht | G97: =E97*C97 -> 0
A98: 93 | B98: Soft Brush | C98: =SUMIF(BE!$B$5:$B$810,B98,BE!$C$5:$C$810) -> 0 | D98: =VLOOKUP(B98,BE!$B$5:$E$810,4,FALSE) -> Nos. | E98: =VLOOKUP(B98,'M&L Rate'!$B$7:$J$159,4,FALSE) -> 2500 | F98: =D98 -> Nos. | G98: =E98*C98 -> 0
A99: 94 | B99: SPC | C99: =SUMIF(BE!$B$5:$B$810,B99,BE!$C$5:$C$810) -> 12.24 | D99: =VLOOKUP(B99,BE!$B$5:$E$810,4,FALSE) -> %Fs | E99: =VLOOKUP(B99,'M&L Rate'!$B$7:$J$159,4,FALSE) -> 630000 | F99: =D99 -> %Fs | G99: =E99*C99 -> 7711200
A100: 95 | B100: Architrave Work (M+L) | C100: =SUMIF(BE!$B$5:$B$810,B100,BE!$C$5:$C$810) -> 47.96 | D100: =VLOOKUP(B100,BE!$B$5:$E$810,4,FALSE) -> Rft | E100: =VLOOKUP(B100,'M&L Rate'!$B$7:$J$159,4,FALSE) -> 40000 | F100: =D100 -> Rft | G100: =E100*C100 -> 1918400 | I100: 1887000 | J100: =I100/C100 -> 39345.288
H101: P-18, No.43
B102: Total Material Cost | G102: =SUM(G5:G101) -> 1.7070056e+08 | I102: =BE!I811 -> 1.7070056e+08
I103: =G102-I102 -> 0
B104: Labour Cost
A105: 1 | B105: Surveyor | C105: =SUMIF(BE!$B$5:$B$810,B105,BE!$C$5:$C$810) -> 0.16 | D105: Nos. | E105: =VLOOKUP(B105,'M&L Rate'!$B$7:$J$159,9,FALSE) -> 30250 | F105: =D105 -> Nos. | G105: =E105*C105 -> 4840 | H105: P-1, No.1 | I105: =SUMIF(BE!$B$5:$B$810,B105,BE!$H$5:$H$810) -> 4840
A106: 2 | B106: Carpenter | C106: =SUMIF(BE!$B$5:$B$810,B106,BE!$C$5:$C$810) -> 616.77 | D106: Nos. | E106: =VLOOKUP(B106,'M&L Rate'!$B$7:$J$159,9,FALSE) -> 30250 | F106: =D106 -> Nos. | G106: =E106*C106 -> 18657292 | H106: P-1, No.1 | I106: =SUMIF(BE!$B$5:$B$810,B106,BE!$H$5:$H$810) -> 18657292
A107: 3 | B107: Mason | C107: =SUMIF(BE!$B$5:$B$810,B107,BE!$C$5:$C$810) -> 426.51 | D107: Nos. | E107: =VLOOKUP(B107,'M&L Rate'!$B$7:$J$159,9,FALSE) -> 30250 | F107: =D107 -> Nos. | G107: =E107*C107 -> 12901928 | H107: P-1, No.1 | I107: =SUMIF(BE!$B$5:$B$810,B107,BE!$H$5:$H$810) -> 12901928
A108: 4 | B108: Smith | C108: =SUMIF(BE!$B$5:$B$810,B108,BE!$C$5:$C$810) -> 171.41 | D108: Nos. | E108: =VLOOKUP(B108,'M&L Rate'!$B$7:$J$159,9,FALSE) -> 30250 | F108: =D108 -> Nos. | G108: =E108*C108 -> 5185152.5 | H108: P-1, No.1 | I108: =SUMIF(BE!$B$5:$B$810,B108,BE!$H$5:$H$810) -> 5185152.5
A109: 5 | B109: Painter | C109: =SUMIF(BE!$B$5:$B$810,B109,BE!$C$5:$C$810) -> 244.03 | D109: Nos. | E109: =VLOOKUP(B109,'M&L Rate'!$B$7:$J$159,9,FALSE) -> 30250 | F109: =D109 -> Nos. | G109: =E109*C109 -> 7381907.5 | H109: P-1, No.1 | I109: =SUMIF(BE!$B$5:$B$810,B109,BE!$H$5:$H$810) -> 7381907.5
A110: 6 | B110: Worker | C110: =SUMIF(BE!$B$5:$B$810,B110,BE!$C$5:$C$810) -> 1549.02 | D110: Nos. | E110: =VLOOKUP(B110,'M&L Rate'!$B$7:$J$159,9,FALSE) -> 21780 | F110: =D110 -> Nos. | G110: =E110*C110 -> 33737656 | H110: P-1, No.1 | I110: =SUMIF(BE!$B$5:$B$810,B110,BE!$H$5:$H$810) -> 33737656
A111: 7 | B111: Machine Driver | C111: =SUMIF(BE!$B$5:$B$810,B111,BE!$C$5:$C$810) -> 15.63 | D111: Nos. | E111: =VLOOKUP(B111,'M&L Rate'!$B$7:$J$159,9,FALSE) -> 30250 | F111: =D111 -> Nos. | G111: =E111*C111 -> 472807.5 | I111: =SUMIF(BE!$B$5:$B$810,B111,BE!$H$5:$H$810) -> 472807.5
A112: 8 | B112: Labour Cost for Steel Structure Fabrication and Erection Work | C112: =SUMIF(BE!$B$5:$B$810,B112,BE!$C$5:$C$810) -> 1575 | D112: =VLOOKUP(B112,BE!$B$5:$E$810,4,FALSE) -> Sft | E112: =VLOOKUP(B112,'M&L Rate'!$B$7:$J$159,9,FALSE) -> 3000 | F112: =D112 -> Sft | G112: =E112*C112 -> 4725000 | I112: =BE!#REF! -> #REF!
A113: 9 | B113: Labour Cost for Ceiling Work | C113: =SUMIF(BE!$B$5:$B$810,B113,BE!$C$5:$C$810) -> 2259 | D113: =VLOOKUP(B113,BE!$B$5:$E$810,4,FALSE) -> Sft | E113: =VLOOKUP(B113,'M&L Rate'!$B$7:$J$159,9,FALSE) -> 1000 | F113: =D113 -> Sft | G113: =E113*C113 -> 2259000
A114: 10 | B114: Labour Cost for Eco Wood Work | C114: =SUMIF(BE!$B$5:$B$810,B114,BE!$C$5:$C$810) -> 55 | D114: =VLOOKUP(B114,BE!$B$5:$E$810,4,FALSE) -> Sft | E114: =VLOOKUP(B114,'M&L Rate'!$B$7:$J$159,9,FALSE) -> 1350 | F114: =D114 -> Sft | G114: =E114*C114 -> 74250
...

Sheet BE
A1: =Detail!A1 -> One Storeyed RCC Building, Myat Lay Street
A2: =Detail!A2 -> 35'-0"x45'-0"x13'-0" Ht;
A3: Builder's Estimate
A4: No | B4: Particular | C4: Quantity | E4: Unit | F4: Rate(Kyats) | G4: Per | H4: Amount(Ks) | I4: Material | J4: Labour
A5: 1 | B5: Site Clearing | C5: =ROUND(D5,2) -> 24.75 | D5: =Detail!K11 -> 24.75 | E5: %Fs | H5: =H8 -> 134818.2
B6: Labour
B7: Worker | C7: =ROUND(D7,2) -> 6.19 | D7: =D5*0.25 -> 6.1875 | E7: No | F7: =VLOOKUP(B7,BQ!$B$6:$E$120,4,FALSE) -> 21780 | G7: No | H7: =F7*C7 -> 134818.2 | J7: =H7 -> 134818.2
F8: Total | G8: = | H8: =SUM(H7) -> 134818.2
A10: 2 | B10: Surveying & Levelling Work | C10: =ROUND(D10,2) -> 15.75 | D10: =Detail!K16 -> 15.75 | E10: %Fs | H10: =H20 -> 96977.9
B11: Material
B12: Jungle Wood | C12: =ROUND(D12,3) -> 0.024 | D12: =(C10/100*30/50/4) -> 0.023625 | E12: Ton | F12: =VLOOKUP(B12,BQ!$B$6:$E$111,4,FALSE) -> 1250000 | G12: No | H12: =F12*C12 -> 30000 | I12: =H12 -> 30000
B13: Nails | C13: =ROUND(D13,2) -> 0.33 | D13: =(C10/100*7.5)/3.6 -> 0.328125 | E13: viss | F13: =VLOOKUP(B13,BQ!$B$6:$E$111,4,FALSE) -> 11600 | G13: No | H13: =F13*C13 -> 3828 | I13: =H13 -> 3828
H14: =SUM(H12:H13) -> 33828
B15: Labour
B16: Surveyor | C16: =ROUND(D16,2) -> 0.16 | D16: =C10/100*1 -> 0.1575 | E16: No | F16: =VLOOKUP(B16,BQ!$B$6:$E$120,4,FALSE) -> 30250 | G16: No | H16: =F16*C16 -> 4840 | J16: =H16 -> 4840
B17: Carpenter | C17: =ROUND(D17,2) -> 0.79 | D17: =C10/100*5 -> 0.7875 | E17: No | F17: =VLOOKUP(B17,BQ!$B$6:$E$120,4,FALSE) -> 30250 | G17: No | H17: =F17*C17 -> 23897.5 | J17: =H17 -> 23897.5
B18: Worker | C18: =ROUND(D18,2) -> 1.58 | D18: =D10/100*10 -> 1.575 | E18: No | F18: =VLOOKUP(B18,BQ!$B$6:$E$120,4,FALSE) -> 21780 | G18: No | H18: =F18*C18 -> 34412.4 | J18: =H18 -> 34412.4
H19: =SUM(H16:H18) -> 63149.9
F20: Total | G20: = | H20: =H19+H14 -> 96977.9
A22: 3 | B22: Earthwork Excavation for foundation in medium soil | C22: =ROUND(D22,2) -> 56.07 | D22: =Detail!K43 -> 56.07123 | E22: %Fc | H22: =H25 -> 2442409.2
B23: Labour
B24: Worker | C24: =ROUND(D24,2) -> 112.14 | D24: =C22*2 -> 112.14 | E24: No | F24: =VLOOKUP(B24,BQ!$B$6:$E$120,4,FALSE) -> 21780 | G24: No | H24: =F24*C24 -> 2442409.2 | J24: =H24 -> 2442409.2
F25: Total | G25: = | H25: =SUM(H23:H24) -> 2442409.2
D26: =D39+D51+D63+D75+D87+D99+D111+D123+D135 -> 71.269812
A27: 4 | B27: Timber shuttering Formwork (3 Times) | C27: =ROUND(D27,2) -> 71.27 | D27: =Detail!K178 -> 71.269812 | E27: %Fs | H27: =H49+H61+H73+H85+H97+H109+H121+H133+H145 -> 34989192
B28: Material
B29: Jungle Wood | C29: =ROUND(D29,2) -> 0 | E29: Ton | F29: =VLOOKUP(B29,BQ!$B$6:$E$111,4,FALSE) -> 1250000 | G29: Ton | H29: =F29*C29 -> 0 | I29: =H29 -> 0
B30: 5 Ply Wood (8'x4') | C30: =ROUND(D30,2) -> 0 | E30: Sheet | F30: =VLOOKUP(B30,BQ!$B$6:$E$111,4,FALSE) -> 69000 | G30: Sheet | H30: =F30*C30 -> 0 | I30: =H30 -> 0
B31: Nails | C31: =ROUND(D31,2) -> 0 | E31: Viss | F31: =VLOOKUP(B31,BQ!$B$6:$E$111,4,FALSE) -> 11600 | G31: Viss | H31: =F31*C31 -> 0 | I31: =H31 -> 0
H32: =SUM(H29:H31) -> 0
B33: Labour
B34: Carpenter | C34: =ROUND(D34,2) -> 0 | E34: No | F34: =VLOOKUP(B34,BQ!$B$6:$E$120,4,FALSE) -> 30250 | G34: No | H34: =F34*C34 -> 0 | J34: =H34 -> 0
B35: Worker | C35: =ROUND(D35,2) -> 0 | E35: No | F35: =VLOOKUP(B35,BQ!$B$6:$E$120,4,FALSE) -> 21780 | G35: No | H35: =F35*C35 -> 0 | J35: =H35 -> 0
H36: =SUM(H34:H35) -> 0
F37: Total | G37: = | H37: =H36+H32 -> 0
B39: Footing Formwork | C39: =ROUND(D39,2) -> 4.4 | D39: =(Detail!K52+Detail!K76)/100 -> 4.401 | E39: %Fs | H39: =H49 -> 2163964.5
B40: Material
B41: Jungle Wood | C41: =ROUND(D41,2) -> 0.59 | D41: =(D39*20/50/3) -> 0.5868 | E41: Ton | F41: =VLOOKUP(B41,BQ!$B$6:$E$111,4,FALSE) -> 1250000 | G41: Ton | H41: =F41*C41 -> 737500 | I41: =H41 -> 737500
B42: 5 Ply Wood (8'x4') | C42: =ROUND(D42,2) -> 5.27 | D42: =D39*115/32/3 -> 5.2720312 | E42: Sheet | F42: =VLOOKUP(B42,BQ!$B$6:$E$111,4,FALSE) -> 69000 | G42: Sheet | H42: =F42*C42 -> 363630 | I42: =H42 -> 363630
B43: Nails | C43: =ROUND(D43,2) -> 6.23 | D43: =((D39*3)/3.6)*1.7 -> 6.23475 | E43: Viss | F43: =VLOOKUP(B43,BQ!$B$6:$E$111,4,FALSE) -> 11600 | G43: Viss | H43: =F43*C43 -> 72268 | I43: =H43 -> 72268
H44: =SUM(H41:H43) -> 1173398
B45: Labour
B46: Carpenter | C46: =ROUND(D46,2) -> 26.41 | D46: =D39*6 -> 26.406 | E46: No | F46: =VLOOKUP(B46,BQ!$B$6:$E$111,4,FALSE) -> 30250 | G46: No | H46: =F46*C46 -> 798902.5 | J46: =H46 -> 798902.5
B47: Worker | C47: =ROUND(D47,2) -> 8.8 | D47: =D39*2 -> 8.802 | E47: No | F47: =VLOOKUP(B47,BQ!$B$6:$E$111,4,FALSE) -> 21780 | G47: No | H47: =F47*C47 -> 191664 | J47: =H47 -> 191664
H48: =SUM(H46:H47) -> 990566.5
F49: Total | G49: = | H49: =H48+H44 -> 2163964.5
B51: Retaining Wall Formwork | C51: =ROUND(D51,2) -> 3.86 | D51: =Detail!K69/100 -> 3.858 | E51: %Fs | H51: =H61 -> 1888161.1
B52: Material
B53: Jungle Wood | C53: =ROUND(D53,2) -> 0.51 | D53: =(D51*20/50/3) -> 0.5144 | E53: Ton | F53: =VLOOKUP(B53,BQ!$B$6:$E$111,4,FALSE) -> 1250000 | G53: Ton | H53: =F53*C53 -> 637500 | I53: =H53 -> 637500
B54: 5 Ply Wood (8'x4') | C54: =ROUND(D54,2) -> 4.62 | D54: =D51*115/32/3 -> 4.6215625 | E54: Sheet | F54: =VLOOKUP(B54,BQ!$B$6:$E$111,4,FALSE) -> 69000 | G54: Sheet | H54: =F54*C54 -> 318780 | I54: =H54 -> 318780
B55: Nails | C55: =ROUND(D55,2) -> 5.47 | D55: =((D51*3)/3.6)*1.7 -> 5.4655 | E55: Viss | F55: =VLOOKUP(B55,BQ!$B$6:$E$111,4,FALSE) -> 11600 | G55: Viss | H55: =F55*C55 -> 63452 | I55: =H55 -> 63452
H56: =SUM(H53:H55) -> 1019732
B57: Labour
B58: Carpenter | C58: =ROUND(D58,2) -> 23.15 | D58: =D51*6 -> 23.148 | E58: No | F58: =VLOOKUP(B58,BQ!$B$6:$E$111,4,FALSE) -> 30250 | G58: No | H58: =F58*C58 -> 700287.5 | J58: =H58 -> 700287.5
B59: Worker | C59: =ROUND(D59,2) -> 7.72 | D59: =D51*2 -> 7.716 | E59: No | F59: =VLOOKUP(B59,BQ!$B$6:$E$111,4,FALSE) -> 21780 | G59: No | H59: =F59*C59 -> 168141.6 | J59: =H59 -> 168141.6
H60: =SUM(H58:H59) -> 868429.1
F61: Total | G61: = | H61: =H60+H56 -> 1888161.1
B63: Short Column Formwork | C63: =ROUND(D63,2) -> 4.93 | D63: =Detail!K84/100 -> 4.925852 | E63: %Fs | H63: =H73 -> 2421791
B64: Material
B65: Jungle Wood | C65: =ROUND(D65,2) -> 0.66 | D65: =(D63*20/50/3) -> 0.65678027 | E65: Ton | F65: =VLOOKUP(B65,BQ!$B$6:$E$111,4,FALSE) -> 1250000 | G65: Ton | H65: =F65*C65 -> 825000 | I65: =H65 -> 825000
B66: 5 Ply Wood (8'x4') | C66: =ROUND(D66,2) -> 5.9 | D66: =D63*115/32/3 -> 5.9007602 | E66: Sheet | F66: =VLOOKUP(B66,BQ!$B$6:$E$111,4,FALSE) -> 69000 | G66: Sheet | H66: =F66*C66 -> 407100 | I66: =H66 -> 407100
B67: Nails | C67: =ROUND(D67,2) -> 6.98 | D67: =((D63*3)/3.6)*1.7 -> 6.9782903 | E67: Viss | F67: =VLOOKUP(B67,BQ!$B$6:$E$111,4,FALSE) -> 11600 | G67: Viss | H67: =F67*C67 -> 80968 | I67: =H67 -> 80968
H68: =SUM(H65:H67) -> 1313068
B69: Labour
B70: Carpenter | C70: =ROUND(D70,2) -> 29.56 | D70: =D63*6 -> 29.555112 | E70: No | F70: =VLOOKUP(B70,BQ!$B$6:$E$111,4,FALSE) -> 30250 | G70: No | H70: =F70*C70 -> 894190 | J70: =H70 -> 894190
B71: Worker | C71: =ROUND(D71,2) -> 9.85 | D71: =D63*2 -> 9.851704 | E71: No | F71: =VLOOKUP(B71,BQ!$B$6:$E$111,4,FALSE) -> 21780 | G71: No | H71: =F71*C71 -> 214533 | J71: =H71 -> 214533
H72: =SUM(H70:H71) -> 1108723
F73: Total | G73: = | H73: =H72+H68 -> 2421791
B75: Ground Floor Column Formwork | C75: =ROUND(D75,2) -> 12.91 | D75: =Detail!K89/100 -> 12.9148 | E75: %Fs | H75: =H85 -> 6336359.9
B76: Material
B77: Jungle Wood | C77: =ROUND(D77,2) -> 1.72 | D77: =(D75*20/50/3) -> 1.7219733 | E77: Ton | F77: =VLOOKUP(B77,BQ!$B$6:$E$111,4,FALSE) -> 1250000 | G77: Ton | H77: =F77*C77 -> 2150000 | I77: =H77 -> 2150000
B78: 5 Ply Wood (8'x4') | C78: =ROUND(D78,2) -> 15.47 | D78: =D75*115/32/3 -> 15.470854 | E78: Sheet | F78: =VLOOKUP(B78,BQ!$B$6:$E$111,4,FALSE) -> 69000 | G78: Sheet | H78: =F78*C78 -> 1067430 | I78: =H78 -> 1067430
B79: Nails | C79: =ROUND(D79,2) -> 18.3 | D79: =((D75*3)/3.6)*1.7 -> 18.295967 | E79: Viss | F79: =VLOOKUP(B79,BQ!$B$6:$E$111,4,FALSE) -> 11600 | G79: Viss | H79: =F79*C79 -> 212280 | I79: =H79 -> 212280
H80: =SUM(H77:H79) -> 3429710
B81: Labour
B82: Carpenter | C82: =ROUND(D82,2) -> 77.49 | D82: =D75*6 -> 77.4888 | E82: No | F82: =VLOOKUP(B82,BQ!$B$6:$E$111,4,FALSE) -> 30250 | G82: No | H82: =F82*C82 -> 2344072.5 | J82: =H82 -> 2344072.5
B83: Worker | C83: =ROUND(D83,2) -> 25.83 | D83: =D75*2 -> 25.8296 | E83: No | F83: =VLOOKUP(B83,BQ!$B$6:$E$111,4,FALSE) -> 21780 | G83: No | H83: =F83*C83 -> 562577.4 | J83: =H83 -> 562577.4
H84: =SUM(H82:H83) -> 2906649.9
F85: Total | G85: = | H85: =H84+H80 -> 6336359.9
B87: Ground Beam Formwork | C87: =ROUND(D87,2) -> 7.92 | D87: =Detail!K119/100 -> 7.921656 | E87: %Fs | H87: =H97 -> 3892739.7
B88: Material
B89: Jungle Wood | C89: =ROUND(D89,2) -> 1.06 | D89: =(D87*20/50/3) -> 1.0562208 | E89: Ton | F89: =VLOOKUP(B89,BQ!$B$6:$E$111,4,FALSE) -> 1250000 | G89: Ton | H89: =F89*C89 -> 1325000 | I89: =H89 -> 1325000
B90: 5 Ply Wood (8'x4') | C90: =ROUND(D90,2) -> 9.49 | D90: =D87*115/32/3 -> 9.4894837 | E90: Sheet | F90: =VLOOKUP(B90,BQ!$B$6:$E$111,4,FALSE) -> 69000 | G90: Sheet | H90: =F90*C90 -> 654810 | I90: =H90 -> 654810
B91: Nails | C91: =ROUND(D91,2) -> 11.22 | D91: =((D87*3)/3.6)*1.7 -> 11.222346 | E91: Viss | F91: =VLOOKUP(B91,BQ!$B$6:$E$111,4,FALSE) -> 11600 | G91: Viss | H91: =F91*C91 -> 130152 | I91: =H91 -> 130152
H92: =SUM(H89:H91) -> 2109962
B93: Labour
B94: Carpenter | C94: =ROUND(D94,2) -> 47.53 | D94: =D87*6 -> 47.529936 | E94: No | F94: =VLOOKUP(B94,BQ!$B$6:$E$111,4,FALSE) -> 30250 | G94: No | H94: =F94*C94 -> 1437782.5 | J94: =H94 -> 1437782.5
B95: Worker | C95: =ROUND(D95,2) -> 15.84 | D95: =D87*2 -> 15.843312 | E95: No | F95: =VLOOKUP(B95,BQ!$B$6:$E$111,4,FALSE) -> 21780 | G95: No | H95: =F95*C95 -> 344995.2 | J95: =H95 -> 344995.2
H96: =SUM(H94:H95) -> 1782777.7
F97: Total | G97: = | H97: =H96+H92 -> 3892739.7
B99: Roof Beam Formwork | C99: =ROUND(D99,2) -> 12.41 | D99: =Detail!K140/100 -> 12.413726 | E99: %Fs | H99: =H109 -> 6098891.4
B100: Material
B101: Jungle Wood | C101: =ROUND(D101,2) -> 1.66 | D101: =(D99*20/50/3) -> 1.6551635 | E101: Ton | F101: =VLOOKUP(B101,BQ!$B$6:$E$111,4,FALSE) -> 1250000 | G101: Ton | H101: =F101*C101 -> 2075000 | I101: =H101 -> 2075000
B102: 5 Ply Wood (8'x4') | C102: =ROUND(D102,2) -> 14.87 | D102: =D99*115/32/3 -> 14.870609 | E102: Sheet | F102: =VLOOKUP(B102,BQ!$B$6:$E$111,4,FALSE) -> 69000 | G102: Sheet | H102: =F102*C102 -> 1026030 | I102: =H102 -> 1026030
B103: Nails | C103: =ROUND(D103,2) -> 17.59 | D103: =((D99*3)/3.6)*1.7 -> 17.586112 | E103: Viss | F103: =VLOOKUP(B103,BQ!$B$6:$E$111,4,FALSE) -> 11600 | G103: Viss | H103: =F103*C103 -> 204044 | I103: =H103 -> 204044
H104: =SUM(H101:H103) -> 3305074
B105: Labour
B106: Carpenter | C106: =ROUND(D106,2) -> 74.48 | D106: =D99*6 -> 74.482356 | E106: No | F106: =VLOOKUP(B106,BQ!$B$6:$E$111,4,FALSE) -> 30250 | G106: No | H106: =F106*C106 -> 2253020 | J106: =H106 -> 2253020
B107: Worker | C107: =ROUND(D107,2) -> 24.83 | D107: =D99*2 -> 24.827452 | E107: No | F107: =VLOOKUP(B107,BQ!$B$6:$E$111,4,FALSE) -> 21780 | G107: No | H107: =F107*C107 -> 540797.4 | J107: =H107 -> 540797.4
H108: =SUM(H106:H107) -> 2793817.4
...

Sheet Price
A1: 119'-0" x 79'-0" x 71' -5"(8 Unit 6 Storyed)
A2: PRICE
A3: No | B3: Particular | C3: Unit | D3: Original
A4: 1 | B4: Cement | C4: Bag | D4: 5390
A5: 2 | B5: R/Sand | C5: Sud | D5: 12000
A6: 3 | B6: RSA | C6: Sud | D6: 35500
A7: 4 | B7: Jungle Wood | C7: Ton | D7: 680000
A8: 5 | B8: 5 Ply Wood ( 8'x4' ) | C8: Sht | D8: 20000 | F8: =23*110 -> 2530 | G8: =5.5*5 -> 27.5
A9: 6 | B9: Nails | C9: lb | D9: 700 | G9: =G8/7 -> 3.9285714 | H9: 90
A10: 9 | B10: Brick | C10: No | D10: 90
A11: 10 | B11: Reinforcement ( X met 2½ wide ) | C11: Rft | D11: 85
A12: 12 | B12: Ø25 mm MS Rod | C12: Ton | D12: 750000
A13: 13 | B13: Ø20 mm MS Rod | C13: Ton | D13: 750000
A14: 14 | B14: Ø18 mm MS Rod | C14: Ton | D14: 750000
A15: 15 | B15: Ø16 mm MS Rod | C15: Ton | D15: 750000
A16: 16 | B16: Ø12mm MS Rod | C16: Ton | D16: 750000
A17: 17 | B17: Ø10mm MS Rod | C17: Ton | D17: 750000
A18: 18 | B18: Ø6.5mm MS Rod | C18: Ton | D18: 850000
A19: 19 | B19: Binding Wire | C19: Lbs | D19: 1400
A20: 20 | B20: Putty | C20: Gal | D20: 5500
A21: 21 | B21: Sand Paper | C21: Doz | D21: 3600
... A52: 52 | B52: Teak Door including painting | C52: Sft | D52: 8000
A53: 53 | B53: Timber Louver Door | C53: Sft
A54: 54 | B54: Aluminium Window (M+L) | C54: Sft | D54: 5500
A55: 55 | B55: Aluminium Louver Window (M+L) | C55: Sft | D55: 4500
A56: 56 | B56: Iron Grille Work (M+L) | C56: Sft
A57: 57 | B57: Shera Board Ceiling ( Including Painting ) | C57: Sft
A58: 58 | B58: Steel Handrail (M+L) | C58: Sft | D58: 3000
A59: No | B59: Particular | C59: Unit | D59: Rate( Kyats )
B60: Labour
A61: 1 | B61: Mason | C61: No | D61: 5500
A62: 2 | B62: Surveyor | C62: No | D62: 5500
A63: 3 | B63: Carpenter | C63: No | D63: 5500
A64: 4 | B64: Painter | C64: No | D64: 5500
A65: 6 | B65: Worker | C65: No | D65: 4500

Sheet Sheet2
E12: =11.81*40 -> 472.4 | F12: 5000 | G12: =F12*E12 -> 2362000
E13: =22.97*40 -> 918.8 | F13: 4500 | G13: =F13*E13 -> 4134600
E14: =34.13*80 -> 2730.4 | F14: 5800 | G14: =F14*E14 -> 15836320
E15: =40*11.81 -> 472.4 | F15: 4500 | G15: =F15*E15 -> 2125800
E16: =SUM(E12:E15) -> 4594 | G16: =SUM(G12:G15) -> 24458720 | I16: =24000000+6279030+2000000 -> 32279030
I17: =I16*0.07 -> 2259532.1
E18: =E16-4200 -> 394
E19: =E18*5800 -> 2285200

Sheet Sheet3
A1: rdw¬Dvmc&dkif? 0rf;wGif;jrdKU (4)cef;wGJ(3)xyf
A2: =#REF! -> #REF!
A3: Labour Cost
A4: No | B4: Particular | C4: Labour Cost | F4: PAE
A5: 1 | B5: Main Building | C5: 146085795
A6: 2 | B6: Pump House | C6: 127121
A7: 3 | B7: Apron & Drain | C7: 1634960
A8: 4 | B8: Ground Tank (8000 Gals) | C8: 1058270
A9: 5 | B9: Septic Tank (For 200 persons) | C9: 743480
B10: Total | C10: =SUM(C5:C9) -> 149649626
J11: =10/1.5 -> 6.6666667
B14: =#REF!+#REF!+C5 -> #REF!
C15: =B14/27625 -> #REF!
E16: =31*14*2 -> 868

Sheet Sheet4
A1: 12 | B1: 4½ thk; Brick Work in (1:3) Cement Mortar
B2: Ground Floor
B3: Line A to K | E3: 11 | F3: =48-5*1 -> 43 | H3: =11.25-1.17 -> 10.08 | J3: =H3*F3*E3 -> 4767.84
B4: Line 2,7 | E4: 2 | F4: =(12.25*8)-(8*1) -> 90 | H4: =11.25-1.17 -> 10.08 | J4: =H4*F4*E4 -> 1814.4 | K4: =48-(5*1.17) -> 42.15 | L4: =2*42.15*9 -> 758.7 | M4: =L4-292.68 -> 466.02
B5: Line 3,6 | D5: 2 | E5: 4 | F5: =12.25-(4*1) -> 8.25 | H5: =11.25-1.17 -> 10.08 | J5: =H5*F5*E5*D5 -> 665.28 | L5: =4*42.15*9 -> 1517.4 | M5: =L5-355.04-104.93 -> 1057.43
B6: Bet Line 4 & 5 | E6: 4 | F6: =12.25 -> 12.25 | H6: =11.25-1.17 -> 10.08 | J6: =H6*F6*E6 -> 493.92 | K6: =48-(4*1.17)-7 -> 36.32 | L6: =K6*4*9 -> 1307.52 | M6: =L6-104.93 -> 1202.59
E7: 4 | F7: 6 | H7: =11.25-1.17 -> 10.08 | J7: =H7*F7*E7 -> 241.92 | K7: =48-(5*1.17) -> 42.15 | L7: =K7*9 -> 379.35
B8: Bet Line 7 & 8 | E8: 2 | F8: 8.5 | H8: =11.25-1.17 -> 10.08 | J8: =H8*F8*E8 -> 171.36 | K8: =115-(8.5*2)-(8*1.17) -> 88.64 | L8: =K8*2*9 -> 1595.52 | M8: =L8-292.68-198.59-157.68 -> 946.57
B9: Stair area | E9: 4 | F9: =6+6.25+6.25 -> 18.5 | H9: =11.25-1.17 -> 10.08 | J9: =H9*F9*E9 -> 745.92 | K9: =(12.25-1.17)*4 -> 44.32 | L9: =K9*2*9 -> 797.76
B10: Bath & W.C | E10: 8 | F10: =4+8+8 -> 20 | H10: =11.25-1.17 -> 10.08 | J10: =H10*F10*E10 -> 1612.8 | K10: =(12.25*4+24)-(6*4.5/12) -> 70.75 | L10: =K10*9 -> 636.75
B11: Varendah | E11: 8 | F11: =3+3 -> 6 | H11: 3 | J11: =H11*F11*E11 -> 144
B12: Deduction
B13: D1 | C13: -1 | D13: 4 | E13: 8 | F13: 6.75 | H13: 2.75 | J13: =H13*F13*E13*D13*C13 -> -594
B14: D2 | C14: -1 | D14: 1 | E14: 8 | F14: 6.5 | H14: 2.5 | J14: =H14*F14*E14*D14*C14 -> -130
B15: W1 | D15: -1 | E15: 8 | F15: 5 | H15: 2 | J15: =H15*F15*E15*D15 -> -80
B16: W2 | D16: -1 | E16: 8 | F16: 4 | H16: 5 | J16: =H16*F16*E16*D16 -> -160
B17: W3 | D17: -1 | E17: 16 | F17: 6 | H17: 5 | J17: =H17*F17*E17*D17 -> -480
B18: W4 | D18: -1 | E18: 8 | F18: 2 | H18: 5 | J18: =H18*F18*E18*D18 -> -80
J19: =SUM(J3:J18) -> 9133.44
B21: Ground Floor
B22: Line A to K | D22: 4 | E22: 11 | F22: =48-5*1 -> 43 | H22: =10-1 -> 9 | J22: =H22*F22*E22*D22 -> 17028 | L22: =91.33+320.28 -> 411.61
B23: Line 2,7 | D23: 4 | E23: 2 | F23: =(12.25*8)-(8*1) -> 90 | H23: =10-1 -> 9 | J23: =H23*F23*E23*D23 -> 6480
B24: Line 3,6 | C24: 4 | D24: 2 | E24: 4 | F24: =12.25-(4*1) -> 8.25 | H24: =10-1 -> 9 | J24: =H24*F24*E24*D24*C24 -> 2376
B25: Bet Line 4 & 5 | D25: 4 | E25: 4 | F25: =12.25 -> 12.25 | H25: =10-1 -> 9 | J25: =H25*F25*E25*D25 -> 1764
D26: 4 | E26: 4 | F26: 6 | H26: =10-1 -> 9 | J26: =H26*F26*E26*D26 -> 864
B27: Bet Line 7 & 8 | D27: 4 | E27: 2 | F27: 8.5 | H27: =10-1 -> 9 | J27: =H27*F27*E27*D27 -> 612
B28: Stair area | D28: 4 | E28: 4 | F28: =6+6.25+6.25 -> 18.5 | H28: =10-1 -> 9 | J28: =H28*F28*E28*D28 -> 2664
B29: Bath & W.C | D29: 4 | E29: 8 | F29: =4+8+8 -> 20 | H29: =10-1 -> 9 | J29: =H29*F29*E29*D29 -> 5760
B30: Varendah | D30: 4 | E30: 8 | F30: =3+3 -> 6 | H30: 3 | J30: =H30*F30*E30*D30 -> 576
B31: Deduction
B32: D1 | C32: -4 | D32: 4 | E32: 8 | F32: 6.75 | H32: 2.75 | J32: =H32*F32*E32*D32*C32 -> -2376
B33: D2 | C33: -4 | D33: 1 | E33: 8 | F33: 6.5 | H33: 2.5 | J33: =H33*F33*E33*D33*C33 -> -520 | N33: =2417000/300 -> 8056.6667
B34: W1 | D34: -4 | E34: 8 | F34: 5 | H34: 2 | J34: =H34*F34*E34*D34 -> -320
B35: W2 | D35: -4 | E35: 8 | F35: 4 | H35: 5 | J35: =H35*F35*E35*D35 -> -640
B36: W3 | D36: -4 | E36: 16 | F36: 6 | H36: 5 | J36: =H36*F36*E36*D36 -> -1920
B37: W4 | D37: -4 | E37: 8 | F37: 2 | H37: 5 | J37: =H37*F37*E37*D37 -> -320
J38: =SUM(J22:J37) -> 32028 | L38: =J38+J19 -> 41161.44 | N38: =420*42000 -> 17640000
J39: =J38/4 -> 8007 | L39: =L38/100 -> 411.6144
B48: First Floor to Fourth
B49: Line A to K | D49: 4 | E49: 11 | F49: =48-5*1 -> 43 | H49: =10-1.17 -> 8.83 | J49: =H49*F49*E49*D49 -> 16706.36
B50: Line 2,7 | D50: 4 | E50: 2 | F50: =(12.25*8)-(8*1) -> 90 | H50: =10-1.17 -> 8.83 | J50: =H50*F50*E50*D50 -> 6357.6
B51: Line 3,6 | D51: 4 | E51: 4 | F51: =12.25-(4*1) -> 8.25 | H51: =10-1.17 -> 8.83 | J51: =H51*F51*E51*D51 -> 1165.56
B52: Bet Line 4 & 5 | D52: 4 | E52: 4 | F52: =12.25-(1*4) -> 8.25 | H52: =10-1.17 -> 8.83 | J52: =H52*F52*E52*D52 -> 1165.56
B53: Bet Line 7 & 8 | D53: 4 | E53: 2 | F53: 8.5 | H53: =10-1.17 -> 8.83 | J53: =H53*F53*E53 -> 150.11
B54: Stair area | D54: 4 | E54: 4 | F54: =6+6.25+6.25 -> 18.5 | H54: =10-1.17 -> 8.83 | J54: =H54*F54*E54*D54 -> 2613.68
B55: Bath & W.C | D55: 4 | E55: 8 | F55: =4+8+8 -> 20 | H55: =10-1.17 -> 8.83 | J55: =H55*F55*E55*D55 -> 5651.2
B56: Varendah | C56: 2 | D56: 4 | E56: 8 | F56: =3+2+3 -> 8 | H56: 3 | J56: =H56*F56*E56*D56*C56 -> 1536
B57: မီးဖိုခံု | C57: 2 | D57: 5 | E57: 8 | F57: 3 | H57: 2.5 | J57: =H57*F57*E57*D57*C57 -> 600
B58: Deduction
B59: D1 | C59: -5 | D59: 4 | E59: 8 | F59: 6.75 | H59: 2.75 | J59: =H59*F59*E59*D59*C59 -> -2970
B60: D2 | C60: -5 | D60: 1 | E60: 8 | F60: 6.5 | H60: 2.5 | J60: =H60*F60*E60*D60*C60 -> -650
B61: W1 | D61: -5 | E61: 8 | F61: 5 | H61: 2 | J61: =H61*F61*E61*D61 -> -400
B62: W2 | D62: -5 | E62: 8 | F62: 4 | H62: 5 | J62: =H62*F62*E62*D62 -> -800
B63: W3 | D63: -5 | E63: 16 | F63: 6 | H63: 5 | J63: =H63*F63*E63*D63 -> -2400
B64: W4 | D64: -5 | E64: 8 | F64: 2 | H64: 5 | J64: =H64*F64*E64*D64 -> -400
J65: =SUM(J2:J64) -> 118655.95 | K65: Fs
J66: =J65/100 -> 1186.5595 | K66: Sud
A71: 19 | B71: 1'x1' Glazed Tiles in Cement mortar ( 1:3 )
B72: Kitchen,W.C | D72: 5 | E72: 8 | F72: 12.25 | G72: 10.5 | J72: =G72*F72*E72*D72 -> 5145
D73: 5 | E73: 8 | F73: 12.25 | G73: 3 | J73: =G73*F73*E73*D73 -> 1470
J74: =SUM(J72:J73) -> 6615 | K74: Sft
J75: =J74/100 -> 66.15 | K75: Sud
A77: 20 | B77: 4"x4" Glazed Tiles in Cement mortar ( 1:3 )
B78: W.C | D78: 5 | E78: 8 | F78: =8+8+4 -> 20 | G78: 7 | J78: =G78*F78*E78*D78 -> 5600
B79: Deduction
B80: D2 | C80: -5 | D80: 1 | E80: 8 | F80: 6.5 | H80: 2.5 | J80: =H80*F80*E80*D80*C80 -> -650
J81: =SUM(J78:J80) -> 4950 | K81: Sft
J82: =J81/100 -> 49.5 | K82: Sud

Sheet Sheet5
A1: rdw¬Dvmc&dkif? 0rf;wGif;jrdKU (4)cef;wGJ(3)xyf
A2: =BE!A2:H2 -> 35'-0"x45'-0"x13'-0" Ht;
A3: Bill of Quantities RC Work ( Materials )
A4: No | B4: Particular | C4: Unit | D4: Quantity | E4: Rate( Kyats ) | F4: Per | G4: Amount(Ks)
A5: 1 | B5: Cement | C5: Bag | D5: =BE!#REF! -> #REF! | E5: =BE!#REF! -> #REF! | F5: Bag | G5: =D5*E5 -> #REF!
A6: 2 | B6: R/Sand | C6: Sud | D6: =BE!#REF! -> #REF! | E6: =BE!#REF! -> #REF! | F6: Sud | G6: =D6*E6 -> #REF!
A7: 3 | B7: RSA | C7: Sud | D7: =BE!#REF! -> #REF! | E7: =BE!#REF! -> #REF! | F7: Sud | G7: =D7*E7 -> #REF!
A8: 4 | B8: Jungle Wood | C8: Ton | D8: =BE!#REF! -> #REF! | E8: =BE!#REF! -> #REF! | F8: Ton | G8: =D8*E8 -> #REF!
A9: 5 | B9: 5 Ply Wood ( 8'x4' ) | C9: Sht | D9: =BE!#REF! -> #REF! | E9: =BE!F30 -> 69000 | F9: Sht | G9: =D9*E9 -> #REF!
A10: 6 | B10: Nails | C10: lb | D10: =BE!#REF! -> #REF! | E10: =BE!F31 -> 11600 | F10: lb | G10: =D10*E10 -> #REF!
A11: 7 | B11: Earth Oil | C11: Gal | D11: =BE!#REF! -> #REF! | E11: =BE!#REF! -> #REF! | F11: Gal | G11: =D11*E11 -> #REF!
A12: 8 | B12: Brick | C12: No | D12: =BE!#REF! -> #REF! | E12: =BE!#REF! -> #REF! | F12: No | G12: =D12*E12 -> #REF!
A13: 9 | B13: Stone Boulder | C13: Sud | D13: =BE!#REF! -> #REF! | E13: =BE!#REF! -> #REF! | F13: Sud | G13: =D13*E13 -> #REF!
A14: 10 | B14: Ø20 mm MS Rod | C14: Ton | D14: =BE!#REF! -> #REF! | E14: =BE!#REF! -> #REF! | F14: Ton | G14: =D14*E14 -> #REF!
A15: 11 | B15: Ø18 mm MS Rod | C15: Ton | D15: =BE!#REF! -> #REF! | E15: =BE!#REF! -> #REF! | F15: Ton | G15: =D15*E15 -> #REF!
A16: 11 | B16: Ø16mm MS Rod | C16: Ton | D16: =BE!#REF! -> #REF! | E16: =BE!#REF! -> #REF! | F16: Ton | G16: =D16*E16 -> #REF!
A17: 12 | B17: Ø12mm MS Rod | C17: Ton | D17: =BE!#REF! -> #REF! | E17: =BE!#REF! -> #REF! | F17: Ton | G17: =D17*E17 -> #REF!
A18: 13 | B18: Ø10mm MS Rod | C18: Ton | D18: =BE!#REF! -> #REF! | E18: =BE!#REF! -> #REF! | F18: Ton | G18: =D18*E18 -> #REF!
A19: 14 | B19: Ø8mm MS Rod | C19: Ton | D19: =BE!#REF! -> #REF! | E19: =BE!#REF! -> #REF! | F19: Ton | G19: =D19*E19 -> #REF!
A20: 15 | B20: Ø6mm MS Rod | C20: Ton | D20: =BE!#REF! -> #REF! | E20: =BE!#REF! -> #REF! | F20: Ton | G20: =D20*E20 -> #REF!
A21: 16 | B21: Binding Wire | C21: Lbs | D21: =BE!#REF! -> #REF! | E21: =BE!#REF! -> #REF! | F21: Lbs | G21: =D21*E21 -> #REF!
A22: 17 | B22: Reinforcement ( X met 2½ wide ) | C22: Rft | D22: =BE!#REF! -> #REF! | E22: =BE!#REF! -> #REF! | F22: Rft | G22: =D22*E22 -> #REF!
... A31: 27 | B31: 4"x4" Glazes Tile ( Malay ) | C31: Sht | D31: =BE!#REF! -> #REF! | E31: =BE!#REF! -> #REF! | F31: Sht | G31: =D31*E31 -> #REF!
A32: 28 | B32: White Cement | C32: Lbs | D32: =BE!#REF!+BE!#REF! -> #REF! | E32: =BE!#REF! -> #REF! | F32: Lbs | G32: =D32*E32 -> #REF!
A33: 29 | B33: Acid | C33: Bottle | D33: =BE!#REF!+BE!#REF! -> #REF! | E33: =BE!#REF! -> #REF! | F33: Bottle | G33: =D33*E33 -> #REF!
A34: 30 | B34: Corner Beat | C34: Rft | D34: =BE!#REF!+BE!#REF! -> #REF! | E34: =BE!#REF! -> #REF! | F34: Rft | G34: =D34*E34 -> #REF!
A35: 31 | B35: 12mm thk M.S Plate | C35: Ton | D35: =BE!#REF! -> #REF! | E35: =BE!#REF! -> #REF! | F35: Ton | G35: =D35*E35 -> #REF!
A36: 31 | B36: =BE!#REF! -> #REF! | C36: M | D36: =BE!#REF! -> #REF! | E36: =BE!#REF! -> #REF! | F36: M | G36: =D36*E36 -> #REF!
A37: 32 | B37: M 20 Hight Strength Bolt & Nut | C37: No | D37: =BE!#REF! -> #REF! | E37: =BE!#REF! -> #REF! | F37: No | G37: =D37*E37 -> #REF!
A38: 33 | B38: Red Oxide Painting | C38: Gal | D38: =BE!#REF! -> #REF! | E38: =BE!#REF! -> #REF! | F38: Gal | G38: =D38*E38 -> #REF!
A39: 34 | B39: 3" x 1½" Purlin | C39: Ft | D39: =BE!#REF! -> #REF! | E39: =BE!#REF! -> #REF! | F39: Ft | G39: =D39*E39 -> #REF!
A40: 35 | B40: 4 Angle Metal Sheet Roofing | C40: Rft | D40: =BE!#REF! -> #REF! | E40: =BE!#REF! -> #REF! | F40: Rft | G40: =D40*E40 -> #REF!
A41: 36 | B41: Roofing Screw | C41: No | D41: =BE!#REF! -> #REF! | E41: =BE!#REF! -> #REF! | F41: No | G41: =D41*E41 -> #REF!
A42: 37 | B42: Ridging | C42: Rft | D42: =BE!#REF! -> #REF! | E42: =BE!#REF! -> #REF! | F42: Rft | G42: =D42*E42 -> #REF!
A43: 38 | B43: GI Plain Sheet 28G (3' wide) for Gutter | C43: Rft | D43: =BE!#REF! -> #REF! | E43: =BE!#REF! -> #REF! | F43: Rft | G43: =D43*E43 -> #REF!
A44: 39 | B44: Gutter Bracket | C44: No | D44: =BE!#REF! -> #REF! | E44: =BE!#REF! -> #REF! | F44: No | G44: =D44*E44 -> #REF!
A45: 38 | B45: Silicon | C45: No | D45: =BE!#REF! -> #REF! | E45: =BE!#REF! -> #REF! | F45: No | G45: =D45*E45 -> #REF!
A46: 39 | B46: Down Spout | C46: Rft | D46: =BE!#REF! -> #REF! | E46: =BE!#REF! -> #REF! | F46: Rft | G46: =D46*E46 -> #REF!
A47: 40 | B47: 45 . Elbow | C47: No | D47: =BE!#REF! -> #REF! | E47: =BE!#REF! -> #REF! | F47: No | G47: =D47*E47 -> #REF!
A48: 41 | B48: 90 . Elbow | C48: No | D48: =BE!#REF! -> #REF! | E48: =BE!#REF! -> #REF! | F48: No | G48: =D48*E48 -> #REF!
... A56: 49 | B56: Gypsum Board Ceiling | C56: Sft | D56: =BE!#REF! -> #REF! | E56: =BE!#REF! -> #REF! | F56: Sft | G56: =D56*E56 -> #REF!
A57: 50 | B57: Steel Handrail | C57: Sft | D57: =BE!#REF! -> #REF! | E57: =BE!#REF! -> #REF! | F57: Sft | G57: =D57*E57 -> #REF! | I57: F & R | K57: Earth | L57: Con;Road | Q57: Ele | R57: Mecha
B58: Total Materials Cost | G58: =SUM(G5:G57) -> #REF! | H58: #REF! | I58: 9560080 | J58: 867000 | K58: 455000 | L58: 10570355 | M58: 2120689 | N58: 2642650 | O58: 998688 | P58: 10124332 | Q58: 21762348 | R58: 15764812 | S58: =SUM(H58:R58) -> #REF!
A60: Bill of Quantities RC Work (Labour)
A61: No | B61: Particular | C61: Unit | D61: Quantity | E61: Rate( Kyats ) | F61: Per | G61: Amount(Ks)
A62: 1 | B62: Mason | C62: No | D62: =BE!#REF! -> #REF! | E62: =BE!#REF! -> #REF! | F62: No | G62: =D62*E62 -> #REF!
A63: 2 | B63: Surveyor | C63: No | D63: =BE!#REF! -> #REF! | E63: =BE!#REF! -> #REF! | F63: No | G63: =D63*E63 -> #REF!
A64: 3 | B64: Carpenter | C64: No | D64: =BE!#REF!+BE!C24 -> #REF! | E64: =BE!F24 -> 21780 | F64: No | G64: =D64*E64 -> #REF!
A65: 4 | B65: Painter | C65: No | D65: =BE!#REF!+BE!#REF! -> #REF! | E65: =E64 -> 21780 | F65: No | G65: =D65*E65 -> #REF!
A66: 5 | B66: Steel Fixer | C66: No | D66: =BE!#REF! -> #REF! | E66: =BE!#REF! -> #REF! | F66: No | G66: =D66*E66 -> #REF!
A67: 6 | B67: Worker | C67: No | D67: =BE!#REF!+BE!#REF! -> #REF! | E67: =BE!#REF! -> #REF! | F67: No | G67: =D67*E67 -> #REF!
A68: 7 | B68: Angle Fabrication & Erection | C68: Ton | D68: =BE!#REF! -> #REF! | E68: =BE!#REF! -> #REF! | F68: Ton | G68: =D68*E68 -> #REF!
A69: 8 | B69: Anchor Bolt & Nut | C69: No | D69: =BE!#REF! -> #REF! | E69: =BE!#REF! -> #REF! | F69: No | G69: =D69*E69 -> #REF!
A70: 9 | B70: Steel Structure Painting | C70: No | D70: =BE!#REF! -> #REF! | E70: =BE!#REF! -> #REF! | F70: No | G70: =D70*E70 -> #REF!
A71: 10 | B71: Roofing work | C71: Sud | D71: =BE!#REF! -> #REF! | E71: =BE!#REF! -> #REF! | F71: Sud | G71: =D71*E71 -> #REF!
A72: 11 | B72: 5" x 2" Chowket including painting | C72: Rft | D72: =BE!#REF! -> #REF! | E72: =BE!#REF! -> #REF! | F72: Rft | G72: =D72*E72 -> #REF!
A73: 12 | B73: Teak Door including painting | C73: Sft | D73: =BE!#REF! -> #REF! | E73: =BE!#REF! -> #REF! | F73: Sft | G73: =D73*E73 -> #REF!
A74: 13 | B74: P.V.C Door | C74: Sft | D74: =BE!#REF! -> #REF! | E74: =BE!#REF! -> #REF! | F74: Sft | G74: =D74*E74 -> #REF!
A75: 14 | B75: Teak Window including painting | C75: Sft | D75: =BE!#REF! -> #REF! | E75: =BE!#REF! -> #REF! | F75: Sft | G75: =D75*E75 -> #REF!
A76: 15 | B76: Iron Grille Work | C76: Sft | D76: =BE!#REF! -> #REF! | E76: =BE!#REF! -> #REF! | F76: Sft | G76: =D76*E76 -> #REF!
A77: 16 | B77: Gypsum Board Ceiling(4mm) | C77: Sft | D77: =BE!#REF! -> #REF! | E77: =BE!#REF! -> #REF! | F77: Sft | G77: =D77*E77 -> #REF!
A78: 17 | B78: Steel Handrail | C78: Sft | D78: =BE!#REF! -> #REF! | E78: =BE!#REF! -> #REF! | F78: Sft | G78: =D78*E78 -> #REF! | I78: F & R
B79: Total Labour Cost | G79: =SUM(G62:G78) -> #REF! | H79: #REF! | I79: 7935000 | J79: 3899500 | K79: 5109500 | L79: 3120889 | M79: 2417000 | N79: 1088750 | O79: 9205000 | P79: =SUM(H79:O79) -> #REF! | Q79: =P79+S58 -> #REF!
B80: Total Materials + Labour Cost | G80: =G79+G58 -> #REF! | Q80: =Q79+#REF!+#REF!+#REF!+2534100+918100 -> #REF!
P82: 707490000 | Q82: =P82-Q80 -> #REF!

Sheet Sheet1
B1: Slab
B2: First to Fifth Floor
B3: 32'-0" x 36'-0" Span
B4: B Bar | C4: 5 | D4: 2 | E4: =32/0.5+1 -> 65 | F4: 38 | K4: =F4*E4*D4*C4 -> 24700
C5: 5 | D5: 2 | E5: =36/0.5+1 -> 73 | F5: 34 | K5: =F5*E5*D5*C5 -> 24820
B6: T Bar | C6: 5 | D6: 2 | E6: =36/0.5+1 -> 73 | F6: 3 | K6: =F6*E6*D6*C6 -> 2190 | O6: =10/4 -> 2.5
C7: 5 | D7: 2 | E7: =2.5/0.5+1 -> 6 | F7: 38 | K7: =F7*E7*D7*C7 -> 2280 | O7: =11.75/3 -> 3.9166667
C8: 5 | D8: 2 | E8: =36/0.5+1 -> 73 | F8: =3.33+3.917+1 -> 8.247 | K8: =F8*E8*D8*C8 -> 6020.31 | O8: =10.25/4 -> 2.5625
C9: 5 | D9: 2 | E9: =(3.33+3.917)/0.5+1 -> 15.494 | F9: 38 | K9: =F9*E9*D9*C9 -> 5887.72 | O9: =10.25/3 -> 3.4166667
C10: 5 | D10: 2 | E10: =36/0.5+1 -> 73 | F10: =3.917+3.417+1 -> 8.334 | K10: =F10*E10*D10*C10 -> 6083.82
C11: 5 | D11: 2 | E11: =(3.917+3.417)/0.5+1 -> 15.668 | F11: 38 | K11: =F11*E11*D11*C11 -> 5953.84
C12: 5 | D12: =2*2 -> 4 | E12: =32/0.5+1 -> 65 | F12: 4.5 | K12: =F12*E12*D12*C12 -> 5850 | O12: =18/4 -> 4.5
C13: 5 | D13: =2*2 -> 4 | E13: =4.5/0.5+1 -> 10 | F13: =32+2 -> 34 | K13: =F13*E13*D13*C13 -> 6800 | O13: =18/3 -> 6
C14: 5 | D14: 2 | E14: =32/0.5+1 -> 65 | F14: 13 | K14: =F14*E14*D14*C14 -> 8450
C15: 5 | D15: 2 | E15: =12/0.5+1 -> 25 | F15: 34 | K15: =F15*E15*D15*C15 -> 8500
C16: 5 | D16: =2*2 -> 4 | E16: =10.25/0.5+1 -> 21.5 | F16: 6 | K16: =F16*E16*D16*C16 -> 2580
C17: 6 | D17: =2*2 -> 4 | E17: =6/0.5+1 -> 13 | F17: 10.5 | K17: =F17*E17*D17*C17 -> 3276
K18: =SUM(K4:K17) -> 113391.69

Sheet D Form
A2: Details of Measurement
A3: No. | B3: Particulars | C3: No. | F3: Measurement | I3: Dedu- ction | J3: Content | K3: Total of Each | L3: Unit
F4: L | G4: B | H4: H

Sheet BE Form
A2: Builder's Estimate
A3: No. | B3: Particular | C3: Unit | D3: Quantity | F3: Rate | G3: Per | H3: Amount

Sheet Sheet8

Sheet Sheet14
B5: Cement | C5: - | D5: 2350522
B6: Earth Cutting | C6: - | D6: 6441120
B7: M&E | C7: - | D7: 10312250
B8: Nails | C8: - | D8: 585424
B9: B.W | C9: - | D9: 459560
B10: M.S Rod | C10: - | D10: 748200
B11: Aluminium | C11: - | D11: 4879875
B12: I.G | C12: - | D12: 1260815
B13: Handrail | C13: - | D13: 1536140
B14: Cabinet | C14: - | D14: 117000
B15: Kitchen Counter Door | C15: - | D15: 233415
B16: Bamboo | C16: - | D16: 600072
... B18: Commercial Tax | C18: - | D18: 1523809.8
D19: =SUM(D5:D18) -> 32168298
B24: Ground Tank | C24: - | D24: 494220
E26: =D19-D24 -> 31674078

Sheet Sheet12
A1: Minbu
A2: Main Building | B2: - | C2: 874464556 | G2: Tender Amount | H2: - | I2: 940000000 | K2: Remark:
A3: Auxiliary Work | B3: - | C3: 24000000 | K3: Bath&WC,Kitchen - Beam 6 ထပ္စာက်န္
A4: M&E Work | B4: - | C4: 160000000 | G4: F.A | H4: - | I4: 39684
B5: - | C5: =SUM(C2:C4) -> 1058464556
A6: Topping Work | B6: - | C6: 9300000 | G6: P.A.E | H6: - | I6: =I2/I4 -> 23687.128
A7: Total | B7: - | C7: =C6+C5 -> 1067764556
A8: 0.05 | B8: - | C8: =C7*5% -> 53388228
A9: Grand Total | B9: - | C9: =C7+C8 -> 1.1211528e+09
A10: F.A | B10: - | C10: 39684
A11: P.A.E | B11: - | C11: =C9/C10 -> 28252.01
A13: Min့hla
A14: Main Building | B14: - | C14: =#REF! -> #REF! | G14: Tender Amount | H14: - | I14: 900000000 | K14: Remark:
A15: Auxiliary Work | B15: - | C15: 24000000 | K15: Bath&WC,Kitchen - Beam 5 ထပ္စာ
A16: M&E Work | B16: - | C16: 152000000 | G16: F.A | H16: - | I16: =C20 -> 35969 | K16: Extra Beam
B17: - | C17: =SUM(C14:C16) -> #REF! | K17: Kitchen Counter 1 ခုပို
A18: 0.05 | B18: - | C18: =C17/21 -> #REF! | G18: P.A.E | H18: - | I18: =I14/I16 -> 25021.546 | K18: Cantilever Slab (Green area, Roof,Verandah)
A19: Grand Total | B19: - | C19: =C18+C17 -> #REF! | K19: Window sunshade
A20: F.A | B20: - | C20: 35969 | G20: Tender Amount | H20: - | I20: =C19-I14 -> #REF! | K20: Topping - 9,300,000
A21: P.A.E | B21: - | C21: =C19/C20 -> #REF! | G21: ကြာဟေငြ | K21: Ceiling - 1,989,000
K22: Kitchen Counter Door - 3,267,810
A23: (+6%) Contingency | B23: - | C23: =C17*6% -> #REF! | G23: Tender Amount | H23: - | I23: =C27-I14 -> #REF! | K23: Glazed Tile(8"x12")Wall - 8,823,000 (91 Sud)
A24: Miscellaneous | B24: - | C24: 55000000 | G24: ကြာဟေငြ(All)
C25: =SUM(C23:C24) -> #REF!
A27: All Total | C27: =C25+C19 -> #REF! | G27: မင္းဘူးႏွင့္မင္းလွ | H27: - | I27: =C9-C19 -> #REF!
A28: P.A.E | B28: - | C28: =C27/C20 -> #REF! | G28: ကြာဟေငြ
A30: Gant Gaw
A31: Main Building | B31: - | C31: 792798644 | G31: Tender Amount | H31: - | I31: 999000000 | K31: Remark:
A32: Auxiliary Work | B32: - | C32: 18597145
A33: M&E Work | B33: - | C33: 140033333 | G33: F.A | H33: - | I33: 38880
B34: - | C34: =SUM(C31:C33) -> 951429122
A35: 0.05 | B35: - | C35: =C34*5% -> 47571456 | G35: P.A.E | H35: - | I35: =I31/I33 -> 25694.444
A36: Grand Total | B36: - | C36: =C35+C34 -> 9.9900058e+08
A38: F.A | B38: - | C38: 38880
A39: P.A.E | B39: - | C39: =C36/C38 -> 25694.459

Sheet Sheet7
A3: Rebar Size | C3: Linear Weight | E3: Diameter | G3: Lateral Area
A4: US | B4: SI | C4: lb/ft | D4: Kg/m | E4: in | F4: mm | G4: in2 | H4: mm2
B5: 6 | C5: 0.067 | D5: 0.222
B6: 6.5
B7: 7
B8: 8
B9: 9
B10: 10 | C10: 0.617 | D10: 0.188 | E10: 0.39 | F10: =E10*25.4 -> 9.906 | G10: =3.14/4*0.39*0.39 -> 0.1193985 | H10: =G10*645.16 -> 77.031136
B11: 11
B12: 12
B13: 13
B14: 14
B15: 15
B16: 16
B17: 17
B18: 18
B19: 19
B20: 20
B21: 21
B22: 22
... B25: 25

Sheet Sheet9
B4: 1 | C4: =11.75*2-(0.5*1.67)-(0.5*1) -> 22.165 | D4: 0.83 | E4: =15/12 -> 1.25 | G4: =E4*D4*C4*B4 -> 22.996187
B5: 1 | C5: =31.5-(1*1.67)-(2*1) -> 27.83 | D5: 0.83 | E5: =15/12 -> 1.25 | G5: =E5*D5*C5*B5 -> 28.873625
B6: 2 | C6: =96.5-(7*1.33) -> 87.19 | D6: 0.83 | E6: =15/12 -> 1.25 | G6: =E6*D6*C6*B6 -> 180.91925
B7: 2 | C7: =16.25*4-(4*1) -> 61 | D7: 0.83 | E7: =15/12 -> 1.25 | G7: =E7*D7*C7*B7 -> 126.575
B8: 2 | C8: =16.25*4-(4*1.67) -> 58.32 | D8: 0.83 | E8: =15/12 -> 1.25 | G8: =E8*D8*C8*B8 -> 121.014
B9: =2*2 -> 4 | C9: =11.75-(1.5*1) -> 10.25 | D9: 0.83 | E9: =1 -> 1 | G9: =E9*D9*C9*B9 -> 34.03
B10: =2*2 -> 4 | C10: =8.25-(1*1) -> 7.25 | D10: 0.83 | E10: =1 -> 1 | G10: =E10*D10*C10*B10 -> 24.07
B11: =2*2 -> 4 | C11: =11.75-(1*1.5)-(0.5*1.67) -> 9.415 | D11: 0.83 | E11: =1 -> 1 | G11: =E11*D11*C11*B11 -> 31.2578
B12: =2*2 -> 4 | C12: =11.75-(1.5*1.33) -> 9.755 | D12: 0.83 | E12: =1 -> 1 | G12: =E12*D12*C12*B12 -> 32.3866
B13: =2*2 -> 4 | C13: =16-(2*0.83) -> 14.34 | D13: 0.83 | E13: =1 -> 1 | G13: =E13*D13*C13*B13 -> 47.6088
B15: 2 | C15: =7-(1*1) -> 6 | D15: 0.83 | E15: =15/12 -> 1.25 | G15: =E15*D15*C15*B15 -> 12.45
B16: =2*2 -> 4 | C16: =13-(1*1.67)-(0.5*1) -> 10.83 | D16: 0.83 | E16: =15/12 -> 1.25 | G16: =E16*D16*C16*B16 -> 44.9445
B17: 4 | C17: =54-(4*1)-(2*1.5) -> 47 | D17: 0.83 | E17: =1 -> 1 | G17: =E17*D17*C17*B17 -> 156.04
B18: 2 | C18: =47-(3*1)-(2*1.5) -> 41 | D18: 0.83 | E18: =1 -> 1 | G18: =E18*D18*C18*B18 -> 68.06
B19: 2 | C19: =28-(3*1) -> 25 | D19: 0.83 | E19: =1 -> 1 | G19: =E19*D19*C19*B19 -> 41.5
B20: 2 | C20: =26-(2*1.5)-(1*0.83) -> 22.17 | D20: 0.83 | E20: =1 -> 1 | G20: =E20*D20*C20*B20 -> 36.8022
B21: 2 | C21: =31.25-(1.5*1.5)-(2*1) -> 27 | D21: 0.83 | E21: =1 -> 1 | G21: =E21*D21*C21*B21 -> 44.82
B22: =4*2 -> 8 | C22: =13-(1*0.83) -> 12.17 | D22: 0.83 | E22: =1 -> 1 | G22: =E22*D22*C22*B22 -> 80.8088
B23: =4*2 -> 8 | C23: =8.25-(1*0.83)+4*2 -> 15.42 | D23: 0.83 | E23: =1 -> 1 | G23: =E23*D23*C23*B23 -> 102.3888
B24: =2*2 -> 4 | C24: =10.5-(1*0.83)+4*2 -> 17.67 | D24: 0.83 | E24: =1 -> 1 | G24: =E24*D24*C24*B24 -> 58.6644
G25: =SUM(G4:G24) -> 1296.21
G27: =G25/100 -> 12.9621
G28: =G27*2.83 -> 36.682742

Sheet Sheet13

Sheet Sheet6
A1: 120'-0" x 54'-0" x 70' -6"(8 Unit 6 Storeyed Dormitory) Gant Ghaw
A2: Details of Measurement
A3: No | B3: Particulars | C3: No | F3: Measurement | I3: Dedu- ction | J3: Contents | K3: Total of each | L3: Unit
F4: L | G4: B | H4: H
A5: 1 | B5: 12"x12" Floor Glazed Tiles in Cement mortar ( 1:3 )
B6: Ground Floor
B7: Kitchen
B8: Floor | D8: 8 | E8: 1 | F8: 8 | G8: 8 | J8: =G8*F8*E8*D8 -> 512
B9: Bath & WC
B10: Floor | D10: 8 | E10: 1 | F10: 8 | G10: 5 | J10: =G10*F10*E10*D10 -> 320
B11: မီးဖိုခံု
B12: Slab | D12: 8 | E12: 1 | F12: 4 | G12: =1.67 -> 1.67 | J12: =F12*E12*D12*G12 -> 53.44
B13: Slab | D13: 8 | E13: 1 | F13: 5 | G13: =1.67 -> 1.67 | J13: =F13*E13*D13*G13 -> 66.8
D14: 8 | E14: 1 | F14: =(4+1.67)+(5+1.67) -> 12.34 | G14: 0.33 | J14: =F14*E14*D14*G14 -> 32.5776
B15: 1st to 5th Floor
B16: Kitchen
B17: Floor | C17: 5 | D17: 8 | E17: 1 | F17: 8 | G17: 8 | J17: =G17*F17*E17*D17*C17 -> 2560
B18: Bath & WC
B19: Floor | C19: 5 | D19: 8 | E19: 1 | F19: 8 | G19: 5 | J19: =G19*F19*E19*D19*C19 -> 1600
B20: မီးဖိုခံု
B21: Slab | C21: 5 | D21: 8 | E21: 1 | F21: 4 | G21: =1.67 -> 1.67 | J21: =G21*F21*E21*D21*C21 -> 267.2
B22: Slab | C22: 5 | D22: 8 | E22: 1 | F22: 5 | G22: =1.67 -> 1.67 | J22: =G22*F22*E22*D22*C22 -> 334
C23: 5 | D23: 8 | E23: 1 | F23: =(4+1.67)+(5+1.67) -> 12.34 | G23: =0.33 -> 0.33 | J23: =G23*F23*E23*D23*C23 -> 162.888
K24: =SUM(J8:J23) -> 5908.9056 | L24: Fs
K25: =K24/100 -> 59.089056 | L25: %Fs
B26: 12"x12" Glazes Floor Tiles | E26: = | F26: =K24 -> 5908.9056 | G26: Sheet
E27: = | F27: =F26*1.05 -> 6204.3509 | G27: Sheet | H27: (5% Wastage)
E28: = | F28: 6,230 Sht x 600 Ks | K28: =6230*600 -> 3738000 | L28: Kyats
A30: 2 | B30: 8"x12" Wall Glazed Tiles in Cement mortar ( 1:3 )
B31: Ground Floor
B32: Bath & WC
B33: Wall | D33: 8 | E33: 1 | F33: =8*2+5*2 -> 26 | H33: 6.5 | J33: =H33*F33*E33*D33 -> 1352
B34: Deduction
B35: TL01 (2'-6"x6'-6") | D35: 4 | E35: 1 | F35: 2.5 | H35: 6.5 | I35: =H35*F35*E35*D35 -> 65
B36: TL01A (2'-6"x6'-6") | D36: 4 | E36: 1 | F36: 2.5 | H36: 6.5 | I36: =H36*F36*E36*D36 -> 65
B37: မီးဖိုခံု
B38: Wall | D38: 8 | E38: 1 | F38: 4 | H38: 2 | J38: =H38*F38*E38*D38 -> 64
B39: Wall | D39: 8 | E39: 1 | F39: 5 | H39: 2 | J39: =H39*F39*E39*D39 -> 80
D40: 8 | E40: 2 | F40: 1.67 | H40: 2 | J40: =H40*F40*E40*D40 -> 53.44
D41: 8 | E41: 6 | F41: =0.38 -> 0.38 | H41: =3-0.33 -> 2.67 | J41: =H41*F41*E41*D41 -> 48.7008
D42: 8 | E42: 2 | F42: =1.67 -> 1.67 | H42: 3 | J42: =H42*F42*E42*D42 -> 80.16
B43: 1st to 5th Floor
B44: Bath & WC
B45: Wall | C45: 5 | D45: 8 | E45: 1 | F45: =8*2+5*2 -> 26 | H45: 6.5 | J45: =H45*F45*E45*D45*C45 -> 6760
B46: Deduction
B47: TL01 (2'-6"x6'-6") | C47: 5 | D47: 4 | E47: 1 | F47: 2.5 | H47: 6.5 | I47: =H47*F47*E47*D47*C47 -> 325
B48: TL01A (2'-6"x6'-6") | C48: 5 | D48: 4 | E48: 1 | F48: 2.5 | H48: 6.5 | I48: =H48*F48*E48*D48*C48 -> 325
B49: မီးဖိုခံု
B50: Wall | C50: 5 | D50: 8 | E50: 1 | F50: 4 | H50: 2 | J50: =H50*F50*E50*D50*C50 -> 320
B51: Wall | C51: 5 | D51: 8 | E51: 1 | F51: 5 | H51: 2 | J51: =H51*F51*E51*D51*C51 -> 400
C52: 5 | D52: 8 | E52: 2 | F52: 1.67 | H52: 2 | J52: =H52*F52*E52*D52*C52 -> 267.2
C53: 5 | D53: 8 | E53: 6 | F53: =0.38 -> 0.38 | H53: 3 | J53: =H53*F53*E53*D53*C53 -> 273.6
C54: 5 | D54: 8 | E54: 2 | F54: =1.67 -> 1.67 | H54: 3 | J54: =H54*F54*E54*D54*C54 -> 400.8
I55: =SUM(I32:I54) -> 780 | J55: =SUM(J32:J54) -> 10099.901
K56: =J55-I55 -> 9319.9008 | L56: Fs
K57: =K56/100 -> 93.199008 | L57: %Fs
B58: 8"x12" Glazes Wall Tiles | E58: = | F58: =K56/(0.67*1) -> 13910.3 | G58: Sheet
E59: = | F59: =F58*1.05 -> 14605.815 | G59: Sheet | H59: (5% Wastage)
E60: = | F60: 14,606 Sht x 400 Ks | K60: =14606*400 -> 5842400 | L60: Kyats
B61: Corner Beat
B62: Bath & WC
B63: Ground Floor | D63: 8 | E63: 1 | F63: =6.5*2+(5*2+8*2-2.5) -> 36.5 | J63: =F63*E63*D63 -> 292
B64: 1st to 5th Floor | C64: 5 | D64: 8 | E64: 1 | F64: =6.5*2+(5*2+8*2-2.5) -> 36.5 | J64: =F64*E64*D64*C64 -> 1460
B65: မီးဖိုခံု
B66: Ground Floor | D66: 8 | E66: 1 | F66: =(9*2)+(1.67*2)+(2*2) -> 25.34 | J66: =F66*E66*D66 -> 202.72
B67: 1st to 5th Floor | C67: 5 | D67: 8 | E67: 1 | F67: =(9*2)+(1.67*2)+(2*2) -> 25.34 | J67: =F67*E67*D67*C67 -> 1013.6
K68: =SUM(J63:J67) -> 2968.32 | L68: Rft
B69: Corner Beat | E69: = | F69: =K68 -> 2968.32 | G69: Rft
E70: = | F70: 2,968 Rft x 250 Ks | K70: =2968*250 -> 742000 | L70: Kyats

Sheet Sheet10
A1: Aluminium Window (Gant Gaw)
A2: No. | B2: Royal AAA | C2: Quantity | D2: Unit | E2: Rate | F2: Amount(Kyats)
A3: 1 | B3: 2 Inches Casement with 4mm Glass | C3: 2400 | D3: Fs | E3: 7500 | F3: =E3*C3 -> 18000000
A4: 2 | B4: 3 Inches Slide Door with 4mm Glass | C4: 2050 | D4: Fs | E4: 4200 | F4: =E4*C4 -> 8610000
B5: Total Amount | F5: =SUM(F3:F4) -> 26610000
A7: No. | B7: R.I.E.C Group of Co.,Ltd. | C7: Quantity | D7: Unit | E7: Rate | F7: Amount(Kyats)
A8: 1 | B8: Aluminium Frame Fixed Panel With Glazing | C8: 1812 | D8: Fs | E8: 8000 | F8: =E8*C8 -> 14496000
A9: 2 | B9: Aluminium Frame Casement Window With Glazing | C9: 2016 | D9: Fs | E9: 8000 | F9: =E9*C9 -> 16128000
A10: 3 | B10: Aluminium Frame Sliding Window With Glazing | C10: 1218 | D10: Fs | E10: 6500 | F10: =E10*C10 -> 7917000
A11: 4 | B11: Aluminium Frame Fixed Fanlight Window With Glazing | C11: 288 | D11: Fs | E11: 4000 | F11: =E11*C11 -> 1152000
B12: Total Amount | F12: =SUM(F8:F11) -> 39693000 | G12: =F12*0.7 -> 27785100
B13: (30% Off) | F13: =F12*0.7 -> 27785100 | G13: =F13-F5 -> 1175100

Sheet Sheet11
B3: 1 | C3: 178560000 | D3: =(120*30)*2 -> 7200 | E3: =C3/D3 -> 24800 | H3: 33.71
B4: 2 | C4: 108360000 | D4: =(70*30)*2 -> 4200 | E4: =C4/D4 -> 25800 | H4: 264.02
B5: 3 | C5: 212520000 | D5: =(140*30)*2 -> 8400 | E5: =C5/D5 -> 25300 | H5: 40.21
B6: 4 | C6: 41520000 | D6: =(60*30) -> 1800 | E6: =C6/D6 -> 23066.667 | H6: 114.7
B7: 5 | C7: 44100000 | D7: =(60*30) -> 1800 | E7: =C7/D7 -> 24500 | H7: 23.21
B8: 6 | C8: 40500000 | D8: =(40*30) -> 1200 | E8: =C8/D8 -> 33750 | H8: 1.39
B9: 7 | C9: 247500000 | D9: =(103*25) -> 2575 | E9: =C9/D9 -> 96116.505 | H9: 3.77
B10: 8 | C10: 81000000 | D10: =(120*30) -> 3600 | E10: =C10/D10 -> 22500 | H10: 331.57
B11: 9 | C11: 60750000 | D11: =(25*52)*2 -> 2600 | E11: =C11/D11 -> 23365.385 | H11: 4.39
B12: 10 | C12: 40500000 | D12: =(60*30) -> 1800 | E12: =C12/D12 -> 22500 | H12: 16.64
B13: 11 | C13: 136620000 | D13: =(90*30) -> 2700 | E13: =C13/D13 -> 50600 | H13: 34.29
B14: 12 | C14: 182160000 | D14: =(120*30)*2 -> 7200 | E14: =C14/D14 -> 25300 | H14: 62.31
B15: 13 | C15: 148800000 | D15: =(100*30) -> 3000 | E15: =C15/D15 -> 49600 | H15: 2.69
B16: 14 | C16: 208320000 | D16: =(140*30)*2 -> 8400 | E16: =C16/D16 -> 24800 | H16: 14.3
B17: 15 | C17: 44100000 | D17: =(60*30) -> 1800 | E17: =C17/D17 -> 24500 | H17: =SUM(H3:H16) -> 947.2
B18: 16 | C18: 40500000 | D18: =(60*30) -> 1800 | E18: =C18/D18 -> 22500 | H18: 26.17
B19: 17 | C19: 208320000 | D19: =(140*30)*2 -> 8400 | E19: =C19/D19 -> 24800 | H19: 24.98
B20: 18 | C20: 60750000 | D20: =(90*30) -> 2700 | E20: =C20/D20 -> 22500 | H20: 3.35
B21: 19 | C21: 44100000 | D21: =(60*30) -> 1800 | E21: =C21/D21 -> 24500 | H21: =SUM(H18:H20) -> 54.5
B22: 20 | C22: 68750000 | D22: =(90*30) -> 2700 | E22: =C22/D22 -> 25462.963
B23: 21 | C23: 40500000 | D23: =(60*30) -> 1800 | E23: =C23/D23 -> 22500
C24: 40500000 | H24: =H21+H17 -> 1001.7
C25: 81000000
C26: 135000000
C27: 44100000
C28: 212520000
C29: 243000000

Sheet Detail
A1: One Storeyed RCC Building, Myat Lay Street
A2: 35'-0"x45'-0"x13'-0" Ht; | M2: =14.5+6+14.5 -> 35 | N2: =15*3 -> 45
A3: Details of Measurement
A4: ItemNo. | B4: Particulars | C4: No | F4: Measurement | I4: Dedu- ction | J4: Content | K4: Total of each | L4: Unit | M4: L/B | N4: H | O4: Q'ty | P4: Cover | Q4: Mark&Type Skirt | R4: Bar Diameter | S4: Spacing | T4: No of Bars | U4: Length of Bars | V4: Total Length | W4: Total Quantity ( Tensile)
F5: L | G5: B | H5: D/H | W5: 6 | X5: 6.5 | Y5: 10 | Z5: 12 | AA5: 16 | AB5: 18 | AC5: 20 | AD5: 22 | AE5: 25
A6: 1 | B6: Site clearing | E6: 1 | F6: =((35))+5+5 -> 45 | G6: =45+5+5 -> 55 | J6: =IF(I6=0,1,I6)*IF(H6=0,1,H6)*IF(G6=0,1,G6)*IF(F6=0,1,F6)*IF(E6=0,1,E6)*IF(D6=0,1,D6)*IF(C6=0,1,C6) -> 2475 | L6: Sft | AF6: =3658/25 -> 146.32 | AG6: =3048/25 -> 121.92 | AN6: =6+27+10.5*2 -> 54
E7: 1 | F7: 9.5 | G7: 5 | J7: =IF(I7=0,1,I7)*IF(H7=0,1,H7)*IF(G7=0,1,G7)*IF(F7=0,1,F7)*IF(E7=0,1,E7)*IF(D7=0,1,D7)*IF(C7=0,1,C7) -> 47.5 | L7: Sft
E8: 1 | F8: 5 | G8: 5 | J8: =IF(I8=0,1,I8)*IF(H8=0,1,H8)*IF(G8=0,1,G8)*IF(F8=0,1,F8)*IF(E8=0,1,E8)*IF(D8=0,1,D8)*IF(C8=0,1,C8) -> 25 | L8: Sft
E9: 1 | F9: 6 | G9: 5 | J9: =IF(I9=0,1,I9)*IF(H9=0,1,H9)*IF(G9=0,1,G9)*IF(F9=0,1,F9)*IF(E9=0,1,E9)*IF(D9=0,1,D9)*IF(C9=0,1,C9) -> 30 | L9: Sft
K10: =SUM(J6:J9) -> 2577.5 | L10: Sft | W10: =IF($R10=W$5,$V10,0) -> 0 | X10: =IF($R10=X$5,$V10,0) -> 0 | Y10: =IF($R10=Y$5,$V10,0) -> 0 | Z10: =IF($R10=Z$5,$V10,0) -> 0 | AA10: =IF($R10=AA$5,$V10,0) -> 0 | AB10: =IF($R10=AB$5,$V10,0) -> 0 | AC10: =IF($R10=AC$5,$V10,0) -> 0 | AD10: =IF($R10=AD$5,$V10,0) -> 0 | AE10: =IF($R10=AE$5,$V10,0) -> 0 | AF10: =AF6/12 -> 12.193333 | AG10: =AG6/12 -> 10.16
K11: =J6/100 -> 24.75 | L11: %Sft | W11: =IF($R11=W$5,$V11,0) -> 0 | X11: =IF($R11=X$5,$V11,0) -> 0 | Y11: =IF($R11=Y$5,$V11,0) -> 0 | Z11: =IF($R11=Z$5,$V11,0) -> 0 | AA11: =IF($R11=AA$5,$V11,0) -> 0 | AB11: =IF($R11=AB$5,$V11,0) -> 0 | AC11: =IF($R11=AC$5,$V11,0) -> 0 | AD11: =IF($R11=AD$5,$V11,0) -> 0 | AE11: =IF($R11=AE$5,$V11,0) -> 0
W12: =IF($R12=W$5,$V12,0) -> 0 | X12: =IF($R12=X$5,$V12,0) -> 0 | Y12: =IF($R12=Y$5,$V12,0) -> 0 | Z12: =IF($R12=Z$5,$V12,0) -> 0 | AA12: =IF($R12=AA$5,$V12,0) -> 0 | AB12: =IF($R12=AB$5,$V12,0) -> 0 | AC12: =IF($R12=AC$5,$V12,0) -> 0 | AD12: =IF($R12=AD$5,$V12,0) -> 0 | AE12: =IF($R12=AE$5,$V12,0) -> 0
A13: 2 | B13: Surveying & Levelling Work | W13: =IF($R13=W$5,$V13,0) -> 0 | X13: =IF($R13=X$5,$V13,0) -> 0 | Y13: =IF($R13=Y$5,$V13,0) -> 0 | Z13: =IF($R13=Z$5,$V13,0) -> 0 | AA13: =IF($R13=AA$5,$V13,0) -> 0 | AB13: =IF($R13=AB$5,$V13,0) -> 0 | AC13: =IF($R13=AC$5,$V13,0) -> 0 | AD13: =IF($R13=AD$5,$V13,0) -> 0 | AE13: =IF($R13=AE$5,$V13,0) -> 0 | AF13: =3.142*7*7*40.5 -> 6235.299 | AG13: =AF14/0.52 -> 122.89077
E14: 1 | F14: =F6-5-5 -> 35 | G14: =G6-5-5 -> 45 | J14: =IF(I14=0,1,I14)*IF(H14=0,1,H14)*IF(G14=0,1,G14)*IF(F14=0,1,F14)*IF(E14=0,1,E14)*IF(D14=0,1,D14)*IF(C14=0,1,C14) -> 1575 | L14: Sft | W14: =IF($R14=W$5,$V14,0) -> 0 | X14: =IF($R14=X$5,$V14,0) -> 0 | Y14: =IF($R14=Y$5,$V14,0) -> 0 | Z14: =IF($R14=Z$5,$V14,0) -> 0 | AA14: =IF($R14=AA$5,$V14,0) -> 0 | AB14: =IF($R14=AB$5,$V14,0) -> 0 | AC14: =IF($R14=AC$5,$V14,0) -> 0 | AD14: =IF($R14=AD$5,$V14,0) -> 0 | AE14: =IF($R14=AE$5,$V14,0) -> 0 | AF14: =6390.32/100 -> 63.9032 | AG14: =58/4 -> 14.5
K15: =SUM(J14) -> 1575 | L15: Sft | W15: =IF($R15=W$5,$V15,0) -> 0 | X15: =IF($R15=X$5,$V15,0) -> 0 | Y15: =IF($R15=Y$5,$V15,0) -> 0 | Z15: =IF($R15=Z$5,$V15,0) -> 0 | AA15: =IF($R15=AA$5,$V15,0) -> 0 | AB15: =IF($R15=AB$5,$V15,0) -> 0 | AC15: =IF($R15=AC$5,$V15,0) -> 0 | AD15: =IF($R15=AD$5,$V15,0) -> 0 | AE15: =IF($R15=AE$5,$V15,0) -> 0 | AF15: =AF14*0.5 -> 31.9516 | AG15: =1/0.52 -> 1.9230769
K16: =K15/100 -> 15.75 | L16: %Sft | W16: =IF($R16=W$5,$V16,0) -> 0 | X16: =IF($R16=X$5,$V16,0) -> 0 | Y16: =IF($R16=Y$5,$V16,0) -> 0 | Z16: =IF($R16=Z$5,$V16,0) -> 0 | AA16: =IF($R16=AA$5,$V16,0) -> 0 | AB16: =IF($R16=AB$5,$V16,0) -> 0 | AC16: =IF($R16=AC$5,$V16,0) -> 0 | AD16: =IF($R16=AD$5,$V16,0) -> 0 | AE16: =IF($R16=AE$5,$V16,0) -> 0 | AF16: =AF14/19 -> 3.3633263 | AG16: =1/AF16 -> 0.2973247 | AH16: =AF14/6 -> 10.650533
W17: =IF($R17=W$5,$V17,0) -> 0 | X17: =IF($R17=X$5,$V17,0) -> 0 | Y17: =IF($R17=Y$5,$V17,0) -> 0 | Z17: =IF($R17=Z$5,$V17,0) -> 0 | AA17: =IF($R17=AA$5,$V17,0) -> 0 | AB17: =IF($R17=AB$5,$V17,0) -> 0 | AC17: =IF($R17=AC$5,$V17,0) -> 0 | AD17: =IF($R17=AD$5,$V17,0) -> 0 | AE17: =IF($R17=AE$5,$V17,0) -> 0 | AF17: =AF14/180 -> 0.35501778 | AG17: =AF14/0.3 -> 213.01067 | AH17: =1/AH16 -> 0.093892012
A18: 3 | B18: Earth Work Excavating for Foundation | W18: =IF($R18=W$5,$V18,0) -> 0 | X18: =IF($R18=X$5,$V18,0) -> 0 | Y18: =IF($R18=Y$5,$V18,0) -> 0 | Z18: =IF($R18=Z$5,$V18,0) -> 0 | AA18: =IF($R18=AA$5,$V18,0) -> 0 | AB18: =IF($R18=AB$5,$V18,0) -> 0 | AC18: =IF($R18=AC$5,$V18,0) -> 0 | AD18: =IF($R18=AD$5,$V18,0) -> 0 | AE18: =IF($R18=AE$5,$V18,0) -> 0 | AF18: =1/AF14 -> 0.015648669 | AG18: =AF6*2.8 -> 409.696
B19: Footing | N19: U Tin Aye Naing | W19: =IF($R19=W$5,$V19,0) -> 0 | X19: =IF($R19=X$5,$V19,0) -> 0 | Y19: =IF($R19=Y$5,$V19,0) -> 0 | Z19: =IF($R19=Z$5,$V19,0) -> 0 | AA19: =IF($R19=AA$5,$V19,0) -> 0 | AB19: =IF($R19=AB$5,$V19,0) -> 0 | AC19: =IF($R19=AC$5,$V19,0) -> 0 | AD19: =IF($R19=AD$5,$V19,0) -> 0 | AE19: =IF($R19=AE$5,$V19,0) -> 0
B20: F1 (3'-0"x3'-0"x0'-9") | E20: 6 | F20: =3+1+1 -> 5 | G20: =3+1+1 -> 5 | H20: =4+0.25+0.5 -> 4.75 | J20: =IF(I20=0,1,I20)*IF(H20=0,1,H20)*IF(G20=0,1,G20)*IF(F20=0,1,F20)*IF(E20=0,1,E20)*IF(D20=0,1,D20)*IF(C20=0,1,C20) -> 712.5 | L20: Cft | N20: 1636250 | W20: =IF($R20=W$5,$V20,0) -> 0 | X20: =IF($R20=X$5,$V20,0) -> 0 | Y20: =IF($R20=Y$5,$V20,0) -> 0 | Z20: =IF($R20=Z$5,$V20,0) -> 0 | AA20: =IF($R20=AA$5,$V20,0) -> 0 | AB20: =IF($R20=AB$5,$V20,0) -> 0 | AC20: =IF($R20=AC$5,$V20,0) -> 0 | AD20: =IF($R20=AD$5,$V20,0) -> 0 | AE20: =IF($R20=AE$5,$V20,0) -> 0 | AG20: =#REF!*#REF!*#REF! -> #REF! | AJ20: =11.75+16.25 -> 28
B21: F2 (4'-0"x4'-0"x0'-9") | E21: 3 | F21: =4+1+1 -> 6 | G21: =4+1+1 -> 6 | H21: =H20 -> 4.75 | J21: =IF(I21=0,1,I21)*IF(H21=0,1,H21)*IF(G21=0,1,G21)*IF(F21=0,1,F21)*IF(E21=0,1,E21)*IF(D21=0,1,D21)*IF(C21=0,1,C21) -> 513 | L21: Cft | N21: 300000 | W21: =IF($R21=W$5,$V21,0) -> 0 | X21: =IF($R21=X$5,$V21,0) -> 0 | Y21: =IF($R21=Y$5,$V21,0) -> 0 | Z21: =IF($R21=Z$5,$V21,0) -> 0 | AA21: =IF($R21=AA$5,$V21,0) -> 0 | AB21: =IF($R21=AB$5,$V21,0) -> 0 | AC21: =IF($R21=AC$5,$V21,0) -> 0 | AD21: =IF($R21=AD$5,$V21,0) -> 0 | AE21: =IF($R21=AE$5,$V21,0) -> 0 | AG21: =#REF!*#REF!*#REF! -> #REF! | AJ21: =11.75+16.25 -> 28
B22: F3 (5'-0"x5'-0"x0'-10") | E22: 11 | F22: =5+1+1 -> 7 | G22: =5+1+1 -> 7 | H22: =H21 -> 4.75 | J22: =IF(I22=0,1,I22)*IF(H22=0,1,H22)*IF(G22=0,1,G22)*IF(F22=0,1,F22)*IF(E22=0,1,E22)*IF(D22=0,1,D22)*IF(C22=0,1,C22) -> 2560.25 | L22: Cft | N22: -700000
B23: F4 (5'-6"x5'-6"x1'-0") | E23: 3 | F23: =5.5+1+1 -> 7.5 | G23: =5.5+1+1 -> 7.5 | H23: =H22 -> 4.75 | J23: =IF(I23=0,1,I23)*IF(H23=0,1,H23)*IF(G23=0,1,G23)*IF(F23=0,1,F23)*IF(E23=0,1,E23)*IF(D23=0,1,D23)*IF(C23=0,1,C23) -> 801.5625 | L23: Cft | N23: -85000
E24: =SUM(E20:E23) -> 23 | K24: =SUM(J19:J24) -> 4587.3125 | L24: Cft | N24: =SUM(N20:N23) -> 1151250
B25: Retaining Wall | W25: =IF($R25=W$5,$V25,0) -> 0 | X25: =IF($R25=X$5,$V25,0) -> 0 | Y25: =IF($R25=Y$5,$V25,0) -> 0 | Z25: =IF($R25=Z$5,$V25,0) -> 0 | AA25: =IF($R25=AA$5,$V25,0) -> 0 | AB25: =IF($R25=AB$5,$V25,0) -> 0 | AC25: =IF($R25=AC$5,$V25,0) -> 0 | AD25: =IF($R25=AD$5,$V25,0) -> 0 | AE25: =IF($R25=AE$5,$V25,0) -> 0
B26: Line A | E26: 1 | F26: =35-0.5*F21-2.5*F22 -> 14.5 | G26: 1.67 | H26: 3 | J26: =IF(I26=0,1,I26)*IF(H26=0,1,H26)*IF(G26=0,1,G26)*IF(F26=0,1,F26)*IF(E26=0,1,E26)*IF(D26=0,1,D26)*IF(C26=0,1,C26) -> 72.645 | L26: Cft | W26: =IF($R26=W$5,$V26,0) -> 0 | X26: =IF($R26=X$5,$V26,0) -> 0 | Y26: =IF($R26=Y$5,$V26,0) -> 0 | Z26: =IF($R26=Z$5,$V26,0) -> 0 | AA26: =IF($R26=AA$5,$V26,0) -> 0 | AB26: =IF($R26=AB$5,$V26,0) -> 0 | AC26: =IF($R26=AC$5,$V26,0) -> 0 | AD26: =IF($R26=AD$5,$V26,0) -> 0 | AE26: =IF($R26=AE$5,$V26,0) -> 0 | AF26: =14*0.75*1*2 -> 21
B27: Line A' | E27: 1 | F27: =5-0.5*F20-0.5*F21 -> -0.5 | G27: =G26 -> 1.67 | H27: =H26 -> 3 | L27: Cft | W27: =IF($R27=W$5,$V27,0) -> 0 | X27: =IF($R27=X$5,$V27,0) -> 0 | Y27: =IF($R27=Y$5,$V27,0) -> 0 | Z27: =IF($R27=Z$5,$V27,0) -> 0 | AA27: =IF($R27=AA$5,$V27,0) -> 0 | AB27: =IF($R27=AB$5,$V27,0) -> 0 | AC27: =IF($R27=AC$5,$V27,0) -> 0 | AD27: =IF($R27=AD$5,$V27,0) -> 0 | AE27: =IF($R27=AE$5,$V27,0) -> 0
B28: Line B | E28: 1 | F28: =35+5-0.5*F20-1*F21-2.5*F22 -> 14 | G28: =G27 -> 1.67 | H28: =H27 -> 3 | J28: =IF(I28=0,1,I28)*IF(H28=0,1,H28)*IF(G28=0,1,G28)*IF(F28=0,1,F28)*IF(E28=0,1,E28)*IF(D28=0,1,D28)*IF(C28=0,1,C28) -> 70.14 | L28: Cft | N28: =16.5*2 -> 33 | W28: =IF($R28=W$5,$V28,0) -> 0 | X28: =IF($R28=X$5,$V28,0) -> 0 | Y28: =IF($R28=Y$5,$V28,0) -> 0 | Z28: =IF($R28=Z$5,$V28,0) -> 0 | AA28: =IF($R28=AA$5,$V28,0) -> 0 | AB28: =IF($R28=AB$5,$V28,0) -> 0 | AC28: =IF($R28=AC$5,$V28,0) -> 0 | AD28: =IF($R28=AD$5,$V28,0) -> 0 | AE28: =IF($R28=AE$5,$V28,0) -> 0
B29: Line B',C' | E29: 2 | F29: =14.5-1*G29 -> 12.83 | G29: =G28 -> 1.67 | H29: =H28 -> 3 | J29: =IF(I29=0,1,I29)*IF(H29=0,1,H29)*IF(G29=0,1,G29)*IF(F29=0,1,F29)*IF(E29=0,1,E29)*IF(D29=0,1,D29)*IF(C29=0,1,C29) -> 128.5566 | L29: Cft | N29: 300000 | W29: =IF($R29=W$5,$V29,0) -> 0 | X29: =IF($R29=X$5,$V29,0) -> 0 | Y29: =IF($R29=Y$5,$V29,0) -> 0 | Z29: =IF($R29=Z$5,$V29,0) -> 0 | AA29: =IF($R29=AA$5,$V29,0) -> 0 | AB29: =IF($R29=AB$5,$V29,0) -> 0 | AC29: =IF($R29=AC$5,$V29,0) -> 0 | AD29: =IF($R29=AD$5,$V29,0) -> 0 | AE29: =IF($R29=AE$5,$V29,0) -> 0
B30: Line C | E30: 1 | F30: =35-2*G22-1*G23 -> 13.5 | G30: =G29 -> 1.67 | H30: =H29 -> 3 | J30: =IF(I30=0,1,I30)*IF(H30=0,1,H30)*IF(G30=0,1,G30)*IF(F30=0,1,F30)*IF(E30=0,1,E30)*IF(D30=0,1,D30)*IF(C30=0,1,C30) -> 67.635 | L30: Cft | N30: =N29/N28 -> 9090.9091 | W30: =IF($R30=W$5,$V30,0) -> 0 | X30: =IF($R30=X$5,$V30,0) -> 0 | Y30: =IF($R30=Y$5,$V30,0) -> 0 | Z30: =IF($R30=Z$5,$V30,0) -> 0 | AA30: =IF($R30=AA$5,$V30,0) -> 0 | AB30: =IF($R30=AB$5,$V30,0) -> 0 | AC30: =IF($R30=AC$5,$V30,0) -> 0 | AD30: =IF($R30=AD$5,$V30,0) -> 0 | AE30: =IF($R30=AE$5,$V30,0) -> 0
B31: Line D | E31: 1 | F31: =35-2*F22-1*F23 -> 13.5 | G31: =G30 -> 1.67 | H31: =H30 -> 3 | J31: =IF(I31=0,1,I31)*IF(H31=0,1,H31)*IF(G31=0,1,G31)*IF(F31=0,1,F31)*IF(E31=0,1,E31)*IF(D31=0,1,D31)*IF(C31=0,1,C31) -> 67.635 | L31: Cft | W31: =IF($R31=W$5,$V31,0) -> 0 | X31: =IF($R31=X$5,$V31,0) -> 0 | Y31: =IF($R31=Y$5,$V31,0) -> 0 | Z31: =IF($R31=Z$5,$V31,0) -> 0 | AA31: =IF($R31=AA$5,$V31,0) -> 0 | AB31: =IF($R31=AB$5,$V31,0) -> 0 | AC31: =IF($R31=AC$5,$V31,0) -> 0 | AD31: =IF($R31=AD$5,$V31,0) -> 0 | AE31: =IF($R31=AE$5,$V31,0) -> 0
B32: Line D' | E32: 1 | F32: =9.5-1*F20 -> 4.5 | G32: =G31 -> 1.67 | H32: =H31 -> 3 | J32: =IF(I32=0,1,I32)*IF(H32=0,1,H32)*IF(G32=0,1,G32)*IF(F32=0,1,F32)*IF(E32=0,1,E32)*IF(D32=0,1,D32)*IF(C32=0,1,C32) -> 22.545 | L32: Cft | W32: =IF($R32=W$5,$V32,0) -> 0 | X32: =IF($R32=X$5,$V32,0) -> 0 | Y32: =IF($R32=Y$5,$V32,0) -> 0 | Z32: =IF($R32=Z$5,$V32,0) -> 0 | AA32: =IF($R32=AA$5,$V32,0) -> 0 | AB32: =IF($R32=AB$5,$V32,0) -> 0 | AC32: =IF($R32=AC$5,$V32,0) -> 0 | AD32: =IF($R32=AD$5,$V32,0) -> 0 | AE32: =IF($R32=AE$5,$V32,0) -> 0
B33: Line 1 | E33: 1 | F33: =45-2*F22-1*F23 -> 23.5 | G33: =G32 -> 1.67 | H33: =H32 -> 3 | J33: =IF(I33=0,1,I33)*IF(H33=0,1,H33)*IF(G33=0,1,G33)*IF(F33=0,1,F33)*IF(E33=0,1,E33)*IF(D33=0,1,D33)*IF(C33=0,1,C33) -> 117.735 | L33: Cft | W33: =IF($R33=W$5,$V33,0) -> 0 | X33: =IF($R33=X$5,$V33,0) -> 0 | Y33: =IF($R33=Y$5,$V33,0) -> 0 | Z33: =IF($R33=Z$5,$V33,0) -> 0 | AA33: =IF($R33=AA$5,$V33,0) -> 0 | AB33: =IF($R33=AB$5,$V33,0) -> 0 | AC33: =IF($R33=AC$5,$V33,0) -> 0 | AD33: =IF($R33=AD$5,$V33,0) -> 0 | AE33: =IF($R33=AE$5,$V33,0) -> 0
B34: Line 1' | E34: 2 | F34: =7.83-1*G34 -> 6.16 | G34: =G33 -> 1.67 | H34: =H33 -> 3 | J34: =IF(I34=0,1,I34)*IF(H34=0,1,H34)*IF(G34=0,1,G34)*IF(F34=0,1,F34)*IF(E34=0,1,E34)*IF(D34=0,1,D34)*IF(C34=0,1,C34) -> 61.7232 | L34: Cft | W34: =IF($R34=W$5,$V34,0) -> 0 | X34: =IF($R34=X$5,$V34,0) -> 0 | Y34: =IF($R34=Y$5,$V34,0) -> 0 | Z34: =IF($R34=Z$5,$V34,0) -> 0 | AA34: =IF($R34=AA$5,$V34,0) -> 0 | AB34: =IF($R34=AB$5,$V34,0) -> 0 | AC34: =IF($R34=AC$5,$V34,0) -> 0 | AD34: =IF($R34=AD$5,$V34,0) -> 0 | AE34: =IF($R34=AE$5,$V34,0) -> 0
B35: Line 1" | E35: 1 | F35: =5-0.5*F20-0.5*G35 -> 1.665 | G35: =G34 -> 1.67 | H35: =H34 -> 3 | J35: =IF(I35=0,1,I35)*IF(H35=0,1,H35)*IF(G35=0,1,G35)*IF(F35=0,1,F35)*IF(E35=0,1,E35)*IF(D35=0,1,D35)*IF(C35=0,1,C35) -> 8.34165 | L35: Cft | W35: =IF($R35=W$5,$V35,0) -> 0 | X35: =IF($R35=X$5,$V35,0) -> 0 | Y35: =IF($R35=Y$5,$V35,0) -> 0 | Z35: =IF($R35=Z$5,$V35,0) -> 0 | AA35: =IF($R35=AA$5,$V35,0) -> 0 | AB35: =IF($R35=AB$5,$V35,0) -> 0 | AC35: =IF($R35=AC$5,$V35,0) -> 0 | AD35: =IF($R35=AD$5,$V35,0) -> 0 | AE35: =IF($R35=AE$5,$V35,0) -> 0
B36: Line 2 | E36: 1 | F36: =45+5-0.5*F20-1*F21-2*F22-0.5*F23 -> 23.75 | G36: =G35 -> 1.67 | H36: =H35 -> 3 | J36: =IF(I36=0,1,I36)*IF(H36=0,1,H36)*IF(G36=0,1,G36)*IF(F36=0,1,F36)*IF(E36=0,1,E36)*IF(D36=0,1,D36)*IF(C36=0,1,C36) -> 118.9875 | L36: Cft | W36: =IF($R36=W$5,$V36,0) -> 0 | X36: =IF($R36=X$5,$V36,0) -> 0 | Y36: =IF($R36=Y$5,$V36,0) -> 0 | Z36: =IF($R36=Z$5,$V36,0) -> 0 | AA36: =IF($R36=AA$5,$V36,0) -> 0 | AB36: =IF($R36=AB$5,$V36,0) -> 0 | AC36: =IF($R36=AC$5,$V36,0) -> 0 | AD36: =IF($R36=AD$5,$V36,0) -> 0 | AE36: =IF($R36=AE$5,$V36,0) -> 0
B37: Line 2' | E37: 1 | F37: =5-1*G37 -> 3.33 | G37: =G36 -> 1.67 | H37: =H36 -> 3 | J37: =IF(I37=0,1,I37)*IF(H37=0,1,H37)*IF(G37=0,1,G37)*IF(F37=0,1,F37)*IF(E37=0,1,E37)*IF(D37=0,1,D37)*IF(C37=0,1,C37) -> 16.6833 | L37: Cft | W37: =IF($R37=W$5,$V37,0) -> 0 | X37: =IF($R37=X$5,$V37,0) -> 0 | Y37: =IF($R37=Y$5,$V37,0) -> 0 | Z37: =IF($R37=Z$5,$V37,0) -> 0 | AA37: =IF($R37=AA$5,$V37,0) -> 0 | AB37: =IF($R37=AB$5,$V37,0) -> 0 | AC37: =IF($R37=AC$5,$V37,0) -> 0 | AD37: =IF($R37=AD$5,$V37,0) -> 0 | AE37: =IF($R37=AE$5,$V37,0) -> 0
B38: Line 3 | E38: 1 | F38: =45+5+5-1*F20-4*F22 -> 22 | G38: =G37 -> 1.67 | H38: =H37 -> 3 | J38: =IF(I38=0,1,I38)*IF(H38=0,1,H38)*IF(G38=0,1,G38)*IF(F38=0,1,F38)*IF(E38=0,1,E38)*IF(D38=0,1,D38)*IF(C38=0,1,C38) -> 110.22 | L38: Cft
B39: Line 3' | E39: 1 | F39: =15-1*G39 -> 13.33 | G39: =G38 -> 1.67 | H39: =H38 -> 3 | J39: =IF(I39=0,1,I39)*IF(H39=0,1,H39)*IF(G39=0,1,G39)*IF(F39=0,1,F39)*IF(E39=0,1,E39)*IF(D39=0,1,D39)*IF(C39=0,1,C39) -> 66.7833 | L39: Cft
B40: Line 4 | E40: 1 | F40: =45-1.5*F21-1.5*F22-1*F23 -> 18 | G40: =G39 -> 1.67 | H40: =H39 -> 3 | J40: =IF(I40=0,1,I40)*IF(H40=0,1,H40)*IF(G40=0,1,G40)*IF(F40=0,1,F40)*IF(E40=0,1,E40)*IF(D40=0,1,D40)*IF(C40=0,1,C40) -> 90.18 | L40: Cft
I41: =B25 -> Retaining Wall | K41: =SUM(J25:J41) -> 1019.8105 | L41: Cft | M41: =[4]Detail!$K$60 -> 184.143 | N41: =M41-K41 -> -835.66755 | W41: =IF($R41=W$5,$V41,0) -> 0 | X41: =IF($R41=X$5,$V41,0) -> 0 | Y41: =IF($R41=Y$5,$V41,0) -> 0 | Z41: =IF($R41=Z$5,$V41,0) -> 0 | AA41: =IF($R41=AA$5,$V41,0) -> 0 | AB41: =IF($R41=AB$5,$V41,0) -> 0 | AC41: =IF($R41=AC$5,$V41,0) -> 0 | AD41: =IF($R41=AD$5,$V41,0) -> 0 | AE41: =IF($R41=AE$5,$V41,0) -> 0
K42: =SUM(K20:K41) -> 5607.1231 | L42: Cft | W42: =IF($R42=W$5,$V42,0) -> 0 | X42: =IF($R42=X$5,$V42,0) -> 0 | Y42: =IF($R42=Y$5,$V42,0) -> 0 | Z42: =IF($R42=Z$5,$V42,0) -> 0 | AA42: =IF($R42=AA$5,$V42,0) -> 0 | AB42: =IF($R42=AB$5,$V42,0) -> 0 | AC42: =IF($R42=AC$5,$V42,0) -> 0 | AD42: =IF($R42=AD$5,$V42,0) -> 0 | AE42: =IF($R42=AE$5,$V42,0) -> 0
K43: =K42/100 -> 56.07123 | L43: %Cft | W43: =IF($R43=W$5,$V43,0) -> 0 | X43: =IF($R43=X$5,$V43,0) -> 0 | Y43: =IF($R43=Y$5,$V43,0) -> 0 | Z43: =IF($R43=Z$5,$V43,0) -> 0 | AA43: =IF($R43=AA$5,$V43,0) -> 0 | AB43: =IF($R43=AB$5,$V43,0) -> 0 | AC43: =IF($R43=AC$5,$V43,0) -> 0 | AD43: =IF($R43=AD$5,$V43,0) -> 0 | AE43: =IF($R43=AE$5,$V43,0) -> 0
W44: =IF($R44=W$5,$V44,0) -> 0 | X44: =IF($R44=X$5,$V44,0) -> 0 | Y44: =IF($R44=Y$5,$V44,0) -> 0 | Z44: =IF($R44=Z$5,$V44,0) -> 0 | AA44: =IF($R44=AA$5,$V44,0) -> 0 | AB44: =IF($R44=AB$5,$V44,0) -> 0 | AC44: =IF($R44=AC$5,$V44,0) -> 0 | AD44: =IF($R44=AD$5,$V44,0) -> 0 | AE44: =IF($R44=AE$5,$V44,0) -> 0
A45: 4 | B45: Timber Shuttering Formwork | W45: =IF($R45=W$5,$V45,0) -> 0 | X45: =IF($R45=X$5,$V45,0) -> 0 | Y45: =IF($R45=Y$5,$V45,0) -> 0 | Z45: =IF($R45=Z$5,$V45,0) -> 0 | AA45: =IF($R45=AA$5,$V45,0) -> 0 | AB45: =IF($R45=AB$5,$V45,0) -> 0 | AC45: =IF($R45=AC$5,$V45,0) -> 0 | AD45: =IF($R45=AD$5,$V45,0) -> 0 | AE45: =IF($R45=AE$5,$V45,0) -> 0
B46: (1:3:6) Lean Concrete | W46: =IF($R46=W$5,$V46,0) -> 0 | X46: =IF($R46=X$5,$V46,0) -> 0 | Y46: =IF($R46=Y$5,$V46,0) -> 0 | Z46: =IF($R46=Z$5,$V46,0) -> 0 | AA46: =IF($R46=AA$5,$V46,0) -> 0 | AB46: =IF($R46=AB$5,$V46,0) -> 0 | AC46: =IF($R46=AC$5,$V46,0) -> 0 | AD46: =IF($R46=AD$5,$V46,0) -> 0 | AE46: =IF($R46=AE$5,$V46,0) -> 0
B47: Footing | W47: =IF($R47=W$5,$V47,0) -> 0 | X47: =IF($R47=X$5,$V47,0) -> 0 | Y47: =IF($R47=Y$5,$V47,0) -> 0 | Z47: =IF($R47=Z$5,$V47,0) -> 0 | AA47: =IF($R47=AA$5,$V47,0) -> 0 | AB47: =IF($R47=AB$5,$V47,0) -> 0 | AC47: =IF($R47=AC$5,$V47,0) -> 0 | AD47: =IF($R47=AD$5,$V47,0) -> 0 | AE47: =IF($R47=AE$5,$V47,0) -> 0
B48: =B20 -> F1 (3'-0"x3'-0"x0'-9") | E48: =E20 -> 6 | F48: =F192*2+G192*2 -> 12 | H48: 0.25 | J48: =IF(I48=0,1,I48)*IF(H48=0,1,H48)*IF(G48=0,1,G48)*IF(F48=0,1,F48)*IF(E48=0,1,E48)*IF(D48=0,1,D48)*IF(C48=0,1,C48) -> 18 | W48: =IF($R48=W$5,$V48,0) -> 0 | X48: =IF($R48=X$5,$V48,0) -> 0 | Y48: =IF($R48=Y$5,$V48,0) -> 0 | Z48: =IF($R48=Z$5,$V48,0) -> 0 | AA48: =IF($R48=AA$5,$V48,0) -> 0 | AB48: =IF($R48=AB$5,$V48,0) -> 0 | AC48: =IF($R48=AC$5,$V48,0) -> 0 | AD48: =IF($R48=AD$5,$V48,0) -> 0 | AE48: =IF($R48=AE$5,$V48,0) -> 0
B49: =B21 -> F2 (4'-0"x4'-0"x0'-9") | E49: =E21 -> 3 | F49: =F193*2+G193*2 -> 16 | H49: =H48 -> 0.25 | J49: =IF(I49=0,1,I49)*IF(H49=0,1,H49)*IF(G49=0,1,G49)*IF(F49=0,1,F49)*IF(E49=0,1,E49)*IF(D49=0,1,D49)*IF(C49=0,1,C49) -> 12 | W49: =IF($R49=W$5,$V49,0) -> 0 | X49: =IF($R49=X$5,$V49,0) -> 0 | Y49: =IF($R49=Y$5,$V49,0) -> 0 | Z49: =IF($R49=Z$5,$V49,0) -> 0 | AA49: =IF($R49=AA$5,$V49,0) -> 0 | AB49: =IF($R49=AB$5,$V49,0) -> 0 | AC49: =IF($R49=AC$5,$V49,0) -> 0 | AD49: =IF($R49=AD$5,$V49,0) -> 0 | AE49: =IF($R49=AE$5,$V49,0) -> 0
B50: =B22 -> F3 (5'-0"x5'-0"x0'-10") | E50: =E22 -> 11 | F50: =F194*2+G194*2 -> 20 | H50: =H49 -> 0.25 | J50: =IF(I50=0,1,I50)*IF(H50=0,1,H50)*IF(G50=0,1,G50)*IF(F50=0,1,F50)*IF(E50=0,1,E50)*IF(D50=0,1,D50)*IF(C50=0,1,C50) -> 55
B51: =B23 -> F4 (5'-6"x5'-6"x1'-0") | E51: =E23 -> 3 | F51: =F195*2+G195*2 -> 22 | H51: =H50 -> 0.25 | J51: =IF(I51=0,1,I51)*IF(H51=0,1,H51)*IF(G51=0,1,G51)*IF(F51=0,1,F51)*IF(E51=0,1,E51)*IF(D51=0,1,D51)*IF(C51=0,1,C51) -> 16.5
I52: =B47 -> Footing | K52: =SUM(J47:J52) -> 101.5 | L52: Sft | M52: =[4]Detail!$K$47 -> 37.74 | W52: =IF($R52=W$5,$V52,0) -> 0 | X52: =IF($R52=X$5,$V52,0) -> 0 | Y52: =IF($R52=Y$5,$V52,0) -> 0 | Z52: =IF($R52=Z$5,$V52,0) -> 0 | AA52: =IF($R52=AA$5,$V52,0) -> 0 | AB52: =IF($R52=AB$5,$V52,0) -> 0 | AC52: =IF($R52=AC$5,$V52,0) -> 0 | AD52: =IF($R52=AD$5,$V52,0) -> 0 | AE52: =IF($R52=AE$5,$V52,0) -> 0
B53: Retaining Wall | W53: =IF($R53=W$5,$V53,0) -> 0 | X53: =IF($R53=X$5,$V53,0) -> 0 | Y53: =IF($R53=Y$5,$V53,0) -> 0 | Z53: =IF($R53=Z$5,$V53,0) -> 0 | AA53: =IF($R53=AA$5,$V53,0) -> 0 | AB53: =IF($R53=AB$5,$V53,0) -> 0 | AC53: =IF($R53=AC$5,$V53,0) -> 0 | AD53: =IF($R53=AD$5,$V53,0) -> 0 | AE53: =IF($R53=AE$5,$V53,0) -> 0
B54: =B26 -> Line A | D54: 2 | E54: =E26 -> 1 | F54: =35-3*0.83 -> 32.51 | H54: 0.5 | J54: =IF(I54=0,1,I54)*IF(H54=0,1,H54)*IF(G54=0,1,G54)*IF(F54=0,1,F54)*IF(E54=0,1,E54)*IF(D54=0,1,D54)*IF(C54=0,1,C54) -> 32.51 | L54: Sft | W54: =IF($R54=W$5,$V54,0) -> 0 | X54: =IF($R54=X$5,$V54,0) -> 0 | Y54: =IF($R54=Y$5,$V54,0) -> 0 | Z54: =IF($R54=Z$5,$V54,0) -> 0 | AA54: =IF($R54=AA$5,$V54,0) -> 0 | AB54: =IF($R54=AB$5,$V54,0) -> 0 | AC54: =IF($R54=AC$5,$V54,0) -> 0 | AD54: =IF($R54=AD$5,$V54,0) -> 0 | AE54: =IF($R54=AE$5,$V54,0) -> 0 | AF54: =14*0.75*1*2 -> 21
B55: =B27 -> Line A' | D55: =D54 -> 2 | E55: =E27 -> 1 | F55: =5-1*0.83 -> 4.17 | H55: =H54 -> 0.5 | J55: =IF(I55=0,1,I55)*IF(H55=0,1,H55)*IF(G55=0,1,G55)*IF(F55=0,1,F55)*IF(E55=0,1,E55)*IF(D55=0,1,D55)*IF(C55=0,1,C55) -> 4.17 | L55: Sft | W55: =IF($R55=W$5,$V55,0) -> 0 | X55: =IF($R55=X$5,$V55,0) -> 0 | Y55: =IF($R55=Y$5,$V55,0) -> 0 | Z55: =IF($R55=Z$5,$V55,0) -> 0 | AA55: =IF($R55=AA$5,$V55,0) -> 0 | AB55: =IF($R55=AB$5,$V55,0) -> 0 | AC55: =IF($R55=AC$5,$V55,0) -> 0 | AD55: =IF($R55=AD$5,$V55,0) -> 0 | AE55: =IF($R55=AE$5,$V55,0) -> 0
B56: =B28 -> Line B | D56: =D55 -> 2 | E56: =E28 -> 1 | F56: =35+5-4*0.83 -> 36.68 | H56: =H55 -> 0.5 | J56: =IF(I56=0,1,I56)*IF(H56=0,1,H56)*IF(G56=0,1,G56)*IF(F56=0,1,F56)*IF(E56=0,1,E56)*IF(D56=0,1,D56)*IF(C56=0,1,C56) -> 36.68 | L56: Sft | N56: =16.5*2 -> 33 | W56: =IF($R56=W$5,$V56,0) -> 0 | X56: =IF($R56=X$5,$V56,0) -> 0 | Y56: =IF($R56=Y$5,$V56,0) -> 0 | Z56: =IF($R56=Z$5,$V56,0) -> 0 | AA56: =IF($R56=AA$5,$V56,0) -> 0 | AB56: =IF($R56=AB$5,$V56,0) -> 0 | AC56: =IF($R56=AC$5,$V56,0) -> 0 | AD56: =IF($R56=AD$5,$V56,0) -> 0 | AE56: =IF($R56=AE$5,$V56,0) -> 0
B57: =B29 -> Line B',C' | D57: =D56 -> 2 | E57: =E29 -> 2 | F57: =14.5-1*$G$29 -> 12.83 | H57: =H56 -> 0.5 | J57: =IF(I57=0,1,I57)*IF(H57=0,1,H57)*IF(G57=0,1,G57)*IF(F57=0,1,F57)*IF(E57=0,1,E57)*IF(D57=0,1,D57)*IF(C57=0,1,C57) -> 25.66 | L57: Sft | N57: 300000 | W57: =IF($R57=W$5,$V57,0) -> 0 | X57: =IF($R57=X$5,$V57,0) -> 0 | Y57: =IF($R57=Y$5,$V57,0) -> 0 | Z57: =IF($R57=Z$5,$V57,0) -> 0 | AA57: =IF($R57=AA$5,$V57,0) -> 0 | AB57: =IF($R57=AB$5,$V57,0) -> 0 | AC57: =IF($R57=AC$5,$V57,0) -> 0 | AD57: =IF($R57=AD$5,$V57,0) -> 0 | AE57: =IF($R57=AE$5,$V57,0) -> 0
B58: =B30 -> Line C | D58: =D57 -> 2 | E58: =E30 -> 1 | F58: =35-1.5*1-1.5*0.83 -> 32.255 | H58: =H57 -> 0.5 | J58: =IF(I58=0,1,I58)*IF(H58=0,1,H58)*IF(G58=0,1,G58)*IF(F58=0,1,F58)*IF(E58=0,1,E58)*IF(D58=0,1,D58)*IF(C58=0,1,C58) -> 32.255 | L58: Sft | N58: =N57/N56 -> 9090.9091 | W58: =IF($R58=W$5,$V58,0) -> 0 | X58: =IF($R58=X$5,$V58,0) -> 0 | Y58: =IF($R58=Y$5,$V58,0) -> 0 | Z58: =IF($R58=Z$5,$V58,0) -> 0 | AA58: =IF($R58=AA$5,$V58,0) -> 0 | AB58: =IF($R58=AB$5,$V58,0) -> 0 | AC58: =IF($R58=AC$5,$V58,0) -> 0 | AD58: =IF($R58=AD$5,$V58,0) -> 0 | AE58: =IF($R58=AE$5,$V58,0) -> 0
B59: =B31 -> Line D | D59: =D58 -> 2 | E59: =E31 -> 1 | F59: =35-2.5*1-0.5*0.83 -> 32.085 | H59: =H58 -> 0.5 | J59: =IF(I59=0,1,I59)*IF(H59=0,1,H59)*IF(G59=0,1,G59)*IF(F59=0,1,F59)*IF(E59=0,1,E59)*IF(D59=0,1,D59)*IF(C59=0,1,C59) -> 32.085 | L59: Sft | W59: =IF($R59=W$5,$V59,0) -> 0 | X59: =IF($R59=X$5,$V59,0) -> 0 | Y59: =IF($R59=Y$5,$V59,0) -> 0 | Z59: =IF($R59=Z$5,$V59,0) -> 0 | AA59: =IF($R59=AA$5,$V59,0) -> 0 | AB59: =IF($R59=AB$5,$V59,0) -> 0 | AC59: =IF($R59=AC$5,$V59,0) -> 0 | AD59: =IF($R59=AD$5,$V59,0) -> 0 | AE59: =IF($R59=AE$5,$V59,0) -> 0
B60: =B32 -> Line D' | D60: =D59 -> 2 | E60: =E32 -> 1 | F60: =9.5-1*0.83 -> 8.67 | H60: =H59 -> 0.5 | J60: =IF(I60=0,1,I60)*IF(H60=0,1,H60)*IF(G60=0,1,G60)*IF(F60=0,1,F60)*IF(E60=0,1,E60)*IF(D60=0,1,D60)*IF(C60=0,1,C60) -> 8.67 | L60: Sft | W60: =IF($R60=W$5,$V60,0) -> 0 | X60: =IF($R60=X$5,$V60,0) -> 0 | Y60: =IF($R60=Y$5,$V60,0) -> 0 | Z60: =IF($R60=Z$5,$V60,0) -> 0 | AA60: =IF($R60=AA$5,$V60,0) -> 0 | AB60: =IF($R60=AB$5,$V60,0) -> 0 | AC60: =IF($R60=AC$5,$V60,0) -> 0 | AD60: =IF($R60=AD$5,$V60,0) -> 0 | AE60: =IF($R60=AE$5,$V60,0) -> 0
B61: =B33 -> Line 1 | D61: =D60 -> 2 | E61: =E33 -> 1 | F61: =45-1.5*1-1.5*0.83 -> 42.255 | H61: =H60 -> 0.5 | J61: =IF(I61=0,1,I61)*IF(H61=0,1,H61)*IF(G61=0,1,G61)*IF(F61=0,1,F61)*IF(E61=0,1,E61)*IF(D61=0,1,D61)*IF(C61=0,1,C61) -> 42.255 | L61: Sft | W61: =IF($R61=W$5,$V61,0) -> 0 | X61: =IF($R61=X$5,$V61,0) -> 0 | Y61: =IF($R61=Y$5,$V61,0) -> 0 | Z61: =IF($R61=Z$5,$V61,0) -> 0 | AA61: =IF($R61=AA$5,$V61,0) -> 0 | AB61: =IF($R61=AB$5,$V61,0) -> 0 | AC61: =IF($R61=AC$5,$V61,0) -> 0 | AD61: =IF($R61=AD$5,$V61,0) -> 0 | AE61: =IF($R61=AE$5,$V61,0) -> 0
B62: =B34 -> Line 1' | D62: =D61 -> 2 | E62: =E34 -> 2 | F62: =7.83-1*$G$34 -> 6.16 | H62: =H61 -> 0.5 | J62: =IF(I62=0,1,I62)*IF(H62=0,1,H62)*IF(G62=0,1,G62)*IF(F62=0,1,F62)*IF(E62=0,1,E62)*IF(D62=0,1,D62)*IF(C62=0,1,C62) -> 12.32 | L62: Sft | W62: =IF($R62=W$5,$V62,0) -> 0 | X62: =IF($R62=X$5,$V62,0) -> 0 | Y62: =IF($R62=Y$5,$V62,0) -> 0 | Z62: =IF($R62=Z$5,$V62,0) -> 0 | AA62: =IF($R62=AA$5,$V62,0) -> 0 | AB62: =IF($R62=AB$5,$V62,0) -> 0 | AC62: =IF($R62=AC$5,$V62,0) -> 0 | AD62: =IF($R62=AD$5,$V62,0) -> 0 | AE62: =IF($R62=AE$5,$V62,0) -> 0
B63: =B35 -> Line 1" | D63: =D62 -> 2 | E63: =E35 -> 1 | F63: =5-0.5*0.83-0.5*$G$35 -> 3.75 | H63: =H62 -> 0.5 | J63: =IF(I63=0,1,I63)*IF(H63=0,1,H63)*IF(G63=0,1,G63)*IF(F63=0,1,F63)*IF(E63=0,1,E63)*IF(D63=0,1,D63)*IF(C63=0,1,C63) -> 3.75 | L63: Sft | W63: =IF($R63=W$5,$V63,0) -> 0 | X63: =IF($R63=X$5,$V63,0) -> 0 | Y63: =IF($R63=Y$5,$V63,0) -> 0 | Z63: =IF($R63=Z$5,$V63,0) -> 0 | AA63: =IF($R63=AA$5,$V63,0) -> 0 | AB63: =IF($R63=AB$5,$V63,0) -> 0 | AC63: =IF($R63=AC$5,$V63,0) -> 0 | AD63: =IF($R63=AD$5,$V63,0) -> 0 | AE63: =IF($R63=AE$5,$V63,0) -> 0
B64: =B36 -> Line 2 | D64: =D63 -> 2 | E64: =E36 -> 1 | F64: =45+5-1.5*1-2.5*0.83 -> 46.425 | H64: =H63 -> 0.5 | J64: =IF(I64=0,1,I64)*IF(H64=0,1,H64)*IF(G64=0,1,G64)*IF(F64=0,1,F64)*IF(E64=0,1,E64)*IF(D64=0,1,D64)*IF(C64=0,1,C64) -> 46.425 | L64: Sft | W64: =IF($R64=W$5,$V64,0) -> 0 | X64: =IF($R64=X$5,$V64,0) -> 0 | Y64: =IF($R64=Y$5,$V64,0) -> 0 | Z64: =IF($R64=Z$5,$V64,0) -> 0 | AA64: =IF($R64=AA$5,$V64,0) -> 0 | AB64: =IF($R64=AB$5,$V64,0) -> 0 | AC64: =IF($R64=AC$5,$V64,0) -> 0 | AD64: =IF($R64=AD$5,$V64,0) -> 0 | AE64: =IF($R64=AE$5,$V64,0) -> 0
B65: =B37 -> Line 2' | D65: =D64 -> 2 | E65: =E37 -> 1 | F65: =5-1*$G$37 -> 3.33 | H65: =H64 -> 0.5 | J65: =IF(I65=0,1,I65)*IF(H65=0,1,H65)*IF(G65=0,1,G65)*IF(F65=0,1,F65)*IF(E65=0,1,E65)*IF(D65=0,1,D65)*IF(C65=0,1,C65) -> 3.33 | L65: Sft | W65: =IF($R65=W$5,$V65,0) -> 0 | X65: =IF($R65=X$5,$V65,0) -> 0 | Y65: =IF($R65=Y$5,$V65,0) -> 0 | Z65: =IF($R65=Z$5,$V65,0) -> 0 | AA65: =IF($R65=AA$5,$V65,0) -> 0 | AB65: =IF($R65=AB$5,$V65,0) -> 0 | AC65: =IF($R65=AC$5,$V65,0) -> 0 | AD65: =IF($R65=AD$5,$V65,0) -> 0 | AE65: =IF($R65=AE$5,$V65,0) -> 0
B66: =B38 -> Line 3 | D66: =D65 -> 2 | E66: =E38 -> 1 | F66: =45+5+5-1*1-4*0.83 -> 50.68 | H66: =H65 -> 0.5 | J66: =IF(I66=0,1,I66)*IF(H66=0,1,H66)*IF(G66=0,1,G66)*IF(F66=0,1,F66)*IF(E66=0,1,E66)*IF(D66=0,1,D66)*IF(C66=0,1,C66) -> 50.68 | L66: Sft
B67: =B39 -> Line 3' | D67: =D66 -> 2 | E67: =E39 -> 1 | F67: =15-1*$G$39 -> 13.33 | H67: =H66 -> 0.5 | J67: =IF(I67=0,1,I67)*IF(H67=0,1,H67)*IF(G67=0,1,G67)*IF(F67=0,1,F67)*IF(E67=0,1,E67)*IF(D67=0,1,D67)*IF(C67=0,1,C67) -> 13.33 | L67: Sft
B68: =B40 -> Line 4 | D68: =D67 -> 2 | E68: =E40 -> 1 | F68: =45-4*0.83 -> 41.68 | H68: =H67 -> 0.5 | J68: =IF(I68=0,1,I68)*IF(H68=0,1,H68)*IF(G68=0,1,G68)*IF(F68=0,1,F68)*IF(E68=0,1,E68)*IF(D68=0,1,D68)*IF(C68=0,1,C68) -> 41.68 | L68: Sft
I69: =B53 -> Retaining Wall | K69: =SUM(J53:J69) -> 385.8 | L69: Sft | M69: =[4]Detail!$K$60 -> 184.143 | N69: =M69-K69 -> -201.657 | W69: =IF($R69=W$5,$V69,0) -> 0 | X69: =IF($R69=X$5,$V69,0) -> 0 | Y69: =IF($R69=Y$5,$V69,0) -> 0 | Z69: =IF($R69=Z$5,$V69,0) -> 0 | AA69: =IF($R69=AA$5,$V69,0) -> 0 | AB69: =IF($R69=AB$5,$V69,0) -> 0 | AC69: =IF($R69=AC$5,$V69,0) -> 0 | AD69: =IF($R69=AD$5,$V69,0) -> 0 | AE69: =IF($R69=AE$5,$V69,0) -> 0
B70: (1:2:4) RCC Work | W70: =IF($R70=W$5,$V70,0) -> 0 | X70: =IF($R70=X$5,$V70,0) -> 0 | Y70: =IF($R70=Y$5,$V70,0) -> 0 | Z70: =IF($R70=Z$5,$V70,0) -> 0 | AA70: =IF($R70=AA$5,$V70,0) -> 0 | AB70: =IF($R70=AB$5,$V70,0) -> 0 | AC70: =IF($R70=AC$5,$V70,0) -> 0 | AD70: =IF($R70=AD$5,$V70,0) -> 0 | AE70: =IF($R70=AE$5,$V70,0) -> 0
B71: Footing | W71: =IF($R71=W$5,$V71,0) -> 0 | X71: =IF($R71=X$5,$V71,0) -> 0 | Y71: =IF($R71=Y$5,$V71,0) -> 0 | Z71: =IF($R71=Z$5,$V71,0) -> 0 | AA71: =IF($R71=AA$5,$V71,0) -> 0 | AB71: =IF($R71=AB$5,$V71,0) -> 0 | AC71: =IF($R71=AC$5,$V71,0) -> 0 | AD71: =IF($R71=AD$5,$V71,0) -> 0 | AE71: =IF($R71=AE$5,$V71,0) -> 0
B72: =B48 -> F1 (3'-0"x3'-0"x0'-9") | E72: =E48 -> 6 | F72: =F48 -> 12 | H72: 0.75 | J72: =IF(I72=0,1,I72)*IF(H72=0,1,H72)*IF(G72=0,1,G72)*IF(F72=0,1,F72)*IF(E72=0,1,E72)*IF(D72=0,1,D72)*IF(C72=0,1,C72) -> 54 | W72: =IF($R72=W$5,$V72,0) -> 0 | X72: =IF($R72=X$5,$V72,0) -> 0 | Y72: =IF($R72=Y$5,$V72,0) -> 0 | Z72: =IF($R72=Z$5,$V72,0) -> 0 | AA72: =IF($R72=AA$5,$V72,0) -> 0 | AB72: =IF($R72=AB$5,$V72,0) -> 0 | AC72: =IF($R72=AC$5,$V72,0) -> 0 | AD72: =IF($R72=AD$5,$V72,0) -> 0 | AE72: =IF($R72=AE$5,$V72,0) -> 0
B73: =B49 -> F2 (4'-0"x4'-0"x0'-9") | E73: =E49 -> 3 | F73: =F49 -> 16 | H73: 0.75 | J73: =IF(I73=0,1,I73)*IF(H73=0,1,H73)*IF(G73=0,1,G73)*IF(F73=0,1,F73)*IF(E73=0,1,E73)*IF(D73=0,1,D73)*IF(C73=0,1,C73) -> 36 | W73: =IF($R73=W$5,$V73,0) -> 0 | X73: =IF($R73=X$5,$V73,0) -> 0 | Y73: =IF($R73=Y$5,$V73,0) -> 0 | Z73: =IF($R73=Z$5,$V73,0) -> 0 | AA73: =IF($R73=AA$5,$V73,0) -> 0 | AB73: =IF($R73=AB$5,$V73,0) -> 0 | AC73: =IF($R73=AC$5,$V73,0) -> 0 | AD73: =IF($R73=AD$5,$V73,0) -> 0 | AE73: =IF($R73=AE$5,$V73,0) -> 0
B74: =B50 -> F3 (5'-0"x5'-0"x0'-10") | E74: =E50 -> 11 | F74: =F50 -> 20 | H74: 0.83 | J74: =IF(I74=0,1,I74)*IF(H74=0,1,H74)*IF(G74=0,1,G74)*IF(F74=0,1,F74)*IF(E74=0,1,E74)*IF(D74=0,1,D74)*IF(C74=0,1,C74) -> 182.6
B75: =B51 -> F4 (5'-6"x5'-6"x1'-0") | E75: =E51 -> 3 | F75: =F51 -> 22 | H75: 1 | J75: =IF(I75=0,1,I75)*IF(H75=0,1,H75)*IF(G75=0,1,G75)*IF(F75=0,1,F75)*IF(E75=0,1,E75)*IF(D75=0,1,D75)*IF(C75=0,1,C75) -> 66
I76: =B71 -> Footing | K76: =SUM(J71:J76) -> 338.6 | L76: Sft | M76: =[4]Detail!$K$65 -> 588 | W76: =IF($R76=W$5,$V76,0) -> 0 | X76: =IF($R76=X$5,$V76,0) -> 0 | Y76: =IF($R76=Y$5,$V76,0) -> 0 | Z76: =IF($R76=Z$5,$V76,0) -> 0 | AA76: =IF($R76=AA$5,$V76,0) -> 0 | AB76: =IF($R76=AB$5,$V76,0) -> 0 | AC76: =IF($R76=AC$5,$V76,0) -> 0 | AD76: =IF($R76=AD$5,$V76,0) -> 0 | AE76: =IF($R76=AE$5,$V76,0) -> 0
B77: Short Column | W77: =IF($R77=W$5,$V77,0) -> 0 | X77: =IF($R77=X$5,$V77,0) -> 0 | Y77: =IF($R77=Y$5,$V77,0) -> 0 | Z77: =IF($R77=Z$5,$V77,0) -> 0 | AA77: =IF($R77=AA$5,$V77,0) -> 0 | AB77: =IF($R77=AB$5,$V77,0) -> 0 | AC77: =IF($R77=AC$5,$V77,0) -> 0 | AD77: =IF($R77=AD$5,$V77,0) -> 0 | AE77: =IF($R77=AE$5,$V77,0) -> 0
B78: C1 (12"x12") on F3 | E78: 3 | F78: =1*4 -> 4 | H78: =4+3-$H$74 -> 6.17 | J78: =IF(I78=0,1,I78)*IF(H78=0,1,H78)*IF(G78=0,1,G78)*IF(F78=0,1,F78)*IF(E78=0,1,E78)*IF(D78=0,1,D78)*IF(C78=0,1,C78) -> 74.04 | L78: Sft | W78: =IF($R78=W$5,$V78,0) -> 0 | X78: =IF($R78=X$5,$V78,0) -> 0 | Y78: =IF($R78=Y$5,$V78,0) -> 0 | Z78: =IF($R78=Z$5,$V78,0) -> 0 | AA78: =IF($R78=AA$5,$V78,0) -> 0 | AB78: =IF($R78=AB$5,$V78,0) -> 0 | AC78: =IF($R78=AC$5,$V78,0) -> 0 | AD78: =IF($R78=AD$5,$V78,0) -> 0 | AE78: =IF($R78=AE$5,$V78,0) -> 0 | AF78: =381+609 -> 990 | AG78: =9.9/3.281 -> 3.0173728 | AH78: =1.25+9+3 -> 13.25
B79: C1 (12"x12") on F4 | E79: 2 | F79: =1*4 -> 4 | H79: =4+3-$H$75 -> 6 | J79: =IF(I79=0,1,I79)*IF(H79=0,1,H79)*IF(G79=0,1,G79)*IF(F79=0,1,F79)*IF(E79=0,1,E79)*IF(D79=0,1,D79)*IF(C79=0,1,C79) -> 48 | L79: Sft
B80: C2 (10"x10") on F1 | E80: =$E$72 -> 6 | F80: =0.83*4 -> 3.32 | H80: =4+3-$H$72 -> 6.25 | J80: =IF(I80=0,1,I80)*IF(H80=0,1,H80)*IF(G80=0,1,G80)*IF(F80=0,1,F80)*IF(E80=0,1,E80)*IF(D80=0,1,D80)*IF(C80=0,1,C80) -> 124.5 | L80: Sft
B81: C2 (10"x10") on F2 | E81: =$E$73 -> 3 | F81: =0.83*4 -> 3.32 | H81: =4+3-$H$73 -> 6.25 | J81: =IF(I81=0,1,I81)*IF(H81=0,1,H81)*IF(G81=0,1,G81)*IF(F81=0,1,F81)*IF(E81=0,1,E81)*IF(D81=0,1,D81)*IF(C81=0,1,C81) -> 62.25 | L81: Sft
B82: C2 (10"x10") on F3 | E82: =$E$74-$E$78 -> 8 | F82: =0.83*4 -> 3.32 | H82: =4+3-$H$74 -> 6.17 | J82: =IF(I82=0,1,I82)*IF(H82=0,1,H82)*IF(G82=0,1,G82)*IF(F82=0,1,F82)*IF(E82=0,1,E82)*IF(D82=0,1,D82)*IF(C82=0,1,C82) -> 163.8752 | L82: Sft
B83: C2 (10"x10") on F4 | E83: =$E$75-$E$79 -> 1 | F83: =0.83*4 -> 3.32 | H83: =4+3-$H$75 -> 6 | J83: =IF(I83=0,1,I83)*IF(H83=0,1,H83)*IF(G83=0,1,G83)*IF(F83=0,1,F83)*IF(E83=0,1,E83)*IF(D83=0,1,D83)*IF(C83=0,1,C83) -> 19.92 | L83: Sft
I84: =B77 -> Short Column | K84: =SUM(J77:J84) -> 492.5852 | L84: Sft | M84: =[4]Detail!$K$72 -> 287.76 | W84: =IF($R84=W$5,$V84,0) -> 0 | X84: =IF($R84=X$5,$V84,0) -> 0 | Y84: =IF($R84=Y$5,$V84,0) -> 0 | Z84: =IF($R84=Z$5,$V84,0) -> 0 | AA84: =IF($R84=AA$5,$V84,0) -> 0 | AB84: =IF($R84=AB$5,$V84,0) -> 0 | AC84: =IF($R84=AC$5,$V84,0) -> 0 | AD84: =IF($R84=AD$5,$V84,0) -> 0 | AE84: =IF($R84=AE$5,$V84,0) -> 0
B85: Ground Floor Column | W85: =IF($R85=W$5,$V85,0) -> 0 | X85: =IF($R85=X$5,$V85,0) -> 0 | Y85: =IF($R85=Y$5,$V85,0) -> 0 | Z85: =IF($R85=Z$5,$V85,0) -> 0 | AA85: =IF($R85=AA$5,$V85,0) -> 0 | AB85: =IF($R85=AB$5,$V85,0) -> 0 | AC85: =IF($R85=AC$5,$V85,0) -> 0 | AD85: =IF($R85=AD$5,$V85,0) -> 0 | AE85: =IF($R85=AE$5,$V85,0) -> 0
B86: C2 (10"x10") | E86: 23 | F86: =F289*2+G289*2 -> 3.32 | H86: 13 | J86: =IF(I86=0,1,I86)*IF(H86=0,1,H86)*IF(G86=0,1,G86)*IF(F86=0,1,F86)*IF(E86=0,1,E86)*IF(D86=0,1,D86)*IF(C86=0,1,C86) -> 992.68 | L86: Sft | W86: =IF($R86=W$5,$V86,0) -> 0 | X86: =IF($R86=X$5,$V86,0) -> 0 | Y86: =IF($R86=Y$5,$V86,0) -> 0 | Z86: =IF($R86=Z$5,$V86,0) -> 0 | AA86: =IF($R86=AA$5,$V86,0) -> 0 | AB86: =IF($R86=AB$5,$V86,0) -> 0 | AC86: =IF($R86=AC$5,$V86,0) -> 0 | AD86: =IF($R86=AD$5,$V86,0) -> 0 | AE86: =IF($R86=AE$5,$V86,0) -> 0 | AF86: =381+609 -> 990 | AG86: =9.9/3.281 -> 3.0173728 | AH86: =1.25+9+3 -> 13.25
B87: PC1 (10"x10") | E87: 10 | F87: =0.83*2+0.83*2 -> 3.32 | H87: 5 | J87: =IF(I87=0,1,I87)*IF(H87=0,1,H87)*IF(G87=0,1,G87)*IF(F87=0,1,F87)*IF(E87=0,1,E87)*IF(D87=0,1,D87)*IF(C87=0,1,C87) -> 166 | L87: Sft | W87: =IF($R87=W$5,$V87,0) -> 0 | X87: =IF($R87=X$5,$V87,0) -> 0 | Y87: =IF($R87=Y$5,$V87,0) -> 0 | Z87: =IF($R87=Z$5,$V87,0) -> 0 | AA87: =IF($R87=AA$5,$V87,0) -> 0 | AB87: =IF($R87=AB$5,$V87,0) -> 0 | AC87: =IF($R87=AC$5,$V87,0) -> 0 | AD87: =IF($R87=AD$5,$V87,0) -> 0 | AE87: =IF($R87=AE$5,$V87,0) -> 0 | AF87: =381+609 -> 990 | AG87: =9.9/3.281 -> 3.0173728 | AH87: =1.25+9+3 -> 13.25
B88: PC2 (10"x10") | E88: 4 | F88: =0.83*2+0.83*2 -> 3.32 | H88: 10 | J88: =IF(I88=0,1,I88)*IF(H88=0,1,H88)*IF(G88=0,1,G88)*IF(F88=0,1,F88)*IF(E88=0,1,E88)*IF(D88=0,1,D88)*IF(C88=0,1,C88) -> 132.8 | L88: Sft | W88: =IF($R88=W$5,$V88,0) -> 0 | X88: =IF($R88=X$5,$V88,0) -> 0 | Y88: =IF($R88=Y$5,$V88,0) -> 0 | Z88: =IF($R88=Z$5,$V88,0) -> 0 | AA88: =IF($R88=AA$5,$V88,0) -> 0 | AB88: =IF($R88=AB$5,$V88,0) -> 0 | AC88: =IF($R88=AC$5,$V88,0) -> 0 | AD88: =IF($R88=AD$5,$V88,0) -> 0 | AE88: =IF($R88=AE$5,$V88,0) -> 0 | AF88: =381+609 -> 990 | AG88: =9.9/3.281 -> 3.0173728 | AH88: =1.25+9+3 -> 13.25
I89: =B85 -> Ground Floor Column | K89: =SUM(J85:J89) -> 1291.48 | L89: Sft | M89: =[4]Detail!$K$79 -> 706.2 | N89: =K89/32 -> 40.35875 | W89: =IF($R89=W$5,$V89,0) -> 0 | X89: =IF($R89=X$5,$V89,0) -> 0 | Y89: =IF($R89=Y$5,$V89,0) -> 0 | Z89: =IF($R89=Z$5,$V89,0) -> 0 | AA89: =IF($R89=AA$5,$V89,0) -> 0 | AB89: =IF($R89=AB$5,$V89,0) -> 0 | AC89: =IF($R89=AC$5,$V89,0) -> 0 | AD89: =IF($R89=AD$5,$V89,0) -> 0 | AE89: =IF($R89=AE$5,$V89,0) -> 0
B90: Plinth Beam | W90: =IF($R90=W$5,$V90,0) -> 0 | X90: =IF($R90=X$5,$V90,0) -> 0 | Y90: =IF($R90=Y$5,$V90,0) -> 0 | Z90: =IF($R90=Z$5,$V90,0) -> 0 | AA90: =IF($R90=AA$5,$V90,0) -> 0 | AB90: =IF($R90=AB$5,$V90,0) -> 0 | AC90: =IF($R90=AC$5,$V90,0) -> 0 | AD90: =IF($R90=AD$5,$V90,0) -> 0 | AE90: =IF($R90=AE$5,$V90,0) -> 0
B91: PB1(10"x10") | W91: =IF($R91=W$5,$V91,0) -> 0 | X91: =IF($R91=X$5,$V91,0) -> 0 | Y91: =IF($R91=Y$5,$V91,0) -> 0 | Z91: =IF($R91=Z$5,$V91,0) -> 0 | AA91: =IF($R91=AA$5,$V91,0) -> 0 | AB91: =IF($R91=AB$5,$V91,0) -> 0 | AC91: =IF($R91=AC$5,$V91,0) -> 0 | AD91: =IF($R91=AD$5,$V91,0) -> 0 | AE91: =IF($R91=AE$5,$V91,0) -> 0
B92: Line A,B,C | D92: 2 | E92: 3 | F92: 6 | H92: 0.83 | J92: =IF(I92=0,1,I92)*IF(H92=0,1,H92)*IF(G92=0,1,G92)*IF(F92=0,1,F92)*IF(E92=0,1,E92)*IF(D92=0,1,D92)*IF(C92=0,1,C92) -> 29.88 | L92: Sft | W92: =IF($R92=W$5,$V92,0) -> 0 | X92: =IF($R92=X$5,$V92,0) -> 0 | Y92: =IF($R92=Y$5,$V92,0) -> 0 | Z92: =IF($R92=Z$5,$V92,0) -> 0 | AA92: =IF($R92=AA$5,$V92,0) -> 0 | AB92: =IF($R92=AB$5,$V92,0) -> 0 | AC92: =IF($R92=AC$5,$V92,0) -> 0 | AD92: =IF($R92=AD$5,$V92,0) -> 0 | AE92: =IF($R92=AE$5,$V92,0) -> 0
B93: Line A',B | D93: 2 | E93: 2 | F93: =5-0.83 -> 4.17 | H93: =H92 -> 0.83 | J93: =IF(I93=0,1,I93)*IF(H93=0,1,H93)*IF(G93=0,1,G93)*IF(F93=0,1,F93)*IF(E93=0,1,E93)*IF(D93=0,1,D93)*IF(C93=0,1,C93) -> 13.8444 | L93: Sft | W93: =IF($R93=W$5,$V93,0) -> 0 | X93: =IF($R93=X$5,$V93,0) -> 0 | Y93: =IF($R93=Y$5,$V93,0) -> 0 | Z93: =IF($R93=Z$5,$V93,0) -> 0 | AA93: =IF($R93=AA$5,$V93,0) -> 0 | AB93: =IF($R93=AB$5,$V93,0) -> 0 | AC93: =IF($R93=AC$5,$V93,0) -> 0 | AD93: =IF($R93=AD$5,$V93,0) -> 0 | AE93: =IF($R93=AE$5,$V93,0) -> 0
B94: Line D' | D94: 2 | E94: 1 | F94: =9.5-2*0.83 -> 7.84 | H94: =H93 -> 0.83 | J94: =IF(I94=0,1,I94)*IF(H94=0,1,H94)*IF(G94=0,1,G94)*IF(F94=0,1,F94)*IF(E94=0,1,E94)*IF(D94=0,1,D94)*IF(C94=0,1,C94) -> 13.0144 | L94: Sft | W94: =IF($R94=W$5,$V94,0) -> 0 | X94: =IF($R94=X$5,$V94,0) -> 0 | Y94: =IF($R94=Y$5,$V94,0) -> 0 | Z94: =IF($R94=Z$5,$V94,0) -> 0 | AA94: =IF($R94=AA$5,$V94,0) -> 0 | AB94: =IF($R94=AB$5,$V94,0) -> 0 | AC94: =IF($R94=AC$5,$V94,0) -> 0 | AD94: =IF($R94=AD$5,$V94,0) -> 0 | AE94: =IF($R94=AE$5,$V94,0) -> 0
B95: Line 1' | D95: 2 | E95: 2 | F95: =7.83-0.5*0.83-0.5*1 -> 6.915 | H95: =H94 -> 0.83 | J95: =IF(I95=0,1,I95)*IF(H95=0,1,H95)*IF(G95=0,1,G95)*IF(F95=0,1,F95)*IF(E95=0,1,E95)*IF(D95=0,1,D95)*IF(C95=0,1,C95) -> 22.9578 | L95: Sft
B96: Line 2&3 | D96: 2 | E96: 2 | F96: =5-0.83 -> 4.17 | H96: =H95 -> 0.83 | J96: =IF(I96=0,1,I96)*IF(H96=0,1,H96)*IF(G96=0,1,G96)*IF(F96=0,1,F96)*IF(E96=0,1,E96)*IF(D96=0,1,D96)*IF(C96=0,1,C96) -> 13.8444 | L96: Sft
B97: Line 2' | D97: 2 | E97: 1 | F97: =5-0.83 -> 4.17 | H97: =H96 -> 0.83 | J97: =IF(I97=0,1,I97)*IF(H97=0,1,H97)*IF(G97=0,1,G97)*IF(F97=0,1,F97)*IF(E97=0,1,E97)*IF(D97=0,1,D97)*IF(C97=0,1,C97) -> 6.9222 | L97: Sft
B98: Line 4 | D98: 2 | E98: 1 | F98: =15-2*0.83 -> 13.34 | H98: =H97 -> 0.83 | J98: =IF(I98=0,1,I98)*IF(H98=0,1,H98)*IF(G98=0,1,G98)*IF(F98=0,1,F98)*IF(E98=0,1,E98)*IF(D98=0,1,D98)*IF(C98=0,1,C98) -> 22.1444 | L98: Sft
B99: PB2-1(10"x12") | W99: =IF($R99=W$5,$V99,0) -> 0 | X99: =IF($R99=X$5,$V99,0) -> 0 | Y99: =IF($R99=Y$5,$V99,0) -> 0 | Z99: =IF($R99=Z$5,$V99,0) -> 0 | AA99: =IF($R99=AA$5,$V99,0) -> 0 | AB99: =IF($R99=AB$5,$V99,0) -> 0 | AC99: =IF($R99=AC$5,$V99,0) -> 0 | AD99: =IF($R99=AD$5,$V99,0) -> 0 | AE99: =IF($R99=AE$5,$V99,0) -> 0
B100: Line A | D100: 2 | E100: 2 | F100: =14.5-2*0.83 -> 12.84 | H100: 1 | J100: =IF(I100=0,1,I100)*IF(H100=0,1,H100)*IF(G100=0,1,G100)*IF(F100=0,1,F100)*IF(E100=0,1,E100)*IF(D100=0,1,D100)*IF(C100=0,1,C100) -> 51.36 | L100: Sft | W100: =IF($R100=W$5,$V100,0) -> 0 | X100: =IF($R100=X$5,$V100,0) -> 0 | Y100: =IF($R100=Y$5,$V100,0) -> 0 | Z100: =IF($R100=Z$5,$V100,0) -> 0 | AA100: =IF($R100=AA$5,$V100,0) -> 0 | AB100: =IF($R100=AB$5,$V100,0) -> 0 | AC100: =IF($R100=AC$5,$V100,0) -> 0 | AD100: =IF($R100=AD$5,$V100,0) -> 0 | AE100: =IF($R100=AE$5,$V100,0) -> 0 | AF100: =14*0.75*1*2 -> 21
...

Sheet RATE
A1: =Detail!A1 -> One Storeyed RCC Building, Myat Lay Street
A2: =Detail!A2 -> 35'-0"x45'-0"x13'-0" Ht;
A3: ANALYSIS OF LABOUR & MATERIAL ISSUE RATE
A4: No | B4: Particular | C4: Quantity | E4: Unit | F4: Rate(Kyats) | G4: Per | H4: Amount(Ks) | I4: Remark | J4: M | K4: L
A5: 1 | B5: Site Clearing | C5: =ROUND(D5,2) -> 1 | D5: 1 | E5: %Fs
B6: Labour
B7: Worker | C7: =ROUND(D7,2) -> 0.25 | D7: =D5*0.25 -> 0.25 | E7: No | F7: =VLOOKUP(B7,BQ!$B$6:$E$111,4,FALSE) -> 21780 | G7: No | H7: =F7*C7 -> 5445 | K7: =H7 -> 5445
F8: Total | G8: = | H8: =SUM(H7) -> 5445
A10: =A5+1 -> 2 | B10: Surveying & Levelling Work | C10: =ROUND(D10,2) -> 1 | D10: 1 | E10: %Fs
B11: Material
B12: Jungle Wood | C12: =ROUND(D12,3) -> 0.002 | D12: =(C10/100*30/50/4) -> 0.0015 | E12: Ton | F12: =VLOOKUP(B12,BQ!$B$6:$E$111,4,FALSE) -> 1250000 | G12: No | H12: =F12*C12 -> 2500 | J12: =H12 -> 2500
B13: Nails | C13: =ROUND(D13,2) -> 0.02 | D13: =(C10/100*7.5)/3.6 -> 0.020833333 | E13: viss | F13: =VLOOKUP(B13,BQ!$B$6:$E$111,4,FALSE) -> 11600 | G13: No | H13: =F13*C13 -> 232 | J13: =H13 -> 232
H14: =SUM(H12:H13) -> 2732
B15: Labour
B16: Surveyor | C16: =ROUND(D16,2) -> 0.01 | D16: =C10/100*1 -> 0.01 | E16: No | F16: =VLOOKUP(B16,BQ!$B$6:$E$111,4,FALSE) -> 30250 | G16: No | H16: =F16*C16 -> 302.5 | K16: =H16 -> 302.5
B17: Carpenter | C17: =ROUND(D17,2) -> 0.05 | D17: =C10/100*5 -> 0.05 | E17: No | F17: =VLOOKUP(B17,BQ!$B$6:$E$111,4,FALSE) -> 30250 | G17: No | H17: =F17*C17 -> 1512.5 | K17: =H17 -> 1512.5
B18: Worker | C18: =ROUND(D18,2) -> 0.1 | D18: =D10/100*10 -> 0.1 | E18: No | F18: =VLOOKUP(B18,BQ!$B$6:$E$111,4,FALSE) -> 21780 | G18: No | H18: =F18*C18 -> 2178 | K18: =H18 -> 2178
H19: =SUM(H16:H18) -> 3993
F20: Total | G20: = | H20: =H19+H14 -> 6725
A22: =A10+1 -> 3 | B22: Earthwork Excavation for foundation in medium soil | C22: =ROUND(D22,2) -> 1 | D22: 1 | E22: %Fc
B23: Labour
B24: Worker | C24: =ROUND(D24,2) -> 2 | D24: =C22*2 -> 2 | E24: No | F24: =VLOOKUP(B24,BQ!$B$6:$E$111,4,FALSE) -> 21780 | G24: No | H24: =F24*C24 -> 43560 | K24: =H24 -> 43560
F25: Total | G25: = | H25: =SUM(H22:H24) -> 43560
A27: 3 | B27: Earth work excavating for foundation in
B28: medium soil | C28: =ROUND(D28,2) -> 0 | D28: =Detail!J16 -> 0 | E28: %Fc
B29: Labour
B30: Worker | C30: =ROUND(D30,2) -> 0 | D30: =D28*2 -> 0 | E30: No | F30: 6000 | G30: No | H30: =F30*C30 -> 0 | K30: =H30 -> 0
H31: =SUM(H30) -> 0
A33: =A22+1 -> 4 | B33: Timber shuttering Formwork | C33: =ROUND(D33,2) -> 1 | D33: 1 | E33: %Fs
B34: Material
B35: Jungle Wood | C35: =ROUND(D35,2) -> 0.1 | D35: =(D33*15/50/3) -> 0.1 | E35: Ton | F35: =VLOOKUP(B35,BQ!$B$6:$E$111,4,FALSE) -> 1250000 | G35: Ton | H35: =F35*C35 -> 125000 | J35: =H35 -> 125000
B36: 5 Ply Wood (8'x4') | C36: =ROUND(D36,2) -> 1.2 | D36: =D33*115/32/3 -> 1.1979167 | E36: Sheet | F36: =VLOOKUP(B36,BQ!$B$6:$E$111,4,FALSE) -> 69000 | G36: Sheet | H36: =F36*C36 -> 82800 | J36: =H36 -> 82800
B37: Nails | C37: =ROUND(D37,2) -> 0.83 | D37: =(D33*3)/3.6 -> 0.83333333 | E37: Viss | F37: =VLOOKUP(B37,BQ!$B$6:$E$111,4,FALSE) -> 11600 | G37: Viss | H37: =F37*C37 -> 9628 | J37: =H37 -> 9628
H38: =SUM(H35:H37) -> 217428
B39: Labour
B40: Carpenter | C40: =ROUND(D40,2) -> 6 | D40: =D33*6 -> 6 | E40: No | F40: =VLOOKUP(B40,BQ!$B$6:$E$111,4,FALSE) -> 30250 | G40: No | H40: =F40*C40 -> 181500 | K40: =H40 -> 181500
B41: Worker | C41: =ROUND(D41,2) -> 2 | D41: =D33*2 -> 2 | E41: No | F41: =VLOOKUP(B41,BQ!$B$6:$E$111,4,FALSE) -> 21780 | G41: No | H41: =F41*C41 -> 43560 | K41: =H41 -> 43560
H42: =SUM(H40:H41) -> 225060
F43: Total | G43: = | H43: =H42+H38 -> 442488
A45: =A33+1 -> 5 | B45: 9" thk; Hardcore Stone Work with Sand Filling | C45: =ROUND(D45,2) -> 1 | D45: 1 | E45: %Fc
B46: Material
B47: Broken Brick | C47: =ROUND(D47,2) -> 1 | D47: =C45 -> 1 | E47: Sud | F47: =VLOOKUP(B47,BQ!$B$6:$E$111,4,FALSE) -> #N/A | G47: Sud | H47: =F47*C47 -> #N/A | J47: =H47 -> #N/A
B48: Sand | C48: =ROUND(D48,2) -> 0.25 | D48: =D47*25% -> 0.25 | E48: Sud | F48: =VLOOKUP(B48,BQ!$B$6:$E$111,4,FALSE) -> 30000 | G48: Sud | H48: =F48*C48 -> 7500 | J48: =H48 -> 7500 | O48: =C48 -> 0.25
H49: =SUM(H47:H48) -> #N/A
B50: Labour
B51: Worker | C51: =ROUND(D51,2) -> 1 | D51: =D45*1 -> 1 | E51: No | F51: =VLOOKUP(B51,BQ!$B$6:$E$111,4,FALSE) -> 21780 | G51: No | H51: =F51*C51 -> 21780 | K51: =H51 -> 21780 | T51: =C51 -> 1
H52: =SUM(H51) -> 21780
F53: Total | G53: = | H53: =H52+H49 -> #N/A
A55: =A45+1 -> 6 | B55: ( 1:3:6 ) Cement Concrete Work with River Shingle | C55: =ROUND(D55,2) -> 1 | D55: 1 | E55: %Fc
B56: Material
B57: Cement | C57: =ROUND(D57,2) -> 12.86 | D57: =D55*1440/112 -> 12.857143 | E57: Bags | F57: =VLOOKUP(B57,BQ!$B$6:$E$111,4,FALSE) -> 18600 | G57: Bags | H57: =F57*C57 -> 239196 | J57: =H57 -> 239196 | N57: =C57 -> 12.86
B58: Sand | C58: =ROUND(D58,2) -> 0.48 | D58: =D55*48/100 -> 0.48 | E58: Sud | F58: =VLOOKUP(B58,BQ!$B$6:$E$111,4,FALSE) -> 30000 | G58: Sud | H58: =F58*C58 -> 14400 | J58: =H58 -> 14400 | O58: =C58 -> 0.48
B59: River Shingle | C59: =ROUND(D59,2) -> 0.96 | D59: =D55*96/100 -> 0.96 | E59: Sud | F59: =VLOOKUP(B59,BQ!$B$6:$E$111,4,FALSE) -> 110000 | G59: Sud | H59: =F59*C59 -> 105600 | J59: =H59 -> 105600 | P59: =C59 -> 0.96
H60: =SUM(H57:H59) -> 359196
B61: Labour
B62: Mason | C62: =ROUND(D62,2) -> 1 | D62: =D55*1 -> 1 | E62: No | F62: =VLOOKUP(B62,BQ!$B$6:$E$111,4,FALSE) -> 30250 | G62: No | H62: =F62*C62 -> 30250 | K62: =H62 -> 30250 | V62: =C62 -> 1
B63: Worker | C63: =ROUND(D63,2) -> 8 | D63: =D55*8 -> 8 | E63: No | F63: =VLOOKUP(B63,BQ!$B$6:$E$111,4,FALSE) -> 21780 | G63: No | H63: =F63*C63 -> 174240 | K63: =H63 -> 174240 | T63: =C63 -> 8
H64: =SUM(H62:H63) -> 204490
F65: Total | G65: = | H65: =H60+H64 -> 563686
A67: =A55+1 -> 7 | B67: Sand Filling Work, watering & Ramming | C67: =ROUND(D67,2) -> 1 | D67: 1 | E67: %Fc
B68: Material
B69: Sand | C69: =ROUND(D69,2) -> 1.25 | D69: =D67*125/100 -> 1.25 | E69: Sud | F69: =VLOOKUP(B69,BQ!$B$6:$E$111,4,FALSE) -> 30000 | G69: Sud | H69: =F69*C69 -> 37500 | J69: =H69 -> 37500 | O69: =C69 -> 1.25
B70: Labour
B71: Worker | C71: =ROUND(D71,2) -> 1 | D71: =D67*1 -> 1 | E71: No | F71: =VLOOKUP(B71,BQ!$B$6:$E$111,4,FALSE) -> 21780 | G71: No | H71: =F71*C71 -> 21780 | K71: =H71 -> 21780 | T71: =C71 -> 1
F72: Total | G72: = | H72: =SUM(H68:H71) -> 59280
A74: =A67+1 -> 8 | B74: (1:2:4) RC Concrete Work | C74: =ROUND(D74,2) -> 1 | D74: 1 | E74: %Fc
B75: Material
B76: Cement | C76: =ROUND(D76,2) -> 18.48 | D76: =D74*2070/112 -> 18.482143 | E76: Bags | F76: =VLOOKUP(B76,BQ!$B$6:$E$111,4,FALSE) -> 18600 | G76: Bags | H76: =F76*C76 -> 343728 | J76: =H76 -> 343728 | N76: =C76 -> 18.48
B77: Sand | C77: =ROUND(D77,2) -> 0.46 | D77: =D74*46/100 -> 0.46 | E77: Sud | F77: =VLOOKUP(B77,BQ!$B$6:$E$111,4,FALSE) -> 30000 | G77: Sud | H77: =F77*C77 -> 13800 | J77: =H77 -> 13800 | O77: =C77 -> 0.46
B78: River Shingle | C78: =ROUND(D78,2) -> 0.92 | D78: =D74*92/100 -> 0.92 | E78: Sud | F78: =VLOOKUP(B78,BQ!$B$6:$E$111,4,FALSE) -> 110000 | G78: Sud | H78: =F78*C78 -> 101200 | J78: =H78 -> 101200 | P78: =C78 -> 0.92
H79: =SUM(H76:H78) -> 458728
B80: Labour
B81: Mason | C81: =ROUND(D81,2) -> 2 | D81: =D74*2 -> 2 | E81: No | F81: =VLOOKUP(B81,BQ!$B$6:$E$111,4,FALSE) -> 30250 | G81: No | H81: =F81*C81 -> 60500 | K81: =H81 -> 60500 | V81: =C81 -> 2
B82: Worker | C82: =ROUND(D82,2) -> 15 | D82: =D74*15 -> 15 | E82: No | F82: =VLOOKUP(B82,BQ!$B$6:$E$111,4,FALSE) -> 21780 | G82: No | H82: =F82*C82 -> 326700 | K82: =H82 -> 326700 | T82: =C82 -> 15
H83: =SUM(H81:H82) -> 387200
F84: Total | G84: = | H84: =H83+H79 -> 845928
A86: =A74+1 -> 9 | B86: 1.5" thk; ( 1:2:4) Concrete work (Floor Topping) | C86: =ROUND(D86,2) -> 1 | D86: 1 | E86: %Fs
B87: Material
B88: Cement | C88: =ROUND(D88,2) -> 2.31 | D88: =D86*259/112 -> 2.3125 | E88: Bags | F88: =VLOOKUP(B88,BQ!$B$6:$E$111,4,FALSE) -> 18600 | G88: Bags | H88: =F88*C88 -> 42966 | J88: =H88 -> 42966
B89: Sand | C89: =ROUND(D89,2) -> 0.06 | D89: =D86*5.751/100 -> 0.05751 | E89: Sud | F89: =VLOOKUP(B89,BQ!$B$6:$E$111,4,FALSE) -> 30000 | G89: Sud | H89: =F89*C89 -> 1800 | J89: =H89 -> 1800
B90: River Shingle | C90: =ROUND(D90,2) -> 0.12 | D90: =D86*11.5/100 -> 0.115 | E90: Sud | F90: =VLOOKUP(B90,BQ!$B$6:$E$111,4,FALSE) -> 110000 | G90: Sud | H90: =F90*C90 -> 13200 | J90: =H90 -> 13200
H91: =SUM(H88:H90) -> 57966
B92: Labour
B93: Mason | C93: =ROUND(D93,2) -> 0.75 | D93: =D86*0.75 -> 0.75 | E93: No | F93: =VLOOKUP(B93,BQ!$B$6:$E$111,4,FALSE) -> 30250 | G93: No | H93: =F93*C93 -> 22687.5 | K93: =H93 -> 22687.5
B94: Worker | C94: =ROUND(D94,2) -> 1.5 | D94: =D86*1.5 -> 1.5 | E94: No | F94: =VLOOKUP(B94,BQ!$B$6:$E$111,4,FALSE) -> 21780 | G94: No | H94: =F94*C94 -> 32670 | K94: =H94 -> 32670
H95: =SUM(H93:H94) -> 55357.5
F96: Total | G96: = | H96: =H91+H95 -> 113323.5
A98: 6 | B98: M.S reinforCement work including cutting,
B99: binding and fixing ( Assorted Size ) | C99: =D99 -> 0 | E99: Ton
B100: Material
B101: Ø25mm (3.85 Kg/m) | C101: =ROUND(D101,2) -> 0 | E101: Ton | F101: 720000 | G101: Ton | H101: =F101*C101 -> 0 | J101: =H101 -> 0
B102: Ø16mm (1.58 Kg/m)(5/8") | C102: =D102 -> 0 | E102: Ton | F102: =BQ!#REF! -> #REF! | G102: Ton
B103: Ø12mm (0.888 Kg/m)(½") | C103: =D103 -> 0 | E103: Ton | F103: =BQ!#REF! -> #REF! | G103: Ton
B104: Ø6.5mm (0.261 Kg/m)(¼") | C104: =D104 -> 0 | E104: Ton | F104: =BQ!#REF! -> #REF! | G104: Ton
B105: Binding Wire | C105: =D105 -> 0 | D105: =(D99*20)/3.6 -> 0 | E105: Viss | F105: =BQ!#REF! -> #REF! | G105: Viss
B106: Labour
B107: Smith | C107: =D107 -> 0 | D107: =D99*14 -> 0 | E107: Nos | F107: =BQ!#REF! -> #REF! | G107: Nos
B108: Worker | C108: =D108 -> 0 | D108: =D99*14 -> 0 | E108: Nos | F108: =BQ!E110 -> 21780 | G108: Nos
F109: Total | G109: =
A111: =A86+1 -> 10 | B111: M.S reinforCement work including cutting, binding and fixing ( Assorted Size ) | C111: =D111 -> 1 | D111: 1 | E111: Ton
...

Sheet BQ2
A1: =Detail!A1 -> One Storeyed RCC Building, Myat Lay Street
A2: =Detail!A2 -> 35'-0"x45'-0"x13'-0" Ht;
A3: Abstract of Labour & Material List
A4: Sr. No | B4: Particular | C4: Quantity | D4: Unit | E4: Labour | K4: Materials
E5: Surveyor | F5: Carpenter | G5: Mason | H5: Painter | I5: Smith | J5: Worker | K5: Cement | L5: Sand | M5: River Shingle | N5: Broken Brick | O5: Jungle Wood | P5: 5 Ply Wood (8'x4') | Q5: Nails | R5: Brick | S5: Reinforcement X-met | T5: Ø16mm (1.58 Kg/m)(5/8") | U5: Ø6.5mm (0.261 Kg/m)(¼") | V5: Binding Wire | W5: Putty | X5: Sand Paper | Y5: Putty Towel | Z5: Emulsion Paint | AA5: Roller | AB5: 4"x2" Hollow | AC5: 2"x2" Hollow | AD5: 1"x1" Hollow | AE5: Enamel Paint | AF5: 4-Angle Sheet | AG5: Roofing Nail | AH5: 6"x1" Shera Board (M+L) | AI5: Galvd. Iron ridge with GI Screws | AJ5: Door (UPVC) (M+L) | AK5: Window (UPVC) (M+L) | AL5: Exhaust Fan
E6: (Nos.) | F6: (Nos.) | G6: (Nos.) | H6: (Nos.) | I6: (Nos.) | J6: (Nos.) | K6: (Bags) | L6: (Suds) | M6: (Suds) | N6: (Suds) | O6: (Ton) | P6: (Sheet) | Q6: (Viss) | R6: (Nos.) | S6: (Rft) | T6: (Ton) | U6: (Ton) | V6: (Viss) | W6: (Gal) | X6: (Doz) | Y6: (Nos.) | Z6: (Gal) | AA6: (Nos.) | AB6: (Rft) | AC6: (Rft) | AD6: (Rft) | AE6: (Gal) | AF6: (Rft) | AG6: (Viss) | AH6: (Rft) | AI6: (Rft) | AJ6: (Sft) | AK6: (Sft) | AL6: (Nos.)
A7: 1 | B7: Site Clearing | C7: =VLOOKUP(B7,BE!$B$5:$C$459,2,FALSE) -> 24.75 | D7: %Fs | J7: =VLOOKUP(J5,BE!B5:C7,2,FALSE) -> 6.19
A8: 2 | B8: Surveying & Levelling Work | C8: =VLOOKUP(B8,BE!$B$5:$C$459,2,FALSE) -> 15.75 | D8: %Fc | E8: =VLOOKUP(E5,BE!$B$10:$C$18,2,FALSE) -> 0.16 | F8: =VLOOKUP(F5,BE!$B$10:$C$18,2,FALSE) -> 0.79 | J8: =VLOOKUP(J5,BE!$B$10:$C$18,2,FALSE) -> 1.58 | O8: =VLOOKUP(O5,BE!$B$10:$C$18,2,FALSE) -> 0.024 | Q8: =VLOOKUP(Q5,BE!$B$10:$C$18,2,FALSE) -> 0.33
A9: 3 | B9: Earthwork Excavation for foundation in medium soil | C9: =VLOOKUP(B9,BE!$B$5:$C$459,2,FALSE) -> 56.07 | D9: %Fc | J9: =VLOOKUP(J5,BE!$B$22:$C$24,2,FALSE) -> 112.14
A10: 4 | B10: Timber shuttering Formwork | C10: =VLOOKUP(B10,BE!$B$5:$C$459,2,FALSE) -> #N/A | D10: %Fs | F10: =VLOOKUP(F5,BE!$B$27:$C$35,2,FALSE) -> 0 | J10: =VLOOKUP(J5,BE!$B$27:$C$35,2,FALSE) -> 0 | O10: =VLOOKUP(O5,BE!$B$27:$C$35,2,FALSE) -> 0 | P10: =VLOOKUP(P5,BE!$B$27:$C$35,2,FALSE) -> 0 | Q10: =VLOOKUP(Q5,BE!$B$27:$C$35,2,FALSE) -> 0
A11: 5 | B11: 9" thk; Hardcore Stone Work with Sand Filling | C11: =VLOOKUP(B11,BE!$B$5:$C$459,2,FALSE) -> 2.34 | D11: %Fc | J11: =VLOOKUP(J5,BE!$B$147:$C$153,2,FALSE) -> 2.34 | L11: =VLOOKUP(L5,BE!$B$147:$C$153,2,FALSE) -> 0.59 | N11: =VLOOKUP(N5,BE!$B$147:$C$153,2,FALSE) -> #N/A
A12: 6 | B12: ( 1:3:6 ) Cement Concrete Work with River Shingle | C12: =VLOOKUP(B12,BE!$B$5:$C$459,2,FALSE) -> 10.83 | D12: %Fc | G12: =VLOOKUP(G5,BE!$B$157:$C$166,2,FALSE) -> 10.83 | J12: =VLOOKUP(J5,BE!$B$157:$C$166,2,FALSE) -> 64.99 | K12: =VLOOKUP(K5,BE!$B$157:$C$166,2,FALSE) -> 139.26 | L12: =VLOOKUP(L5,BE!$B$157:$C$166,2,FALSE) -> 5.2 | M12: =VLOOKUP(M5,BE!$B$157:$C$166,2,FALSE) -> 10.4
A13: 7 | B13: Sand Filling Work, watering & Ramming | C13: =VLOOKUP(B13,BE!$B$5:$C$459,2,FALSE) -> 41.77 | D13: %Fc | J13: =VLOOKUP(J5,BE!$B$171:$C$176,2,FALSE) -> 41.77 | L13: =VLOOKUP(L5,BE!$B$171:$C$176,2,FALSE) -> 52.22
A14: 8 | B14: (1:2:4) RC Concrete Work | C14: =VLOOKUP(B14,BE!$B$5:$C$459,2,FALSE) -> 20.39 | D14: %Fc | G14: =VLOOKUP(G5,BE!#REF!,2,FALSE) -> #REF! | J14: =VLOOKUP(J5,BE!#REF!,2,FALSE) -> #REF! | K14: =VLOOKUP(K5,BE!#REF!,2,FALSE) -> #REF! | L14: =VLOOKUP(L5,BE!#REF!,2,FALSE) -> #REF! | M14: =VLOOKUP(M5,BE!#REF!,2,FALSE) -> #REF!
A15: 9 | B15: 1.5" thk; ( 1:2:4) Concrete work (Floor Topping) | C15: =VLOOKUP(B15,BE!$B$5:$C$459,2,FALSE) -> 16.78 | D15: %Fs | G15: =VLOOKUP(G5,BE!#REF!,2,FALSE) -> #REF! | J15: =VLOOKUP(J5,BE!#REF!,2,FALSE) -> #REF! | K15: =VLOOKUP(K5,BE!#REF!,2,FALSE) -> #REF! | L15: =VLOOKUP(L5,BE!#REF!,2,FALSE) -> #REF! | M15: =VLOOKUP(M5,BE!#REF!,2,FALSE) -> #REF!
A16: 10 | B16: M.S reinforCement work including cutting, binding and fixing ( Assorted Size ) | C16: =VLOOKUP(B16,BE!$B$5:$C$459,2,FALSE) -> 11.427551 | D16: Ton | I16: =VLOOKUP(I5,BE!$B$303:$C$313,2,FALSE) -> 0 | J16: =VLOOKUP(J5,BE!$B$303:$C$313,2,FALSE) -> 0 | T16: =VLOOKUP(T5,BE!$B$303:$C$313,2,FALSE) -> #N/A | U16: =VLOOKUP(U5,BE!$B$303:$C$313,2,FALSE) -> #N/A | V16: =VLOOKUP(V5,BE!$B$303:$C$313,2,FALSE) -> 0
A17: 11 | B17: Brick Work in (1:3) Cement Mortar | C17: =VLOOKUP(B17,BE!$B$5:$C$459,2,FALSE) -> 14.25 | D17: %Fc | G17: =VLOOKUP(G5,BE!$B$448:$C$456,2,FALSE) -> 57 | J17: =VLOOKUP(J5,BE!$B$448:$C$456,2,FALSE) -> 85.5 | K17: =VLOOKUP(K5,BE!$B$448:$C$456,2,FALSE) -> 99.24 | L17: =VLOOKUP(L5,BE!$B$448:$C$456,2,FALSE) -> 3.7 | R17: =VLOOKUP(R5,BE!$B$448:$C$456,2,FALSE) -> 19237
A18: 12 | B18: 4½"thk; Brick Walling Work | C18: =VLOOKUP(B18,BE!$B$5:$C$459,2,FALSE) -> #N/A | D18: %Fs | G18: =VLOOKUP(G5,BE!#REF!,2,FALSE) -> #REF! | J18: =VLOOKUP(J5,BE!#REF!,2,FALSE) -> #REF! | K18: =VLOOKUP(K5,BE!#REF!,2,FALSE) -> #REF! | L18: =VLOOKUP(L5,BE!#REF!,2,FALSE) -> #REF! | R18: =VLOOKUP(R5,BE!#REF!,2,FALSE) -> #REF! | S18: =VLOOKUP(S5,BE!#REF!,2,FALSE) -> #REF!
A19: 13 | B19: ½" thk; Plastering Work in (1:3) Cement Mortar | C19: =VLOOKUP(B19,BE!$B$5:$C$459,2,FALSE) -> #N/A | D19: %Fs | G19: =VLOOKUP(G5,BE!#REF!,2,FALSE) -> #REF! | J19: =VLOOKUP(J5,BE!#REF!,2,FALSE) -> #REF! | K19: =VLOOKUP(K5,BE!#REF!,2,FALSE) -> #REF! | L19: =VLOOKUP(L5,BE!#REF!,2,FALSE) -> #REF!
A20: 14 | B20: Surface Preparation Before Painting with Putty | C20: =VLOOKUP(B20,BE!$B$5:$C$459,2,FALSE) -> #N/A | D20: %Fs | H20: =VLOOKUP(H5,BE!#REF!,2,FALSE) -> #REF! | J20: =VLOOKUP(J5,BE!#REF!,2,FALSE) -> #REF! | W20: =VLOOKUP(W5,BE!#REF!,2,FALSE) -> #REF! | X20: =VLOOKUP(X5,BE!#REF!,2,FALSE) -> #REF! | Y20: =VLOOKUP(Y5,BE!#REF!,2,FALSE) -> #REF!
A21: 15 | B21: Brick Wall Painting | C21: =VLOOKUP(B21,BE!$B$5:$C$459,2,FALSE) -> #N/A | D21: %Fs | H21: =VLOOKUP(H5,BE!#REF!,2,FALSE) -> #REF! | Z21: =VLOOKUP(Z5,BE!#REF!,2,FALSE) -> #REF! | AA21: =VLOOKUP(AA5,BE!#REF!,2,FALSE) -> #REF!
A22: 16 | B22: Steel Structure Fabrication & Erection Work | C22: =VLOOKUP(B22,BE!$B$5:$C$459,2,FALSE) -> #N/A | D22: Rft | AB22: =VLOOKUP(AB5,BE!#REF!,2,FALSE) -> #REF! | AC22: =VLOOKUP(AC5,BE!#REF!,2,FALSE) -> #REF! | AD22: =VLOOKUP(AD5,BE!#REF!,2,FALSE) -> #REF!
A23: 17 | B23: Steel Structure Painting Work | C23: =VLOOKUP(B23,BE!$B$5:$C$459,2,FALSE) -> #N/A | D23: %Fs | H23: =VLOOKUP(H5,BE!#REF!,2,FALSE) -> #REF! | AA23: =VLOOKUP(AA5,BE!#REF!,2,FALSE) -> #REF! | AE23: =VLOOKUP(AE5,BE!#REF!,2,FALSE) -> #REF!
A24: 18 | B24: Roofing Work | C24: =VLOOKUP(B24,BE!$B$5:$C$459,2,FALSE) -> #N/A | D24: %Fs | F24: =VLOOKUP(F5,BE!#REF!,2,FALSE) -> #REF! | J24: =VLOOKUP(J5,BE!#REF!,2,FALSE) -> #REF! | AF24: =VLOOKUP(AF5,BE!#REF!,2,FALSE) -> #REF! | AG24: =VLOOKUP(AG5,BE!#REF!,2,FALSE) -> #REF!
A25: 19 | B25: Eave & Verge Board Work | C25: =VLOOKUP(B25,BE!$B$5:$C$459,2,FALSE) -> #N/A | D25: Rft | AH25: =VLOOKUP(AH5,BE!#REF!,2,FALSE) -> #REF!
A26: 20 | B26: Ridging Work | C26: =VLOOKUP(B26,BE!$B$5:$C$459,2,FALSE) -> #N/A | D26: Rft | F26: =VLOOKUP(F5,BE!#REF!,2,FALSE) -> #REF! | AI26: =VLOOKUP(AI5,BE!#REF!,2,FALSE) -> #REF!
A27: 21 | B27: Door & Window Work | C27: =VLOOKUP(B27,BE!$B$5:$C$459,2,FALSE) -> #N/A | D27: Sft | AJ27: =VLOOKUP(AJ5,BE!#REF!,2,FALSE) -> #REF! | AK27: =VLOOKUP(AK5,BE!#REF!,2,FALSE) -> #REF!
A28: 22 | B28: Exhaust Fan Work | C28: =VLOOKUP(B28,BE!$B$5:$C$459,2,FALSE) -> #N/A | D28: Nos. | AL28: =VLOOKUP(AL5,BE!#REF!,2,FALSE) -> #REF!
B29: Total | E29: =SUM(E7:E28) -> 0.16 | F29: =SUM(F7:F28) -> #REF! | G29: =SUM(G7:G28) -> #REF! | H29: =SUM(H7:H28) -> #REF! | I29: =SUM(I7:I28) -> 0 | J29: =SUM(J7:J28) -> #REF! | K29: =SUM(K7:K28) -> #REF! | L29: =SUM(L7:L28) -> #REF! | ... AL29: =SUM(AL7:AL28) -> #REF!
E30: =ROUNDUP(E29,0) -> 1 | F30: =ROUNDUP(F29,0) -> #REF! | G30: =ROUNDUP(G29,0) -> #REF! | H30: =ROUNDUP(H29,0) -> #REF! | I30: =ROUNDUP(I29,0) -> 0 | J30: =ROUNDUP(J29,0) -> #REF! | K30: =ROUNDUP(K29,0) -> #REF! | L30: =ROUNDUP(L29,0) -> #REF! | ... AL30: =ROUNDUP(AL29,0) -> #REF!
E61: 18.61104
E62: 196.0608
E63: 1.513949
E64: 103.75
E65: 67.58
E66: 117.94834
E67: 814.83541
E68: 20.27
E69: 202.75
E70: 6.76
E71: 7
E72: 5
... E75: 11

Sheet Rebar
A1: Measurement | F1: Mark&Type Skirt | G1: Bar Diameter | H1: Spacing | I1: No of Bars | J1: Length of Bars | K1: Total Length | L1: Total Quantity ( Tensile)
L2: 6 | M2: 10 | N2: 12 | O2: 16 | P2: 18
B4: B | C4: H | D4: Qty | E4: Cover
A5: Footing
A6: M
A7: F1
A8: =Detail!#REF!/3.281 -> #REF! | D8: =Detail!#REF! -> #REF! | E8: 0.075 | F8: Bottom Bar | G8: 16 | H8: =6/(12*3.281) -> 0.15239256 | I8: =ROUND(A9/H8,0)+1 -> #REF! | J8: =A8-2*E8+2*((3/12)/3.281) -> #REF! | K8: =I8*J8*D8 -> #REF! | L8: =IF($G8=L$2,$K8,0) -> 0 | M8: =IF($G8=M$2,$K8,0) -> 0 | N8: =IF($G8=N$2,$K8,0) -> 0 | O8: =IF($G8=O$2,$K8,0) -> #REF! | P8: =IF($G8=P$2,$K8,0) -> 0
A9: =Detail!#REF!/3.281 -> #REF! | D9: =D8 -> #REF! | E9: 0.075 | F9: Bottom Bar | G9: 16 | H9: =6/(12*3.281) -> 0.15239256 | I9: =ROUND(A8/H9,0)+1 -> #REF! | J9: =A9-2*E9+2*((3/12)/3.281) -> #REF! | K9: =I9*J9*D9 -> #REF! | L9: =IF($G9=L$2,$K9,0) -> 0 | M9: =IF($G9=M$2,$K9,0) -> 0 | N9: =IF($G9=N$2,$K9,0) -> 0 | O9: =IF($G9=O$2,$K9,0) -> #REF! | P9: =IF($G9=P$2,$K9,0) -> 0
L10: =IF($G10=L$2,$K10,0) -> 0 | M10: =IF($G10=M$2,$K10,0) -> 0 | N10: =IF($G10=N$2,$K10,0) -> 0 | O10: =IF($G10=O$2,$K10,0) -> 0 | P10: =IF($G10=P$2,$K10,0) -> 0
A11: F2
A12: =Detail!#REF!/3.281 -> #REF! | D12: =Detail!#REF! -> #REF! | E12: 0.075 | F12: Bottom Bar | G12: 16 | H12: =6/(12*3.281) -> 0.15239256 | I12: =ROUND(A13/H12,0)+1 -> #REF! | J12: =A12-2*E12+2*((3/12)/3.281) -> #REF! | K12: =I12*J12*D12 -> #REF! | L12: =IF($G12=L$2,$K12,0) -> 0 | M12: =IF($G12=M$2,$K12,0) -> 0 | N12: =IF($G12=N$2,$K12,0) -> 0 | O12: =IF($G12=O$2,$K12,0) -> #REF! | P12: =IF($G12=P$2,$K12,0) -> 0
A13: =Detail!#REF!/3.281 -> #REF! | D13: =D12 -> #REF! | E13: 0.075 | F13: Bottom Bar | G13: 16 | H13: =6/(12*3.281) -> 0.15239256 | I13: =ROUND(A12/H13,0)+1 -> #REF! | J13: =A13-2*E13+2*((3/12)/3.281) -> #REF! | K13: =I13*J13*D13 -> #REF! | L13: =IF($G13=L$2,$K13,0) -> 0 | M13: =IF($G13=M$2,$K13,0) -> 0 | N13: =IF($G13=N$2,$K13,0) -> 0 | O13: =IF($G13=O$2,$K13,0) -> #REF! | P13: =IF($G13=P$2,$K13,0) -> 0
L14: =IF($G14=L$2,$K14,0) -> 0 | M14: =IF($G14=M$2,$K14,0) -> 0 | N14: =IF($G14=N$2,$K14,0) -> 0 | O14: =IF($G14=O$2,$K14,0) -> 0 | P14: =IF($G14=P$2,$K14,0) -> 0
A15: F3
A16: =Detail!#REF!/3.281 -> #REF! | D16: =Detail!#REF! -> #REF! | E16: 0.075 | F16: Bottom Bar | G16: 16 | H16: =6/(12*3.281) -> 0.15239256 | I16: =ROUND(A17/H16,0)+1 -> #REF! | J16: =A16-2*E16+2*((3/12)/3.281) -> #REF! | K16: =I16*J16*D16 -> #REF! | L16: =IF($G16=L$2,$K16,0) -> 0 | M16: =IF($G16=M$2,$K16,0) -> 0 | N16: =IF($G16=N$2,$K16,0) -> 0 | O16: =IF($G16=O$2,$K16,0) -> #REF! | P16: =IF($G16=P$2,$K16,0) -> 0
A17: =Detail!#REF!/3.281 -> #REF! | D17: =D16 -> #REF! | E17: 0.075 | F17: Bottom Bar | G17: 16 | H17: =6/(12*3.281) -> 0.15239256 | I17: =ROUND(A16/H17,0)+1 -> #REF! | J17: =A17-2*E17+2*((3/12)/3.281) -> #REF! | K17: =I17*J17*D17 -> #REF! | L17: =IF($G17=L$2,$K17,0) -> 0 | M17: =IF($G17=M$2,$K17,0) -> 0 | N17: =IF($G17=N$2,$K17,0) -> 0 | O17: =IF($G17=O$2,$K17,0) -> #REF! | P17: =IF($G17=P$2,$K17,0) -> 0
L18: =IF($G18=L$2,$K18,0) -> 0 | M18: =IF($G18=M$2,$K18,0) -> 0 | N18: =IF($G18=N$2,$K18,0) -> 0 | O18: =IF($G18=O$2,$K18,0) -> 0 | P18: =IF($G18=P$2,$K18,0) -> 0
A19: Column | L19: =IF($G19=L$2,$K19,0) -> 0 | M19: =IF($G19=M$2,$K19,0) -> 0 | N19: =IF($G19=N$2,$K19,0) -> 0 | O19: =IF($G19=O$2,$K19,0) -> 0 | P19: =IF($G19=P$2,$K19,0) -> 0
L20: =IF($G20=L$2,$K20,0) -> 0 | M20: =IF($G20=M$2,$K20,0) -> 0 | N20: =IF($G20=N$2,$K20,0) -> 0 | O20: =IF($G20=O$2,$K20,0) -> 0 | P20: =IF($G20=P$2,$K20,0) -> 0
A21: C1 | L21: =IF($G21=L$2,$K21,0) -> 0 | M21: =IF($G21=M$2,$K21,0) -> 0 | N21: =IF($G21=N$2,$K21,0) -> 0 | O21: =IF($G21=O$2,$K21,0) -> 0 | P21: =IF($G21=P$2,$K21,0) -> 0
A22: =10/(12*3.281) -> 0.25398761 | B22: =10/(12*3.281) -> 0.25398761 | C22: =Detail!#REF!/3.281 -> #REF! | D22: =Detail!#REF! -> #REF! | E22: 0.05 | F22: Main Bar | G22: 16 | I22: 6 | J22: =C22-1*E22-1*E16+(1*1/3.281)+2*4*G22/1000+14*G22/1000 -> #REF! | K22: =I22*J22*D22 -> #REF! | L22: =IF($G22=L$2,$K22,0) -> 0 | M22: =IF($G22=M$2,$K22,0) -> 0 | N22: =IF($G22=N$2,$K22,0) -> 0 | O22: =IF($G22=O$2,$K22,0) -> #REF! | P22: =IF($G22=P$2,$K22,0) -> 0
C23: =C22 -> #REF! | D23: =D22 -> #REF! | E23: 0.05 | F23: Stirrup | G23: 10 | H23: =5/(12*3.281) -> 0.1269938 | I23: =(ROUND(C22/H23,0)+1) -> #REF! | J23: =2*(A22+B22)-8*E23+2*8*G23/1000 -> 0.77595042 | K23: =I23*J23*D23 -> #REF! | L23: =IF($G23=L$2,$K23,0) -> 0 | M23: =IF($G23=M$2,$K23,0) -> #REF! | N23: =IF($G23=N$2,$K23,0) -> 0 | O23: =IF($G23=O$2,$K23,0) -> 0 | P23: =IF($G23=P$2,$K23,0) -> 0
D24: =D23 -> #REF! | F24: Dowel | G24: 10 | H24: =1.5/3.281 -> 0.45717769 | I24: =C22/H24 -> #REF! | J24: =2/3.281 -> 0.60957025 | K24: =I24*J24*D24 -> #REF! | L24: =IF($G24=L$2,$K24,0) -> 0 | M24: =IF($G24=M$2,$K24,0) -> #REF! | N24: =IF($G24=N$2,$K24,0) -> 0 | O24: =IF($G24=O$2,$K24,0) -> 0 | P24: =IF($G24=P$2,$K24,0) -> 0
L25: =IF($G25=L$2,$K25,0) -> 0 | M25: =IF($G25=M$2,$K25,0) -> 0 | N25: =IF($G25=N$2,$K25,0) -> 0 | O25: =IF($G25=O$2,$K25,0) -> 0 | P25: =IF($G25=P$2,$K25,0) -> 0
A26: C1 | L26: =IF($G26=L$2,$K26,0) -> 0 | M26: =IF($G26=M$2,$K26,0) -> 0 | N26: =IF($G26=N$2,$K26,0) -> 0 | O26: =IF($G26=O$2,$K26,0) -> 0 | P26: =IF($G26=P$2,$K26,0) -> 0
A27: =10/(12*3.281) -> 0.25398761 | B27: =10/(12*3.281) -> 0.25398761 | C27: =Detail!#REF!/3.281 -> #REF! | D27: =Detail!#REF! -> #REF! | E27: 0.05 | F27: Main Bar | G27: 16 | I27: 6 | J27: =C27-1*E27-1*E21+(1*1/3.281)+2*4*G27/1000+14*G27/1000 -> #REF! | K27: =I27*J27*D27 -> #REF! | L27: =IF($G27=L$2,$K27,0) -> 0 | M27: =IF($G27=M$2,$K27,0) -> 0 | N27: =IF($G27=N$2,$K27,0) -> 0 | O27: =IF($G27=O$2,$K27,0) -> #REF! | P27: =IF($G27=P$2,$K27,0) -> 0
C28: =C27 -> #REF! | D28: =D27 -> #REF! | E28: 0.05 | F28: Stirrup | G28: 10 | H28: =6/(12*3.281) -> 0.15239256 | I28: =(ROUND(C27/H28,0)+1) -> #REF! | J28: =2*(A27+B27)-8*E28+2*8*G28/1000 -> 0.77595042 | K28: =I28*J28*D28 -> #REF! | L28: =IF($G28=L$2,$K28,0) -> 0 | M28: =IF($G28=M$2,$K28,0) -> #REF! | N28: =IF($G28=N$2,$K28,0) -> 0 | O28: =IF($G28=O$2,$K28,0) -> 0 | P28: =IF($G28=P$2,$K28,0) -> 0
D29: =D28 -> #REF! | F29: Dowel | G29: 10 | H29: =1.5/3.281 -> 0.45717769 | I29: =C27/H29 -> #REF! | J29: =2/3.281 -> 0.60957025 | K29: =I29*J29*D29 -> #REF! | L29: =IF($G29=L$2,$K29,0) -> 0 | M29: =IF($G29=M$2,$K29,0) -> #REF! | N29: =IF($G29=N$2,$K29,0) -> 0 | O29: =IF($G29=O$2,$K29,0) -> 0 | P29: =IF($G29=P$2,$K29,0) -> 0
L30: =IF($G30=L$2,$K30,0) -> 0 | M30: =IF($G30=M$2,$K30,0) -> 0 | N30: =IF($G30=N$2,$K30,0) -> 0 | O30: =IF($G30=O$2,$K30,0) -> 0 | P30: =IF($G30=P$2,$K30,0) -> 0
A31: Beam | L31: =IF($G31=L$2,$K31,0) -> 0 | M31: =IF($G31=M$2,$K31,0) -> 0 | N31: =IF($G31=N$2,$K31,0) -> 0 | O31: =IF($G31=O$2,$K31,0) -> 0 | P31: =IF($G31=P$2,$K31,0) -> 0
A32: Plinth Beam | L32: =IF($G32=L$2,$K32,0) -> 0 | M32: =IF($G32=M$2,$K32,0) -> 0 | N32: =IF($G32=N$2,$K32,0) -> 0 | O32: =IF($G32=O$2,$K32,0) -> 0 | P32: =IF($G32=P$2,$K32,0) -> 0
A33: =Detail!#REF! -> #REF!
A34: PB1 | L34: =IF($G34=L$2,$K34,0) -> 0 | M34: =IF($G34=M$2,$K34,0) -> 0 | N34: =IF($G34=N$2,$K34,0) -> 0 | O34: =IF($G34=O$2,$K34,0) -> 0 | P34: =IF($G34=P$2,$K34,0) -> 0
A35: =(Detail!#REF!+0.83*2)/3.281 -> #REF! | B35: =10/(12*3.281) -> 0.25398761 | C35: =10/(12*3.281) -> 0.25398761 | D35: =Detail!#REF! -> #REF! | E35: 0.05 | F35: Main Bar | G35: 16 | I35: 6 | J35: =A35-2*E35+8*G35/1000 -> #REF! | K35: =I35*J35*D35 -> #REF! | L35: =IF($G35=L$2,$K35,0) -> 0 | M35: =IF($G35=M$2,$K35,0) -> 0 | N35: =IF($G35=N$2,$K35,0) -> 0 | O35: =IF($G35=O$2,$K35,0) -> #REF! | P35: =IF($G35=P$2,$K35,0) -> 0
D36: =D35 -> #REF! | E36: 0.05 | F36: Stirrup | G36: 10 | H36: =6/(12*3.281) -> 0.15239256 | I36: =ROUND(A35/H36,0)+1 -> #REF! | J36: =2*(B35+C35)-8*E35+2*8*G36/1000 -> 0.77595042 | K36: =I36*J36*D36 -> #REF! | L36: =IF($G36=L$2,$K36,0) -> 0 | M36: =IF($G36=M$2,$K36,0) -> #REF! | N36: =IF($G36=N$2,$K36,0) -> 0 | O36: =IF($G36=O$2,$K36,0) -> 0 | P36: =IF($G36=P$2,$K36,0) -> 0
L37: =IF($G37=L$2,$K37,0) -> 0 | M37: =IF($G37=M$2,$K37,0) -> 0 | N37: =IF($G37=N$2,$K37,0) -> 0 | O37: =IF($G37=O$2,$K37,0) -> 0 | P37: =IF($G37=P$2,$K37,0) -> 0
A38: =Detail!#REF! -> #REF!
A39: PB1 | L39: =IF($G39=L$2,$K39,0) -> 0 | M39: =IF($G39=M$2,$K39,0) -> 0 | N39: =IF($G39=N$2,$K39,0) -> 0 | O39: =IF($G39=O$2,$K39,0) -> 0 | P39: =IF($G39=P$2,$K39,0) -> 0
A40: =(Detail!#REF!+0.83*3)/3.281 -> #REF! | B40: =10/(12*3.281) -> 0.25398761 | C40: =10/(12*3.281) -> 0.25398761 | D40: =Detail!#REF! -> #REF! | E40: 0.05 | F40: Main Bar | G40: 16 | I40: 6 | J40: =A40-2*E40+8*G40/1000 -> #REF! | K40: =I40*J40*D40 -> #REF! | L40: =IF($G40=L$2,$K40,0) -> 0 | M40: =IF($G40=M$2,$K40,0) -> 0 | N40: =IF($G40=N$2,$K40,0) -> 0 | O40: =IF($G40=O$2,$K40,0) -> #REF! | P40: =IF($G40=P$2,$K40,0) -> 0
D41: =D40 -> #REF! | E41: 0.05 | F41: Stirrup | G41: 10 | H41: =6/(12*3.281) -> 0.15239256 | I41: =ROUND(A40/H41,0)+1 -> #REF! | J41: =2*(B40+C40)-8*E40+2*8*G41/1000 -> 0.77595042 | K41: =I41*J41*D41 -> #REF! | L41: =IF($G41=L$2,$K41,0) -> 0 | M41: =IF($G41=M$2,$K41,0) -> #REF! | N41: =IF($G41=N$2,$K41,0) -> 0 | O41: =IF($G41=O$2,$K41,0) -> 0 | P41: =IF($G41=P$2,$K41,0) -> 0
L42: =IF($G42=L$2,$K42,0) -> 0 | M42: =IF($G42=M$2,$K42,0) -> 0 | N42: =IF($G42=N$2,$K42,0) -> 0 | O42: =IF($G42=O$2,$K42,0) -> 0 | P42: =IF($G42=P$2,$K42,0) -> 0
A43: Roof Beam | L43: =IF($G43=L$2,$K43,0) -> 0 | M43: =IF($G43=M$2,$K43,0) -> 0 | N43: =IF($G43=N$2,$K43,0) -> 0 | O43: =IF($G43=O$2,$K43,0) -> 0 | P43: =IF($G43=P$2,$K43,0) -> 0
A44: =Detail!#REF! -> #REF!
A45: =Detail!#REF! -> #REF!
A46: RB1 | L46: =IF($G46=L$2,$K46,0) -> 0 | M46: =IF($G46=M$2,$K46,0) -> 0 | N46: =IF($G46=N$2,$K46,0) -> 0 | O46: =IF($G46=O$2,$K46,0) -> 0 | P46: =IF($G46=P$2,$K46,0) -> 0
A47: =(Detail!#REF!+0.83)/3.281 -> #REF! | B47: =10/(12*3.281) -> 0.25398761 | C47: =10/(12*3.281) -> 0.25398761 | D47: =Detail!#REF! -> #REF! | E47: 0.05 | F47: Main Bar | G47: 16 | I47: 6 | J47: =A47-2*E47+8*G47/1000 -> #REF! | K47: =I47*J47*D47 -> #REF! | L47: =IF($G47=L$2,$K47,0) -> 0 | M47: =IF($G47=M$2,$K47,0) -> 0 | N47: =IF($G47=N$2,$K47,0) -> 0 | O47: =IF($G47=O$2,$K47,0) -> #REF! | P47: =IF($G47=P$2,$K47,0) -> 0
D48: =Detail!#REF! -> #REF! | E48: 0.05 | F48: Stirrup | G48: 10 | H48: =6/(12*3.281) -> 0.15239256 | I48: =ROUND(A47/H48,0)+1 -> #REF! | J48: =2*(B47+C47)-8*E47+2*8*G48/1000 -> 0.77595042 | K48: =I48*J48*D48 -> #REF! | L48: =IF($G48=L$2,$K48,0) -> 0 | M48: =IF($G48=M$2,$K48,0) -> #REF! | N48: =IF($G48=N$2,$K48,0) -> 0 | O48: =IF($G48=O$2,$K48,0) -> 0 | P48: =IF($G48=P$2,$K48,0) -> 0
A49: =Detail!#REF! -> #REF! | L49: =IF($G49=L$2,$K49,0) -> 0 | M49: =IF($G49=M$2,$K49,0) -> 0 | N49: =IF($G49=N$2,$K49,0) -> 0 | O49: =IF($G49=O$2,$K49,0) -> 0 | P49: =IF($G49=P$2,$K49,0) -> 0
A50: RB1 | L50: =IF($G50=L$2,$K50,0) -> 0 | M50: =IF($G50=M$2,$K50,0) -> 0 | N50: =IF($G50=N$2,$K50,0) -> 0 | O50: =IF($G50=O$2,$K50,0) -> 0 | P50: =IF($G50=P$2,$K50,0) -> 0
A51: =(Detail!#REF!+0.42)/3.281 -> #REF! | B51: =10/(12*3.281) -> 0.25398761 | C51: =10/(12*3.281) -> 0.25398761 | D51: =Detail!#REF! -> #REF! | E51: 0.05 | F51: Main Bar | G51: 16 | I51: 6 | J51: =A51-2*E51+8*G51/1000 -> #REF! | K51: =I51*J51*D51 -> #REF! | L51: =IF($G51=L$2,$K51,0) -> 0 | M51: =IF($G51=M$2,$K51,0) -> 0 | N51: =IF($G51=N$2,$K51,0) -> 0 | O51: =IF($G51=O$2,$K51,0) -> #REF! | P51: =IF($G51=P$2,$K51,0) -> 0
D52: =D51 -> #REF! | E52: 0.05 | F52: Stirrup | G52: 10 | H52: =6/(12*3.281) -> 0.15239256 | I52: =ROUND(A51/H52,0)+1 -> #REF! | J52: =2*(B51+C51)-8*E51+2*8*G52/1000 -> 0.77595042 | K52: =I52*J52*D52 -> #REF! | L52: =IF($G52=L$2,$K52,0) -> 0 | M52: =IF($G52=M$2,$K52,0) -> #REF! | N52: =IF($G52=N$2,$K52,0) -> 0 | O52: =IF($G52=O$2,$K52,0) -> 0 | P52: =IF($G52=P$2,$K52,0) -> 0
L53: =IF($G53=L$2,$K53,0) -> 0 | M53: =IF($G53=M$2,$K53,0) -> 0 | N53: =IF($G53=N$2,$K53,0) -> 0 | O53: =IF($G53=O$2,$K53,0) -> 0 | P53: =IF($G53=P$2,$K53,0) -> 0
A54: =Detail!#REF! -> #REF!
A55: =Detail!#REF! -> #REF!
A56: RB1 | L56: =IF($G56=L$2,$K56,0) -> 0 | M56: =IF($G56=M$2,$K56,0) -> 0 | N56: =IF($G56=N$2,$K56,0) -> 0 | O56: =IF($G56=O$2,$K56,0) -> 0 | P56: =IF($G56=P$2,$K56,0) -> 0
A57: =(Detail!#REF!+0.83*2)/3.281 -> #REF! | B57: =10/(12*3.281) -> 0.25398761 | C57: =10/(12*3.281) -> 0.25398761 | D57: =Detail!#REF! -> #REF! | E57: 0.05 | F57: Main Bar | G57: 16 | I57: 6 | J57: =A57-2*E57+8*G57/1000 -> #REF! | K57: =I57*J57*D57 -> #REF! | L57: =IF($G57=L$2,$K57,0) -> 0 | M57: =IF($G57=M$2,$K57,0) -> 0 | N57: =IF($G57=N$2,$K57,0) -> 0 | O57: =IF($G57=O$2,$K57,0) -> #REF! | P57: =IF($G57=P$2,$K57,0) -> 0
D58: =D57 -> #REF! | E58: 0.05 | F58: Stirrup | G58: 10 | H58: =6/(12*3.281) -> 0.15239256 | I58: =ROUND(A57/H58,0)+1 -> #REF! | J58: =2*(B57+C57)-8*E57+2*8*G58/1000 -> 0.77595042 | K58: =I58*J58*D58 -> #REF! | L58: =IF($G58=L$2,$K58,0) -> 0 | M58: =IF($G58=M$2,$K58,0) -> #REF! | N58: =IF($G58=N$2,$K58,0) -> 0 | O58: =IF($G58=O$2,$K58,0) -> 0 | P58: =IF($G58=P$2,$K58,0) -> 0
A59: =Detail!#REF! -> #REF! | L59: =IF($G59=L$2,$K59,0) -> 0 | M59: =IF($G59=M$2,$K59,0) -> 0 | N59: =IF($G59=N$2,$K59,0) -> 0 | O59: =IF($G59=O$2,$K59,0) -> 0 | P59: =IF($G59=P$2,$K59,0) -> 0
A60: RB1 | L60: =IF($G60=L$2,$K60,0) -> 0 | M60: =IF($G60=M$2,$K60,0) -> 0 | N60: =IF($G60=N$2,$K60,0) -> 0 | O60: =IF($G60=O$2,$K60,0) -> 0 | P60: =IF($G60=P$2,$K60,0) -> 0
A61: =(Detail!#REF!+0.83*3)/3.281 -> #REF! | B61: =10/(12*3.281) -> 0.25398761 | C61: =10/(12*3.281) -> 0.25398761 | D61: =Detail!#REF! -> #REF! | E61: 0.05 | F61: Main Bar | G61: 16 | I61: 6 | J61: =A61-2*E61+8*G61/1000 -> #REF! | K61: =I61*J61*D61 -> #REF! | L61: =IF($G61=L$2,$K61,0) -> 0 | M61: =IF($G61=M$2,$K61,0) -> 0 | N61: =IF($G61=N$2,$K61,0) -> 0 | O61: =IF($G61=O$2,$K61,0) -> #REF! | P61: =IF($G61=P$2,$K61,0) -> 0
D62: =D61 -> #REF! | E62: 0.05 | F62: Stirrup | G62: 10 | H62: =6/(12*3.281) -> 0.15239256 | I62: =ROUND(A61/H62,0)+1 -> #REF! | J62: =2*(B61+C61)-8*E61+2*8*G62/1000 -> 0.77595042 | K62: =I62*J62*D62 -> #REF! | L62: =IF($G62=L$2,$K62,0) -> 0 | M62: =IF($G62=M$2,$K62,0) -> #REF! | N62: =IF($G62=N$2,$K62,0) -> 0 | O62: =IF($G62=O$2,$K62,0) -> 0 | P62: =IF($G62=P$2,$K62,0) -> 0
L63: =IF($G63=L$2,$K63,0) -> 0 | M63: =IF($G63=M$2,$K63,0) -> 0 | N63: =IF($G63=N$2,$K63,0) -> 0 | O63: =IF($G63=O$2,$K63,0) -> 0 | P63: =IF($G63=P$2,$K63,0) -> 0
A64: Slab | L64: =IF($G64=L$2,$K64,0) -> 0 | M64: =IF($G64=M$2,$K64,0) -> 0 | N64: =IF($G64=N$2,$K64,0) -> 0 | O64: =IF($G64=O$2,$K64,0) -> 0 | P64: =IF($G64=P$2,$K64,0) -> 0
A65: Roof Slab | L65: =IF($G65=L$2,$K65,0) -> 0 | M65: =IF($G65=M$2,$K65,0) -> 0 | N65: =IF($G65=N$2,$K65,0) -> 0 | O65: =IF($G65=O$2,$K65,0) -> 0 | P65: =IF($G65=P$2,$K65,0) -> 0
A66: RS1 | L66: =IF($G66=L$2,$K66,0) -> 0 | M66: =IF($G66=M$2,$K66,0) -> 0 | N66: =IF($G66=N$2,$K66,0) -> 0 | O66: =IF($G66=O$2,$K66,0) -> 0 | P66: =IF($G66=P$2,$K66,0) -> 0
A67: =(Detail!#REF!+0.83)/3.281 -> #REF! | D67: =Detail!#REF! -> #REF! | E67: 0.05 | F67: Main Bar | G67: 10 | H67: =(6)/(12*3.281) -> 0.15239256 | I67: =ROUND(A68/H67,0)+1 -> #REF! | J67: =A67-2*E67+2*8*G67/1000 -> #REF! | K67: =I67*J67*D67 -> #REF! | L67: =IF($G67=L$2,$K67,0) -> 0 | M67: =IF($G67=M$2,$K67,0) -> #REF! | N67: =IF($G67=N$2,$K67,0) -> 0 | O67: =IF($G67=O$2,$K67,0) -> 0 | P67: =IF($G67=P$2,$K67,0) -> 0
A68: =(Detail!#REF!+0.83)/3.281 -> #REF! | D68: =D67 -> #REF! | E68: 0.05 | F68: Main Bar | G68: 10 | H68: =(6)/(12*3.281) -> 0.15239256 | I68: =ROUND(A67/H68,0)+1 -> #REF! | J68: =A68-2*E68+2*8*G68/1000 -> #REF! | K68: =I68*J68*D68 -> #REF! | L68: =IF($G68=L$2,$K68,0) -> 0 | M68: =IF($G68=M$2,$K68,0) -> #REF! | N68: =IF($G68=N$2,$K68,0) -> 0 | O68: =IF($G68=O$2,$K68,0) -> 0 | P68: =IF($G68=P$2,$K68,0) -> 0
L69: =IF($G69=L$2,$K69,0) -> 0 | M69: =IF($G69=M$2,$K69,0) -> 0 | N69: =IF($G69=N$2,$K69,0) -> 0 | O69: =IF($G69=O$2,$K69,0) -> 0 | P69: =IF($G69=P$2,$K69,0) -> 0
L70: =IF($G70=L$2,$K70,0) -> 0 | M70: =IF($G70=M$2,$K70,0) -> 0 | N70: =IF($G70=N$2,$K70,0) -> 0 | O70: =IF($G70=O$2,$K70,0) -> 0 | P70: =IF($G70=P$2,$K70,0) -> 0
A71: Total | K71: Total Length(m) | L71: =SUM(L3:L70) -> 0 | M71: =SUM(M3:M70) -> #REF! | N71: =SUM(N3:N70) -> 0 | O71: =SUM(O3:O70) -> #REF! | P71: =SUM(P3:P70) -> 0
K72: Kg/m | L72: =L2^2/162 -> 0.22222222 | M72: =M2^2/162 -> 0.61728395 | N72: =N2^2/162 -> 0.88888889 | O72: =O2^2/162 -> 1.5802469 | P72: =P2^2/162 -> 2
K73: total of Each(kg) | L73: =L71*L72 -> 0 | M73: =M71*M72 -> #REF! | N73: =N71*N72 -> 0 | O73: =O71*O72 -> #REF! | P73: =P71*P72 -> 0
K74: 5% of Each(kg) | L74: =L73*1.05 -> 0 | M74: =M73*1.05 -> #REF! | N74: =N73*1.05 -> 0 | O74: =O73*1.05 -> #REF! | P74: =P73*1.05 -> 0
K75: Total Kg | L75: =SUM(L73:P73) -> #REF! | M75: Kg
K76: Total Ton | L76: =L75/1000 -> #REF! | M76: Ton
K77: Total 5% wastage | L77: =L76*1.05 -> #REF! | M77: Ton

Sheet M&L Rate
A1: =Detail!A1 -> One Storeyed RCC Building, Myat Lay Street
A2: =Detail!A2 -> 35'-0"x45'-0"x13'-0" Ht;
A3: Bill Of Quantities
A4: Sr. No. | B4: Particular | C4: Quantity | D4: Unit | E4: Rate | H4: Rate | I4: Rate | J4: Rate | K4: Per | L4: Amount | M4: Remark
E5: Bo Bo | H5: Old | I5: 10% Add
B6: Material Cost | G6: TC
A7: 1 | B7: Cement | C7: =SUMIF(BE!$B$5:$B$459,B7,BE!$C$5:$C$459) -> 654.18 | D7: Bags | E7: =18600 -> 18600 | G7: 6150 | I7: =E7*1.1 -> 20460 | K7: Bags | L7: =J7*C7 -> 0
A8: 2 | B8: Sand | C8: =SUMIF(BE!$B$5:$B$459,B8,BE!$C$5:$C$459) -> 72.04 | D8: Suds | E8: 30000 | I8: =E8*1.1 -> 33000 | K8: Suds | L8: =J8*C8 -> 0
A9: 3 | B9: River Shingle | C9: =SUMIF(BE!$B$5:$B$459,B9,BE!$C$5:$C$459) -> 31.1 | D9: Suds | E9: 110000 | I9: =E9*1.1 -> 121000 | K9: Suds | L9: =J9*C9 -> 0
A10: 4 | B10: 6"x9" Stone Boulder | C10: =SUMIF(BE!$B$5:$B$459,B10,BE!$C$5:$C$459) -> 2.34 | D10: Suds | E10: 230000 | I10: =E10*1.1 -> 253000 | K10: Suds | L10: =J10*C10 -> 0
A11: 5 | B11: Fuel | C11: =SUMIF(BE!$B$5:$B$459,B11,BE!$C$5:$C$459) -> 62.44 | D11: Gal | E11: 18800 | I11: =E11*1.1 -> 20680 | K11: Suds | L11: =J11*C11 -> 0
A12: 6 | B12: Jungle Wood | C12: =SUMIF(BE!$B$5:$B$459,B12,BE!$C$5:$C$459) -> 9.534 | D12: Ton | E12: 1250000 | I12: =E12*1.1 -> 1375000 | K12: Ton | L12: =J12*C12 -> 0
A13: 7 | B13: 5 Ply Wood (8'x4') | C13: =SUMIF(BE!$B$5:$B$459,B13,BE!$C$5:$C$459) -> 85.37 | D13: Sheet | E13: 69000 | I13: =E13*1.1 -> 75900 | K13: Sheet | L13: =J13*C13 -> 0
A14: 8 | B14: Nails | C14: =SUMIF(BE!$B$5:$B$459,B14,BE!$C$5:$C$459) -> 101.29 | D14: Viss | E14: 11600 | I14: =E14*1.1 -> 12760 | K14: Viss | L14: =J14*C14 -> 0
A15: 9 | B15: Brick | C15: =SUMIF(BE!$B$5:$B$459,B15,BE!$C$5:$C$459) -> 19237 | D15: Nos. | E15: 380 | I15: =E15*1.1 -> 418 | K15: Nos. | L15: =J15*C15 -> 0
A16: 10 | B16: Reinforcement X-met | C16: =SUMIF(BE!$B$5:$B$459,B16,BE!$C$5:$C$459) -> 0 | D16: Rft | E16: 65 | I16: =E16*1.1 -> 71.5 | K16: Rft | L16: =J16*C16 -> 0
A17: 11 | B17: Plastic Sheet | D17: Rft | E17: =ROUNDUP(G17/3,-2) -> 1200 | F17: yrd | G17: 3500 | H17: =G17/3 -> 1166.6667 | I17: =E17*1.1 -> 1320
A18: 12 | B18: Plaster Fibre Mesh | D18: Coil | E18: 100000 | I18: =E18*1.1 -> 110000 | K18: Coil
A19: 13 | B19: Sikament-9 | D19: Lit | E19: 8500 | H19: 4500 | I19: =H19*1.15 -> 5175 | K19: Lit
A20: 14 | B20: Bonding Agent | D20: Lit | E20: 17000 | H20: 15000 | I20: =H20*1.15 -> 17250 | K20: Lit
A21: 15 | B21: Sikadur-31CF | D21: Set | E21: 118600 | H21: 15000 | I21: =H21*1.15 -> 17250 | K21: Lit
A22: 16 | B22: Impermo
A23: 17 | B23: PU Fluid
A24: 18 | B24: Water Stop
A25: 19 | B25: =BQ!B20 -> Ø16mm (1.58 Kg/m)(⅝") | C25: =SUMIF(BE!$B$5:$B$459,B25,BE!$C$5:$C$459) -> 6.4567644 | D25: Ton | E25: 2130000 | I25: =E25*1.1 -> 2343000 | K25: =D25 -> Ton | L25: =J25*C25 -> 0
A26: 20 | B26: =BQ!B21 -> Ø12mm (0.89Kg/m)(½") | C26: =SUMIF(BE!$B$5:$B$459,B26,BE!$C$5:$C$459) -> 0.17745233 | D26: Ton | E26: 1930000 | I26: =E26*1.1 -> 2123000 | K26: =D26 -> Ton | L26: =J26*C26 -> 0
A27: 21 | B27: =BQ!B22 -> Ø10mm (0.62 Kg/m)(⅜") | C27: =SUMIF(BE!$B$5:$B$459,B27,BE!$C$5:$C$459) -> 5.0567239 | D27: Ton | E27: 1640000 | I27: =E27*1.1 -> 1804000 | K27: =D27 -> Ton | L27: =J27*C27 -> 0
A28: 22 | B28: Ø6.5mm (0.26 Kg/m)(¼") | C28: =SUMIF(BE!$B$5:$B$459,B28,BE!$C$5:$C$459) -> 0.30798791 | D28: Ton | E28: =G28*20 -> 3450000 | F28: Coil | G28: 172500 | I28: =E28*1.1 -> 3795000 | K28: =D28 -> Ton | L28: =J28*C28 -> 0
A29: 23 | B29: Binding Wire | C29: =SUMIF(BE!$B$5:$B$459,B29,BE!$C$5:$C$459) -> 66.660714 | D29: viss | E29: =ROUNDUP(G29/12,-2) -> 9200 | F29: Coil | G29: 110000 | I29: =E29*1.1 -> 10120 | K29: =D29 -> viss | L29: =J29*C29 -> 0
A30: 24 | B30: Putty | C30: =SUMIF(BE!$B$5:$B$459,B30,BE!$C$5:$C$459) -> 0 | D30: Bags | E30: 24000 | I30: =E30*1.1 -> 26400 | K30: =D30 -> Bags | L30: =J30*C30 -> 0
A31: 25 | B31: Sealer | C31: =SUMIF(BE!$B$5:$B$459,B31,BE!$C$5:$C$459) -> 0 | D31: Gal | E31: 130200 | I31: =E31*1.1 -> 143220 | K31: =D31 -> Gal
A32: 26 | B32: Sand Paper | C32: =SUMIF(BE!$B$5:$B$459,B32,BE!$C$5:$C$459) -> 0 | D32: Doz | E32: =G32*12 -> 21600 | F32: Nos. | G32: 1800 | I32: =E32*1.1 -> 23760 | K32: =D32 -> Doz | L32: =J32*C32 -> 0
A33: 27 | B33: Putty Towel | C33: =SUMIF(BE!$B$5:$B$459,B33,BE!$C$5:$C$459) -> 0 | D33: Nos. | E33: 2000 | I33: =E33*1.1 -> 2200 | K33: =D33 -> Nos. | L33: =J33*C33 -> 0
A34: 28 | B34: Emulsion Paint | C34: =SUMIF(BE!$B$5:$B$459,B34,BE!$C$5:$C$459) -> 0 | D34: Gal | E34: 109000 | I34: =H34*1.1 -> 0 | K34: =D34 -> Gal | L34: =J34*C34 -> 0
A35: 29 | B35: Roller | C35: =SUMIF(BE!$B$5:$B$459,B35,BE!$C$5:$C$459) -> 0 | D35: Nos. | E35: 7500 | I35: =H35*1.1 -> 0 | K35: =D35 -> Nos. | L35: =J35*C35 -> 0
A36: 30 | B36: 5"x5" Hollow (1.4mm thk;) | C36: =SUMIF(BE!$B$5:$B$459,B36,BE!$C$5:$C$459) -> 0 | D36: Rft | E36: 108000 | I36: =G36*1.1 -> 0 | K36: =D36 -> Rft | L36: =J36*C36 -> 0
A37: 31 | B37: 5"x2½" Hollow (1.4mm thk;) | C37: =SUMIF(BE!$B$5:$B$459,B37,BE!$C$5:$C$459) -> 0 | D37: Rft | E37: 108000 | I37: =G37*1.1 -> 0 | K37: =D37 -> Rft | L37: =J37*C37 -> 0
A38: 32 | B38: 4"x2" Hollow (1.4mm thk;) | C38: =SUMIF(BE!$B$5:$B$459,B38,BE!$C$5:$C$459) -> 0 | D38: Rft | E38: 61500 | I38: =G38*1.1 -> 0 | K38: =D38 -> Rft | L38: =J38*C38 -> 0
A39: 33 | B39: 2"x2" Hollow (1.2mm thk;) | C39: =SUMIF(BE!$B$5:$B$459,B39,BE!$C$5:$C$459) -> 0 | D39: Rft | E39: 35800 | I39: =G39*1.1 -> 0 | K39: =D39 -> Rft | L39: =J39*C39 -> 0
A40: 34 | B40: 3"x1½" Hollow (1.2mm thk;) | C40: =SUMIF(BE!$B$5:$B$459,B40,BE!$C$5:$C$459) -> 0 | D40: Rft | E40: 45000 | I40: =G40*1.1 -> 0 | K40: =D40 -> Rft | L40: =J40*C40 -> 0
A41: 35 | B41: 2"x2" Angle | C41: =SUMIF(BE!$B$5:$B$459,B41,BE!$C$5:$C$459) -> 0 | D41: Nos. | E41: 57000 | I41: =E41*1.1 -> 62700 | K41: =D41 -> Nos. | L41: =J41*C41 -> 0
A42: 36 | B42: 1"x1" Hollow | C42: =SUMIF(BE!$B$5:$B$459,B42,BE!$C$5:$C$459) -> 0 | D42: Rft | E42: 10900 | I42: =G42*1.1 -> 0 | K42: =D42 -> Rft | L42: =J42*C42 -> 0
A43: 37 | B43: No.12 Welding Rod | D43: Pkt | E43: 27000 | I43: =E43*1.1 -> 29700 | K43: =D43 -> Pkt
A44: 38 | B44: 4" Cutting Wheel | D44: Nos. | E44: 2000 | I44: =E44*1.1 -> 2200 | K44: =D44 -> Nos.
A45: 39 | B45: 4" Grinder Wheel | D45: Nos. | E45: 7400 | I45: =E45*1.1 -> 8140 | K45: =D45 -> Nos.
A46: 40 | B46: Red Oxide | C46: =SUMIF(BE!$B$5:$B$459,B46,BE!$C$5:$C$459) -> 0 | D46: Gal | E46: 95000 | I46: =H46*1.1 -> 0 | K46: =D46 -> Gal | L46: =J46*C46 -> 0
A47: 41 | B47: Tinder | C47: =SUMIF(BE!$B$5:$B$459,B47,BE!$C$5:$C$459) -> 0 | D47: Gal | E47: 34000 | I47: =H47*1.1 -> 0 | K47: =D47 -> Gal | L47: =J47*C47 -> 0
A48: 42 | B48: Enamel Paint | C48: =SUMIF(BE!$B$5:$B$459,B48,BE!$C$5:$C$459) -> 0 | D48: Gal | I48: =H48*1.1 -> 0 | K48: =D48 -> Gal | L48: =J48*C48 -> 0
A49: 43 | B49: 4-Angle Sheet | C49: =SUMIF(BE!$B$5:$B$459,B49,BE!$C$5:$C$459) -> 0 | D49: Rft | E49: 4945 | I49: =H49*1.1 -> 0 | K49: =D49 -> Rft | L49: =J49*C49 -> 0
A50: 44 | B50: Roofing Nail | C50: =SUMIF(BE!$B$5:$B$459,B50,BE!$C$5:$C$459) -> 0 | D50: Viss | E50: 18500 | I50: =E50*1.1 -> 20350 | K50: =D50 -> Viss | L50: =J50*C50 -> 0
A51: 45 | B51: Silicon | C51: =SUMIF(BE!$B$5:$B$459,B51,BE!$C$5:$C$459) -> 0 | D51: Nos. | E51: 8500 | I51: =E51*1.1 -> 9350 | K51: =D51 -> Nos.
A52: 46 | B52: 6"x1" Shera Board (M+L) | C52: =SUMIF(BE!$B$5:$B$459,B52,BE!$C$5:$C$459) -> 0 | D52: Rft | E52: =ROUNDUP(G52/11,-2) -> 2400 | F52: Nos. | G52: 25500 | I52: =H52*1.1 -> 0 | K52: =D52 -> Rft | L52: =J52*C52 -> 0
A53: 47 | B53: Galvd. Iron ridge with GI Screws | C53: =SUMIF(BE!$B$5:$B$459,B53,BE!$C$5:$C$459) -> 0 | D53: Rft | E53: =ROUNDUP(2350*1.3,-2) -> 3100 | H53: 2800 | I53: =H53*1.1 -> 3080 | K53: =D53 -> Rft | L53: =J53*C53 -> 0
A54: 48 | B54: Gypsum Board | C54: =SUMIF(BE!$B$5:$B$459,B54,BE!$C$5:$C$459) -> 0 | D54: Sheet | E54: 40000 | I54: =H54*1.1 -> 0 | K54: =D54 -> Sheet | L54: =J54*C54 -> 0
A55: 49 | B55: Moisture Resistance Gypsum Board | C55: =SUMIF(BE!$B$5:$B$459,B55,BE!$C$5:$C$459) -> 0 | D55: Sheet | E55: 72500 | I55: =H55*1.1 -> 0 | K55: =D55 -> Sheet | L55: =J55*C55 -> 0
A56: 50 | B56: L Bar | C56: =SUMIF(BE!$B$5:$B$459,B56,BE!$C$5:$C$459) -> 0 | D56: Nos. | E56: 1550 | I56: =H56*1.1 -> 0 | K56: =D56 -> Nos.
A57: 51 | B57: C Channel | C57: =SUMIF(BE!$B$5:$B$459,B57,BE!$C$5:$C$459) -> 0 | D57: Nos. | E57: 3500 | I57: =H57*1.1 -> 0 | K57: =D57 -> Nos.
A58: 52 | B58: No.7 Wall Plug | C58: =SUMIF(BE!$B$5:$B$459,B58,BE!$C$5:$C$459) -> 0 | D58: Pkt | E58: 8000 | I58: =H58*1.1 -> 0 | K58: =D58 -> Pkt
A59: 53 | B59: 1" Black Screw | C59: =SUMIF(BE!$B$5:$B$459,B59,BE!$C$5:$C$459) -> 0 | D59: Box | E59: 16000 | I59: =H59*1.1 -> 0 | K59: =D59 -> Box
A60: 54 | B60: 1½" Steel Screw | C60: =SUMIF(BE!$B$5:$B$459,B60,BE!$C$5:$C$459) -> 0 | D60: Nos. | E60: 37500 | I60: =H60*1.1 -> 0 | K60: =D60 -> Nos.
A61: 55 | B61: ⅝" Button Screw | C61: =SUMIF(BE!$B$5:$B$459,B61,BE!$C$5:$C$459) -> 0 | D61: Nos. | E61: 34000 | I61: =H61*1.1 -> 0 | K61: =D61 -> Nos.
A62: 56 | B62: Eco Wood | C62: =SUMIF(BE!$B$5:$B$459,B62,BE!$C$5:$C$459) -> 0 | D62: Nos. | E62: 30000 | I62: =H62*1.1 -> 0 | K62: =D62 -> Nos.
A63: 57 | B63: Eco Wood L Bar | C63: =SUMIF(BE!$B$5:$B$459,B63,BE!$C$5:$C$459) -> 0 | D63: Rft | E63: 15000 | I63: =H63*1.1 -> 0 | K63: =D63 -> Rft
A64: 58 | B64: Ecowood Clip | C64: =SUMIF(BE!$B$5:$B$459,B64,BE!$C$5:$C$459) -> 0 | D64: Nos. | E64: 500 | I64: =H64*1.1 -> 0 | K64: =D64 -> Nos.
A65: 59 | B65: Ecowood Screw | C65: =SUMIF(BE!$B$5:$B$459,B65,BE!$C$5:$C$459) -> 0 | D65: Nos. | E65: 150 | I65: =H65*1.1 -> 0 | K65: =D65 -> Nos.
A66: 60 | B66: EC Putty | C66: =SUMIF(BE!$B$5:$B$459,B66,BE!$C$5:$C$459) -> 0 | D66: Bag | E66: 67600 | I66: =H66*1.1 -> 0 | K66: =D66 -> Bag
A67: 61 | B67: Tape | C67: =SUMIF(BE!$B$5:$B$459,B67,BE!$C$5:$C$459) -> 0 | D67: Coil | E67: 4000 | I67: =H67*1.1 -> 0 | K67: =D67 -> Coil | L67: =SUMIF(BE!$B$5:$B$459,K67,BE!$C$5:$C$459) -> 0
A68: 62 | B68: Ceiling White | C68: =SUMIF(BE!$B$5:$B$459,B68,BE!$C$5:$C$459) -> 0 | D68: Gal | E68: 80600 | I68: =H68*1.1 -> 0 | K68: =D68 -> Gal
A69: 63 | B69: Door (Aluminium) | C69: =SUMIF(BE!$B$5:$B$459,B69,BE!$C$5:$C$459) -> 0 | D69: Sft | I69: =H69*1.1 -> 0 | K69: Sft | L69: =J69*C69 -> 0
A70: 64 | B70: Window (Aluminium) | C70: =SUMIF(BE!$B$5:$B$459,B70,BE!$C$5:$C$459) -> 0 | D70: Sft | I70: =H70*1.1 -> 0 | K70: Sft | L70: =J70*C70 -> 0
A71: 65 | B71: Fixed Glass | C71: =SUMIF(BE!$B$5:$B$459,B71,BE!$C$5:$C$459) -> 0 | D71: Sft | I71: =H71*1.1 -> 0 | K71: Sft | L71: =J71*C71 -> 0
A72: 66 | B72: 5"x2" Chowket | C72: =SUMIF(BE!$B$5:$B$459,B72,BE!$C$5:$C$459) -> 0 | D72: Rft | E72: 10500 | I72: =E72*1.1 -> 11550 | K72: =D72 -> Rft | L72: =J72*C72 -> 0
A73: 67 | B73: 5"x3" Chowket | C73: =SUMIF(BE!$B$5:$B$459,B73,BE!$C$5:$C$459) -> 0 | D73: Rft | E73: 16500 | I73: =E73*1.1 -> 18150 | K73: =D73 -> Rft | L73: =J73*C73 -> 0
A74: 81 | B74: Bracket | D74: Nos. | E74: 350 | I74: =E74*1.1 -> 385 | K74: =D74 -> Nos.
A75: 82 | B75: Coal Tar | D75: Nos. | E75: 7800 | I75: =E75*1.1 -> 8580 | K75: =D75 -> Nos.
A76: 68 | B76: Hardwood Door | D76: Sft | E76: 43000 | I76: =E76*1.1 -> 47300 | K76: =D76 -> Sft
A77: 69 | B77: 5" Hinge | D77: Nos. | E77: 3900 | I77: =E77*1.1 -> 4290 | K77: =D77 -> Nos.
A78: 70 | B78: Screw | D78: Nos. | E78: 100 | I78: =E78*1.1 -> 110 | K78: =D78 -> Nos.
A79: 71 | B79: Handle Lock | D79: Nos. | E79: 85000 | I79: =E79*1.1 -> 93500 | K79: =D79 -> Nos.
A80: 72 | B80: Main Door Lock Set | D80: Set | E80: 1400000 | I80: =E80*1.1 -> 1540000 | K80: =D80 -> Set
A81: 73 | B81: Wood Oil (Two Coat) | C81: =SUMIF(BE!$B$5:$B$459,B81,BE!$C$5:$C$459) -> 0 | D81: Lit | E81: =G81/4 -> 6500 | F81: Gal | G81: 26000 | I81: =H81*1.1 -> 0 | K81: =D81 -> Lit | L81: =J81*C81 -> 0
A82: 74 | B82: Turpentine | D82: Lit | E82: 19500 | K82: =D82 -> Lit
A83: 75 | B83: 506 Sealer | D83: Lit | E83: =G83/5 -> 60900 | F83: 5Lit | G83: 304500 | K83: =D83 -> Lit
A84: 76 | B84: Paint Brush | C84: =SUMIF(BE!$B$5:$B$459,B84,BE!$C$5:$C$459) -> 0 | D84: Nos. | E84: 3000 | I84: =H84*1.1 -> 0 | K84: =D84 -> Nos. | L84: =J84*C84 -> 0
A85: 77 | B85: 2'x1' Granite | C85: =SUMIF(BE!$B$5:$B$459,B85,BE!$C$5:$C$459) -> 0 | D85: Nos. | H85: 75000 | I85: =H85*1.1 -> 82500 | K85: =D85 -> Nos. | L85: =J85*C85 -> 0
A86: 78 | B86: White Cement | C86: =SUMIF(BE!$B$5:$B$459,B86,BE!$C$5:$C$459) -> 0 | D86: Lbs | H86: 7150 | I86: =H86*1.1 -> 7865 | K86: =D86 -> Lbs | L86: =J86*C86 -> 0
A87: 79 | B87: Bamboo | D87: Nos. | E87: 1750 | I87: =E87*1.1 -> 1925 | K87: =D87 -> Nos.
A88: 80 | B88: Coir Yarn | D88: Coil | E88: 16000 | I88: =E88*1.1 -> 17600 | K88: =D88 -> Coil
A89: 83 | B89: T Rental Charges | D89: Nos. | E89: 90 | I89: =H89*90 -> 0 | K89: =D89 -> Nos.
A90: 84 | B90: Concrete Nail | D90: Box | E90: 8500 | I90: =E90*1.1 -> 9350 | K90: =D90 -> Box
A91: 85 | B91: Aluminium Window Work (M+L) | D91: Sft | E91: 46000 | K91: =D91 -> Sft
A92: 86 | B92: 1'x1' Floor Tile | D92: Sht | E92: 2700 | K92: =D92 -> Sht
A93: 87 | B93: 2'x2' Floor Tile | D93: Sht | E93: 14600 | K93: =D93 -> Sht
A94: 88 | B94: 2'x1' Wall Tile | D94: Sht | E94: 4600 | K94: =D94 -> Sht
A95: 89 | B95: 2'x1' Wall Tile (Oil Cover) | D95: Sht | E95: 4900 | K95: =D95 -> Sht
A96: 90 | B96: 2'x4' Granite | D96: Sht | E96: 280000 | K96: =D96 -> Sht
A97: 91 | B97: Stair Tiling (Front) | D97: Set | E97: 24500 | K97: =D97 -> Set
A98: 92 | B98: Stair Tiling (Side) | D98: Set | E98: 18000 | K98: =D98 -> Set
A99: 93 | B99: White Cement (1kg) | D99: Bag | E99: 5000 | K99: =D99 -> Bag
A100: 94 | B100: Corner | D100: Rft | E100: =ROUNDUP(G100/6,-2) -> 600 | F100: Nos. | G100: 3500 | K100: =D100 -> Rft
...

Sheet Indirect Cost
C1: ကိုဘရိတ်ကီ | D1: 25 | E1: 35 | F1: =E1*D1 -> 875
A2: 1 | B2: ပတ်တန်းရိုက်
B3: 1 | C3: ဆေးဖြူမှုန့်/တာပင်တိုင်(ရာဇမတ်ကွက်သုတ်ရန်) | F3: 33800
B4: 2 | C4: 3"x1" (12') | D4: 160 | E4: 508 | F4: =E4*D4 -> 81280
B5: 3 | C5: 2.5" Nail | D5: 0.3 | E5: 7100 | F5: =E5*D5 -> 2130
B6: 4 | C6: 1.5" Nail | D6: 0.3 | E6: 7100 | F6: =E6*D6 -> 2130
B7: 5 | C7: 2.5" Nail | D7: 1 | E7: 8000 | F7: =E7*D7 -> 8000
F8: =SUM(F3:F7) -> 127340
A9: 2 | B9: သန့်ရှင်းရေး | F9: 100000
A10: 3 | B10: ဂိုထောင်ဆောက်
B11: 1 | C11: ဝါး | D11: 250 | E11: 1650 | F11: =E11*D11 -> 412500
B12: 2 | C12: မျော | D12: 11 | E12: 8000 | F12: =E12*D12 -> 88000
B13: 3 | C13: သံဖိနပ် | D13: 11 | E13: 14545 | F13: =E13*D13 -> 159995
B14: 4 | C14: ထရံလိပ် | D14: 17 | E14: 30000 | F14: =E14*D14 -> 510000
B15: 5 | C15: ဝါးကဒ် | D15: 16 | E15: 18000 | F15: =E15*D15 -> 288000
B16: 6 | C16: မြောက်မြီးမြောက်လက် | D16: 1 | E16: 3500 | F16: =E16*D16 -> 3500
B17: 7 | C17: ပတ္တာ | D17: 3 | E17: 2500 | F17: =E17*D17 -> 7500
B18: 8 | C18: သဲ | D18: 3 | E18: 10000 | F18: =E18*D18 -> 30000
B19: 9 | C19: 3"X1" (5') | D19: 50 | E19: 250 | F19: =E19*D19 -> 12500
B20: 10 | C20: 3"X1" (12') | D20: 12 | E20: 250 | F20: =E20*D20 -> 3000
B21: 11 | C21: 3"X1" (8') | D21: 161 | E21: 500 | F21: =E21*D21 -> 80500
B22: 12 | C22: 4" | D22: 2 | E22: 7100 | F22: =E22*D22 -> 14200
... B26: 16 | C26: 18G | D26: 4 | E26: 6300 | F26: =E26*D26 -> 25200
B27: 17 | C27: Labour | F27: 400000
B28: 18 | C28: Labour 18000x2 | F28: 36000
F29: =SUM(F11:F28) -> 2108525
C31: အောင်စေတနာ | D31: 34 | E31: 43 | F31: =E31*D31 -> 1462
A32: 1 | B32: ပတ်တန်းရိုက်
B33: 1 | C33: ဆေးဖြူမှုန့်/တာပင်တိုင်(ရာဇမတ်ကွက်သုတ်ရန်) | F33: =$F$31*F3/$F$1 -> 56474.971
B34: 2 | C34: 3"x1" (12') | F34: =$F$31*F4/$F$1 -> 135807.27
B35: 3 | C35: 2.5" Nail | F35: =$F$31*F5/$F$1 -> 3558.9257
B36: 4 | C36: 1.5" Nail | F36: =$F$31*F6/$F$1 -> 3558.9257
B37: 5 | C37: 2.5" Nail | F37: =$F$31*F7/$F$1 -> 13366.857
F38: =SUM(F33:F37) -> 212766.95
A39: 2 | B39: သန့်ရှင်းရေး | F39: =F31*F9/F1 -> 167085.71
A40: 3 | B40: ဂိုထောင်ဆောက် | F40: =F31*F29/F1 -> 3523044.1
F41: =SUM(F38:F40) -> 3902896.7
